state,code,name,zone,address,geometry_type,coordinates
Rajasthan,BDHL,Badhal,NWR,"Kishangarh Renwal, Rajasthan",Point,"[75.4516454, 27.2520587]"
,XX-BECE,XX-BECE,,,,
,XX-BSPY,XX-BSPY,,,,
,YY-BPLC,YY-BPLC,,,,
Uttar Pradesh,KHH,KICHHA,NER,"Kichha, Uttar Pradesh",Point,"[79.519746, 28.913427000000002]"
Rajasthan,SRKN,Sherekan,NWR,"MDR 89, Rajasthan",Point,"[74.43499088287354, 29.55519806064484]"
Rajasthan,BKKA,Bhukarka,NWR,"Bhukarka, Rajasthan",Point,"[74.75103096105158, 29.238227312503696]"
Rajasthan,NHR,Nohar,NWR,"State Highway 36, Rajasthan",Point,"[74.77362781763077, 29.192562738768984]"
Tamil Nadu,PRGD,Perungudi,SR,"Chennai, Tamil Nadu",Point,"[80.231363, 12.975217]"
Haryana,KNNA,Khinaniyan,NWR,"State Highway 23, Haryana",Point,"[74.7179570607841, 29.345637263205944]"
,JKR,JAULKHERA,,,Point,"[78.216684, 21.838466]"
,BYS,BARSALI,,,Point,"[78.03136099999999, 21.909813]"
,GW,GIRWAR,,,Point,"[78.936311, 23.838185999999997]"
,DGD,DANGIDHAR,,,Point,"[79.019912, 23.871771000000003]"
Madhya Pradesh,DOD,DHODHAR,WR,"Dhodar, Madhya Pradesh",Point,"[75.10354600000001, 23.770740999999997]"
,GAJ,GANESHGANJ,,,Point,"[79.074633, 23.895862]"
West Bengal,JNM,Jayanagar Majilpur Halt,ER,"Jaynagar, West Bengal",Point,"[88.415324, 22.168635]"
Rajasthan,NSD,NASIRABAD,NWR,"Nasirabad, Rajasthan",Point,"[74.71699100000001, 26.294459999999997]"
,PHA,PATHARIA,,,Point,"[79.192899, 23.905726]"
Andhra Pradesh,NZB,NIZAMABAD,SCR,"Nizamabad, Andhra Pradesh",Point,"[78.103238, 18.679164999999998]"
,RJO,RAJENDRA PUL,,,Point,"[86.01054599999999, 25.387446999999998]"
Tamil Nadu,ADT,ADUTURAI,SR,"Aduthurai, Tamil Nadu",Point,"[79.478668, 11.009165]"
Tamil Nadu,KMU,KUMBAKONAM,SR,"Kumbakonam, Tamil Nadu",Point,"[79.388644, 10.952962]"
Tamil Nadu,MNM,MANAMADURAI JN,SR,"Sivaganga, Tamil Nadu",Point,"[78.45351, 9.681538999999999]"
,GKP,GORAKHPUR JN,,,Point,"[83.381499, 26.759311]"
,BJUP,BJUP,,,,
,VRM,VARNAMA,,,Point,"[73.16928300000001, 22.184274000000002]"
,GKC,GORAKHPUR CANT,,,Point,"[83.416821, 26.750649]"
,ITA,ITOLA,,,Point,"[73.156746, 22.149889]"
,CIKA,CIKA,,,,
,XX-CPHO,XX-CPHO,,,,
Uttar Pradesh,BTU,BARAUT,NR,"Baraut, Uttar Pradesh",Point,"[77.273006, 29.09692]"
Punjab,MOGA,Moga,NR,"Moga, Punjab",Point,"[75.16846699999999, 30.817296]"
,SIOB,SAMAKHIALI JN,,,Point,"[70.503394, 23.309819]"
,LLHW,LLHW,,,,
Rajasthan,RDK,Rasheedpura Khori,NWR,"MDR 87, Rajasthan",Point,"[75.087121, 27.713786000000002]"
,PVD,PEDDAVADIAPUDI,,,Point,"[80.612645, 16.414205000000003]"
,YLM,ELLAMANCHILI,,,Point,"[82.85262, 17.553652000000003]"
,CHPT,Chatrappatti,,,Point,"[77.655113, 10.476970999999999]"
,JLD,JARWAL ROAD,,,Point,"[81.540406, 27.120389]"
,BRJN,BRAJRAJNAGAR,,,Point,"[83.923653, 21.822718000000002]"
,CLJ,COLONELGANJ,,,Point,"[81.69417800000001, 27.137698]"
,KTHL,KATHOLA,,,Point,"[81.8556626477, 27.1465555756]"
,MND,MUNDERWA,,,Point,"[82.903373, 26.776435]"
Maharashtra,SNSI,SAINAGAR SHIRDI,CR,"Near New Bus Stand Shirdi Sainagar, Maharashtra",Point,"[74.4806877, 19.780792299999998]"
Gujarat,DLJ,DHOLA JN,WR,"Dhola, Gujarat",Point,"[71.738273, 21.822549000000002]"
,PGW,PHAGWARA JN,,,Point,"[75.7655019775, 31.217555749800002]"
,YY-BINP,YY-BINP,,,,
Rajasthan,JUP,Jhunpa,?,"NH 65, Rajasthan",Point,"[75.521553, 28.777449]"
,XX-JSGB,XX-JSGB,,,,
,JSG,JHARSUGUDA JN,,,Point,"[84.017427, 21.862274]"
,KYW,KARCHHUE,,,Point,"[84.20715351199999, 26.2311244405]"
,MHRN,MAHENDRANATH,,,Point,"[84.509909, 26.000739]"
,TKVR,TAPPA KHAJURIAY,,,Point,"[84.688889, 25.807401000000002]"
,DPI,DODDAMPATTI,,,Point,"[78.42225009, 12.18134581]"
,SREE,SREE,,,,
Rajasthan,AQG,ASHAPURA GOMAT,NWR,"National Highway 15, Rajasthan",Point,"[71.892665, 26.950232]"
,NEA,NEYKKARAPATTI,,,Point,"[78.09669699999999, 11.612765]"
,GRL,GORAUL,,,Point,"[85.318477, 25.931048999999998]"
,DKJC,DKJC,,,,
,KHI,KURHANI,,,Point,"[85.339288, 25.979631]"
,VNJ,TIRUPPUR VANJIPALAYAM,,,Point,"[77.26580200000001, 11.117790999999999]"
,CBF,COIMBATORE NORTH,,,Point,"[76.954304, 11.019937]"
,UMB,AMBALA CANT JN,,,Point,"[76.826966, 30.338918]"
,SRO,SIRATHU,,,Point,"[81.31786, 25.650642]"
,SJT,SHUJAATPUR,,,Point,"[81.401934, 25.605607000000003]"
,BDNP,BIDANPUR,,,Point,"[81.44201699999999, 25.585017]"
Rajasthan,MTPC,MOTIPURA CHAUKI,WCR,"Motipura, Rajasthan",Point,"[77.04829951629999, 24.6093382288]"
,HTZ,HATHIDAH JN,,,Point,"[85.987826, 25.367027]"
,TSKG,TINSUKIA GOODS,,,,
Assam,DDNI,DUDHNOI,NFR,"Dudhnoi Railway Station, Assam",Point,"[90.76188, 26.001459]"
,RDE,RUNDHI,,,Point,"[77.350991, 28.067751]"
Uttar Pradesh,IJ,ITAUNJA,NER,"Itaunja, Uttar Pradesh",Point,"[80.89123400000001, 27.081066999999997]"
Rajasthan,RMX,Ramsar,NWR,"Barmer, Rajasthan",Point,"[70.866078, 25.722252]"
Uttar Pradesh,PBE,PILIBHIT JN,NER,"Pilibhit, Uttar Pradesh",Point,"[79.813946, 28.614977999999997]"
Rajasthan,RMB,Rampura Beri,NWR,"Rampura Bhal, Rajasthan",Point,"[75.64547982849999, 28.5301320576]"
,MGS,MUGHAL SARAI JN,,,Point,"[83.11925000000001, 25.278149]"
Rajasthan,RSWT,Ramgarh Shekhawati,NWR,"Ramgarh, Rajasthan",Point,"[74.993046, 28.169397]"
,BKNA,BAKAINA HALT,,,Point,"[78.27473099999999, 29.035800000000002]"
,HBD,HOSHANGABAD,,,Point,"[77.715594, 22.75274]"
,ANA,ASLANA,,,Point,"[79.319493, 23.860522]"
,BNI,BUDNI,,,Point,"[77.6812826, 22.7871143]"
,YY-IDHW,YY-IDHW,,,,
Assam,DMGN,DHAMALGAON,NFR,"A T Rd, Assam",Point,"[94.85656900000001, 27.325566]"
Andhra Pradesh,LKPL,LAKDIKAPUL,SCR,"Hyderabad, Andhra Pradesh",Point,"[78.463527, 17.404048000000003]"
Madhya Pradesh,BRUD,BARUD,WCR,"Khandwa, Madhya Pradesh",Point,"[76.814085, 22.052142]"
,DVL,DEVLALI,,,Point,"[73.83729, 19.897509]"
,JRTR,Jurtara,,,Point,"[79.76127199999999, 22.253004999999998]"
Madhya Pradesh,REWA,REWA,WCR,"Rewa, Madhya Pradesh",Point,"[81.250615, 24.537122]"
Gujarat,DOK,DHOLKA,WR,"Bagodara Dholka, Gujarat",Point,"[72.433842, 22.731982]"
,NDR,NANDESARI,,,Point,"[73.0952734283, 22.418331636999998]"
,MYG,MIYAGAM KARJAN,,,Point,"[73.120353, 22.050722]"
Uttar Pradesh,MBA,MAHOBA,NCR,"Junction Point - Khajuraho, Uttar Pradesh",Point,"[79.849079, 25.306914]"
Madhya Pradesh,JGZ,Jamgaon,SECR,"Bamhani, Madhya Pradesh",Point,"[80.198945, 22.418426]"
,BHKH,BAGHOI KUSA,,,Point,"[84.46243313289999, 24.8399006513]"
Uttar Pradesh,NOLI,NOLI,NR,"Ghaziabad, Uttar Pradesh",Point,"[77.31077099999999, 28.746571]"
Uttar Pradesh,SUJR,SUJRA,NR,"State Highway 57, Uttar Pradesh",Point,"[77.26134099999999, 29.012729]"
Gujarat,AMOD,Amod,WR,"Amod, Gujarat",Point,"[72.86546467803419, 21.990791167399735]"
,LKD,LAKODARA,,,Point,"[73.09899399999999, 21.991872]"
Gujarat,VKL,Vankal,WR,"SH 166, Gujarat",Point,"[73.23136643506587, 21.439673931772646]"
Maharashtra,BY,BYCULLA,CR,"Mumbai, Maharashtra",Point,"[72.833211, 18.97695]"
,BNR,BHAGWANPUR,,,Point,"[85.30109021000001, 25.858316719999998]"
Tamil Nadu,KTY,Kotturu,SWR,"Kothur Rd, Tamil Nadu",Point,"[76.21354088187218, 14.826788325296278]"
Assam,BLMR,Bhalukmara,NFR,"Bhalukmara, Assam",Point,"[94.143709, 26.685532]"
Maharashtra,ANJ,Anjangaon,CR,"Anjangaon, Maharashtra",Point,"[77.31896504759789, 21.163199753077336]"
West Bengal,DEB,Debagram,ER,"Debagram, West Bengal",Point,"[88.306807, 23.685277]"
Maharashtra,ELP,Achalpur,CR,"Dist. Amravati, Maharashtra",Point,"[77.51926277764142, 21.27760302246017]"
West Bengal,BTY,Bethuadahari,ER,"Bethuadahari, West Bengal",Point,"[88.384597, 23.610275]"
Maharashtra,WARUD,Warud,CR,"Wardha, Maharashtra",Point,"[78.65141943097115, 20.74690547756532]"
,BVAC,BVAC,,,,
,BVBC,BVBC,,,,
Tamil Nadu,VLKN,Velankanni,?,"Velankanni, Tamil Nadu",Point,"[79.84618068672717, 10.686877168293023]"
Andhra Pradesh,PCU,PUTLACHERUVU,SCR,"Putlacheruvu, Andhra Pradesh",Point,"[81.112395, 16.484823]"
,BNPT,BENNIPATTI PIRAPUR,,,Point,"[85.3090478906, 25.892949366]"
,JM,JALAMB JN,,,Point,"[76.573236, 20.813007000000002]"
Andhra Pradesh,GPJ,Gorapur,ECoR,"Jeypore Rd, Andhra Pradesh",Point,"[82.79406, 18.346936]"
,ABEO,Pattaravakkam,SR,,Point,"[80.16618146561086, 13.114499981582952]"
,SEG,SHEGAON,,,Point,"[76.690331, 20.801724]"
Madhya Pradesh,GDU,Gudru Halt,SECR,"Lamta, Madhya Pradesh",Point,"[80.1163395764, 22.2718946035]"
West Bengal,BGNA,Balgona,ER,"Balgona, West Bengal",Point,"[87.95045644976199, 23.458049719226736]"
West Bengal,KLNP,Kalinarayanpur,ER,"Ranaghat-Bagula Bypass, West Bengal",Point,"[88.573216, 23.206506]"
,NGZ,S K NAGJIHARI,,,Point,"[76.755353, 20.761640999999997]"
,PS,PARAS,,,Point,"[76.815865, 20.724519]"
West Bengal,BRDB,Barda,SER,"Sutahata, West Bengal",Point,"[88.08753041, 22.15295838]"
,GAO,GAIGAON,,,Point,"[76.890093, 20.720684]"
,RRL,REWRAL,,,Point,"[79.468096, 21.261121]"
,KHAT,KHAT,,,Point,"[79.550792, 21.242242]"
,BRD,BHANDARA ROAD,,,Point,"[79.64752299999999, 21.238512]"
,KOKA,KOKA,,,Point,"[79.71240900000001, 21.263021]"
,DAO,DAGHORA,,,Point,"[83.678086, 21.857535000000002]"
,HGR,HEMAGIRI,,,Point,"[83.742815, 21.876503999999997]"
Madhya Pradesh,NIR,Nainpur Junction,SECR,"Nainpur, Madhya Pradesh",Point,"[80.108853, 22.425676]"
Assam,NCH,NAKACHARI,NFR,"Mariani, Assam",Point,"[94.3939129431, 26.7081333353]"
West Bengal,APDJ,ALIPUR DUAR JN,NFR,"03564-255091, West Bengal",Point,"[89.534048, 26.523279]"
,BRE,BHARWARI,,,Point,"[81.4918665, 25.5591917]"
West Bengal,JTK,Jhitkia,NFR,"National Highway 34, West Bengal",Point,"[88.05297200000001, 25.626133]"
,MNJ,MANOHARGANJ,,,Point,"[81.55907499999999, 25.524992]"
,SYWN,SAIYID SARAWAN,,,Point,"[81.613788, 25.494982]"
,MRE,MANAURI,,,Point,"[81.662491, 25.470171]"
,BMU,BAMHRAULI,,,Point,"[81.741641, 25.44494]"
,SFG,SUBEDARGANJ,,,Point,"[81.789897, 25.439879]"
,KLX,KOLAKALUR,,,Point,"[80.627521, 16.295185999999998]"
,CLVR,CHILUVUR,,,Point,"[80.61690800000001, 16.379558]"
,KVR,KOVVUR,,,Point,"[81.726495, 17.007084]"
,GVN,GODAVARI,,,Point,"[81.77083, 17.007707]"
,KJKD,KANJIKODE,,,Point,"[76.75531600000001, 10.800919]"
West Bengal,SNKR,Sanka,SER,"Garh Dhrubeswar, West Bengal",Point,"[86.616164, 23.52693]"
Madhya Pradesh,VNK,Binaiki,SECR,"Binaiki Railway Station, Madhya Pradesh",Point,"[79.902424, 22.72003]"
West Bengal,GCN,Gocharan,ER,"Gocharan, West Bengal",Point,"[88.45836999999999, 22.277738]"
Madhya Pradesh,SEY,Seoni,SECR,"Seoni, Madhya Pradesh",Point,"[79.545769, 22.075431]"
West Bengal,SDMD,Sudamdih,SER,"Jairampur More to Baliapur, West Bengal",Point,"[86.44032, 23.654478]"
,PCLS,PCLS,,,,
,BJU,BARAUNI JN,,,Point,"[85.988748, 25.461768000000003]"
,DMO,DAMOH,,,Point,"[79.432246, 23.836693]"
,ADD,ADAS ROAD,,,Point,"[73.0346944543, 22.486628078200003]"
Gujarat,CLC,Chalala,WR,"Chalala, Gujarat",Point,"[71.16224249999999, 21.4155588]"
,RNO,RANOLI,,,Point,"[73.1122662115, 22.405252095399998]"
Rajasthan,HP,HARIPUR,NWR,"Pali, Rajasthan",Point,"[74.024928, 26.012397]"
Tripura,KUGT,Kumarghat,NFR,"Kumarghat, Tripura",Point,"[92.0348331158, 24.1506303119]"
Maharashtra,AWB,AURANGABAD,SCR,"Aurangabad, Maharashtra",Point,"[75.31064599999999, 19.859276]"
Andhra Pradesh,BNL,BEVINAHALU,SCR,"Rayalaseema Region, Andhra Pradesh",Point,"[77.21298975, 15.16697376]"
,VMC,VMC,,,,
Gujarat,SMNH,SOMNATH,WR,"Somnath, Gujarat",Point,"[70.408254, 20.896131999999998]"
Tamil Nadu,CUPJ,CUDDALORE PORT,SR,"Cuddalore Township, Tamil Nadu",Point,"[79.766287, 11.715119]"
,PLJ,PALEJ,,,Point,"[73.072387, 21.921578]"
Rajasthan,GOLE,GOLE,NWR,"National Highway 112, Rajasthan",Point,"[72.00004, 25.891938]"
,BDX,BDX,,,,
,TRO,TIRORA,,,Point,"[79.91803499999999, 21.415039]"
,JMG,JAMGA,,,Point,"[83.564842, 21.874971000000002]"
,JMSY,JMSY,,,,
,AHLR,AHALYAPUR,,,Point,"[83.824844, 26.468381]"
,TEL,TENALI JN,,,Point,"[80.640413, 16.242409000000002]"
Andhra Pradesh,TAT,Tummanamgutta,SCR,"Chennai - Anantpur Rd, Andhra Pradesh",Point,"[78.37926300000001, 13.707414]"
,CU,CHAGALLU,,,Point,"[81.690558, 16.965076999999997]"
,PSDA,PASIVEDALA,,,Point,"[81.700939, 16.99331]"
Rajasthan,MBGA,Marwar Bagra,NWR,"SH 31, Rajasthan",Point,"[72.59376099999999, 25.208689]"
Rajasthan,JNE,JANIYANA,NWR,"State Highway 68, Rajasthan",Point,"[72.336284, 25.827638]"
Rajasthan,SMR,SAMDHARI JN,NWR,"Barmer, Rajasthan",Point,"[72.57300699999999, 25.837202]"
Rajasthan,SUT,SUTLANA,NWR,"Dundara, Rajasthan",Point,"[72.951414, 25.970783]"
Gujarat,PBR,PORBANDAR,WR,"Porbandar, Gujarat",Point,"[69.615506, 21.643597999999997]"
Karnataka,CKVD,Chikkandawadi,SWR,"Chikkandawadi, Karnataka",Point,"[76.2025684888, 14.137920273699999]"
Rajasthan,BHG,Bhaton Ki Gali,NWR,"Chomun, Rajasthan",Point,"[75.712919, 27.105646]"
Rajasthan,HMO,Hanumangarh Town,NWR,"Hanumangarh, Rajasthan",Point,"[74.33120188303292, 29.574220545495677]"
,SANR,SARDARNAGAR,,,Point,"[83.494054, 26.700858999999998]"
Jharkhand,GRD,Giridih,ER,"Giridih, Jharkhand",Point,"[86.3146452, 24.182255899999998]"
,CC,CHAURI CHAURA,,,Point,"[83.545894, 26.673882]"
,KMPT,KOMATIPALLI,,,Point,"[79.5158922174, 18.023547297]"
,HSP,HASANPARTHI RD,,,Point,"[79.50184999999999, 18.078262]"
Rajasthan,GGY,Gagariya,NWR,"State Highway 40, Rajasthan",Point,"[70.734877, 25.741083]"
,NNPR,NONAPAR,,,Point,"[83.969786, 26.353209]"
,MW,MAIRWA,,,Point,"[84.151979, 26.240309]"
,KUY,TIRUPPUR KULIPALAYAM,,,Point,"[77.3893135876, 11.1440279246]"
,PLL,PARLI,,,Point,"[76.559421, 10.800415]"
Tripura,AGTL,Agartala,NFR,"Agartala, Tripura",Point,"[91.278481, 23.792417]"
,MNY,MANKARAI,,,Point,"[76.500232, 10.771526]"
,LDY,LAKKITI,,,Point,"[76.434467, 10.753217]"
,PLPM,PALAPPURAM,,,Point,"[76.398385813, 10.7525187905]"
,OTP,OTTAPPALAM,,,Point,"[76.377993, 10.770046]"
,MNUR,MANNANUR,,,Point,"[76.323555, 10.749322]"
,ZRDE,JIRADEI,,,Point,"[84.256142, 26.220819]"
,SV,SIWAN JN,,,Point,"[84.359267, 26.210724000000003]"
,PCK,PACHRUKHI,,,Point,"[84.415667, 26.162627999999998]"
,DDA,DURAUNDHA JN,,,Point,"[84.45894600000001, 26.086973]"
,CW,CHAINWA,,,Point,"[84.49649600000001, 26.022117]"
Rajasthan,POK,POKRAN,NWR,"National Highway 15, Rajasthan",Point,"[71.923129, 26.930571]"
Rajasthan,OCH,ODHANIYA CHACHA,NWR,"National Highway 15, Rajasthan",Point,"[71.718687, 26.972848]"
,EKMA,EKMA,,,Point,"[84.53637, 25.967099]"
,DDP,DAUDPUR,,,Point,"[84.591425, 25.90709]"
,KPS,KOPA SAMHOTA,,,Point,"[84.65281399999999, 25.851866]"
,BTHL,BITHAULI,,,Point,"[85.29179, 25.817069]"
,GB,GAURI BAZAR,,,Point,"[83.667801, 26.594934000000002]"
,BALR,BAITALPUR,,,Point,"[83.7385572, 26.5526634]"
,DEOS,DEORIA SADAR,,,Point,"[83.7819590961, 26.5076811676]"
,NRA,NUNKHAR,,,Point,"[83.880179, 26.425483]"
,AGMN,Agomoni,,,Point,"[89.786242, 26.225947]"
,BND,BHANDUP,,,Point,"[72.93723505, 19.14200998]"
,ASR,AMRITSAR JN,,,Point,"[74.858025, 31.631511999999997]"
,MUC,MULLURKARA,,,Point,"[76.271415, 10.705843]"
,WKI,WADAKANCHERI,,,Point,"[76.237041, 10.648956]"
Rajasthan,SOG,SURATGARH JN,NWR,"National Highway 15, Rajasthan",Point,"[73.90724800000001, 29.324152]"
Maharashtra,SNV,Sondad,SECR,"National Highway 6, Maharashtra",Point,"[80.094149, 21.079845]"
Rajasthan,QMRS,Kayamsar,NWR,"State Highway 41, Rajasthan",Point,"[75.000562, 28.125576]"
Karnataka,AYB,Aliyabad,SWR,"Bijapur, Karnataka",Point,"[75.758306, 16.878268000000002]"
Rajasthan,MBF,Munabao,NWR,"Barmer, Rajasthan",Point,"[70.276543, 25.742614]"
Orissa,CLDR,Chilikidara,ECoR,"Orissa, Orissa",Point,"[85.827112, 21.243022]"
Rajasthan,KLYT,Kolayat,NWR,"Kolayat, Rajasthan",Point,"[72.95507400000001, 27.835319]"
West Bengal,CLD,CHALSA JN,NFR,"Chalsa, West Bengal",Point,"[88.798213, 26.882215]"
West Bengal,CRX,CARRON,NFR,"National Highway 31C, West Bengal",Point,"[88.9704, 26.880279]"
,ETF,ITARSI F CABIN,,,Point,"[77.774856, 22.61521]"
Jharkhand,CNPI,Chandanpahari,ER,"Chandanpahari, Jharkhand",Point,"[86.953082, 24.404224]"
,MIG,MIDGHAT,,,Point,"[77.647526, 22.828141000000002]"
,BNU,BANDAKPUR,,,Point,"[79.575956, 23.848205999999998]"
Rajasthan,COD,Chhota Gudha,NWR,"Ringas, Rajasthan",Point,"[75.599508, 27.293803]"
,CHQ,CHOKA,,,Point,"[77.638968, 22.864326000000002]"
,MB,MORADABAD,,,Point,"[78.765801, 28.831621000000002]"
Haryana,IRA,ISRANA,NR,"Israna, Haryana",Point,"[76.85285999999999, 29.291379]"
,KRCA,KARACHIYA YARD,,,Point,"[73.132981, 22.380046]"
,BJW,BAJVA,,,Point,"[73.1431251, 22.3662226]"
Tamil Nadu,CLN,KOLLIDAM,SR,"Vallampadugai, Tamil Nadu",Point,"[79.718347, 11.332713]"
,OSHI,OSHI,,,,
Rajasthan,CNA,CHANDERIYA,WR,"Chittorgarh, Rajasthan",Point,"[74.629979, 24.939557999999998]"
Uttar Pradesh,CRC,CHARKHARI ROAD,NCR,"Charkhari, Uttar Pradesh",Point,"[79.74565299999999, 25.307555999999998]"
,BTT,BHATNI JN,,,Point,"[83.934035, 26.381257]"
West Bengal,CSZ,Cossimbazar,ER,"Berhampore, West Bengal",Point,"[88.266903, 24.122264]"
,VRE,VAREDIYA,,,Point,"[73.048979, 21.85838]"
,NIU,NABIPUR,,,Point,"[73.030592, 21.807541]"
,KTTY,KTTY,,,,
,CVJ,CHAVAJ,,,Point,"[73.010489, 21.753134000000003]"
,AKV,ANKLESHWAR JN,,,Point,"[73.000633, 21.623889]"
Assam,CNE,CHANDRANATHPUR,NFR,"National Highway 54, Assam",Point,"[92.71665800000001, 24.984962]"
,PAO,PANOLI,,,Point,"[72.978371, 21.535197]"
Rajasthan,CNL,CHANDAWAL,NWR,"Pali, Rajasthan",Point,"[73.86881457700001, 25.946542716]"
Rajasthan,BFY,BHESANA,NWR,"Marwar, Rajasthan",Point,"[73.7180903, 25.82438]"
,HAT,HATHURAN,,,Point,"[72.969512, 21.501091000000002]"
Karnataka,COL,Coromandel,SWR,"KGF, Karnataka",Point,"[78.257278, 12.97518]"
,KDSD,KUDSAD,,,Point,"[72.91647999999999, 21.37682]"
,SYN,SAYAN,,,Point,"[72.890287, 21.317203]"
Uttar Pradesh,MQP,Makrandpur,NER,"Aonla- Bareilly Link Rd, Uttar Pradesh",Point,"[79.290097, 28.213407]"
,GTX,GOTHANGAM,,,Point,"[72.880104, 21.294043]"
,MGK,MULANGUNNATHUKAVU,,,Point,"[76.207809, 10.596938999999999]"
Delhi NCT,CNKP,CHANAKYAPURI,NR,"Chanakyapuri, Delhi NCT",Point,"[77.172004, 28.591905]"
,URN,UTRAN,,,Point,"[72.85479600000001, 21.232602]"
,ST,SURAT,,,Point,"[72.840793, 21.206568]"
,UDN,UDHNA JN,,,Point,"[72.851461, 21.171156]"
,VRU,VALIVERU,,,Point,"[80.605456, 16.188934]"
,MRPL,MARAMPALLI,,,Point,"[81.63387399999999, 16.843925]"
,NDD,NIDADAVOLU JN,,,Point,"[81.67550399999999, 16.898297]"
,GDM,GUDMA,,,Point,"[80.287678, 21.416128]"
,BEF,BHUPDEOPUR,,,Point,"[83.25998102000001, 21.975035039999998]"
,RIG,RAIGARH,,,Point,"[83.39067, 21.891288999999997]"
,KRL,KOTARLIA,,,Point,"[83.482238, 21.883182]"
Tamil Nadu,CTND,Chettinad,SR,"Kanadukathan, Tamil Nadu",Point,"[78.775924, 10.160613]"
Uttar Pradesh,SEPR,SHERPUR,NR,"State Highway 51, Uttar Pradesh",Point,"[78.25287, 28.919358]"
Gujarat,NVS,NAVSARI,WR,"Navsari, Gujarat",Point,"[72.914294, 20.946851]"
Punjab,JBD,Jalalabad,NR,"Jalalabad, Punjab",Point,"[74.268446, 30.60775]"
West Bengal,DDM,DAM DIM,NFR,"National Highway 31, West Bengal",Point,"[88.67133299999999, 26.859243000000003]"
Gujarat,COE,CHITROD,WR,"Kutch, Gujarat",Point,"[70.655356, 23.417869]"
Rajasthan,COM,Chomun Samod,NWR,"Chomun, Rajasthan",Point,"[75.70272, 27.158223]"
Haryana,DKT,DHULKOT,NR,"Ambala City, Haryana",Point,"[76.78753499999999, 30.395686]"
,KUW,KANWAR,,,Point,"[81.21464405030001, 25.7036520692]"
,CDMR,CHANDAULI MJHWR,,,Point,"[83.267724, 25.261093]"
,IGPX,IGPX,,,,
,KGA,KHAGA,,,Point,"[81.102658, 25.761853]"
,KTCE,KATOGHAN,,,Point,"[81.16560600000001, 25.730035]"
,ASCE,ATHSARAI,,,Point,"[81.2620300824, 25.678728805000002]"
Karnataka,CRLM,Carmelaram,SWR,"Bengaluru, Karnataka",Point,"[77.706014, 12.907633]"
Goa,CNR,CHANDAR,SWR,"CHANRA (chandor), Goa",Point,"[74.047794, 15.264834]"
Andhra Pradesh,CMDP,Chimidipalli,ECoR,"Borra, Andhra Pradesh",Point,"[83.07686199999999, 18.262764]"
,BDL,VINDHYACHAL,,,Point,"[82.5020212, 25.160771699999998]"
,TSA,TISUA,,,Point,"[79.58628900000001, 28.136577]"
Gujarat,TAS,Thasra,WR,"National Highway 59, Gujarat",Point,"[73.221682, 22.797769]"
,GHT,GHAGHARA GHAT,,,Point,"[81.5033135022, 27.1026834977]"
,BV,BABHNAN,,,Point,"[82.500127, 26.938525000000002]"
Uttar Pradesh,CLW,Chilwariya,NER,"Bahraich, Uttar Pradesh",Point,"[81.69873199999999, 27.487001000000003]"
,OKAC,OKAC,,,,
,GAUR,GAUR,,,Point,"[82.56115799999999, 26.913411]"
,TH,TINICH,,,Point,"[82.639707, 26.882281000000003]"
,BHTR,BHATPAR RANI,,,Point,"[84.03310139999999, 26.3104766]"
,TUR,TURKI,,,Point,"[85.354709, 26.034431]"
,RD,RAM DAYALU NAGAR,,,Point,"[85.38359600000001, 26.097367]"
,BTO,BHITAURA,,,Point,"[79.306506, 28.469954]"
,PKRA,PARSA KHERA,,,Point,"[79.34185199999999, 28.433371]"
,CHTI,CHANETI,,,Point,"[79.42916573, 28.3087958495]"
,BLPU,BILPUR,,,Point,"[79.62578099999999, 28.083668]"
,MK,MIRANPUR KATRA,,,Point,"[79.674809, 28.03708]"
,MILA,MILAKPUR HALT,,,Point,"[79.71796182739999, 27.988261374]"
,TLH,TILHAR,,,Point,"[79.741776, 27.972984]"
Kerala,CQL,CHIRAKKAL,SR,"Kannur district, Kerala",Point,"[75.353696, 11.911049]"
,PNQ,PUNKUNNAM,,,Point,"[76.20943, 10.535053999999999]"
,TCR,THRISUR,,,Point,"[76.207919, 10.514790000000001]"
Karnataka,CMNR,CHAMARAJANAGAR,SWR,"Chamarajnagar, Karnataka",Point,"[76.932807, 11.934891]"
Karnataka,CMJ,CHAMARAJAPURAM,SWR,"Mysore, Karnataka",Point,"[76.637861, 12.29844]"
,BKA,BARKHERA,,,Point,"[77.649646, 22.917359]"
,ODG,OBAIDULLA GANJ,,,Point,"[77.587299, 22.994912]"
Gujarat,ACL,ANCHELI,WR,"Navsari, Gujarat",Point,"[72.944978, 20.845167]"
Gujarat,CVR,CHORVAD ROAD,WR,"Gadu, Gujarat",Point,"[70.290734, 21.055196000000002]"
Maharashtra,CTH,CHIKALTHANA,SCR,"Aurangabad, Maharashtra",Point,"[75.402851, 19.859565]"
Uttar Pradesh,BTKD,BHARATKUND,NR,"Bikapur, Uttar Pradesh",Point,"[82.12739309999999, 26.6360965]"
Punjab,DHW,Dhariwal,NR,"Dhariwal, Punjab",Point,"[75.32156499999999, 31.949113]"
,SAI,SARAI,,,Point,"[85.27660900000001, 25.779962]"
Orissa,CPE,Chandiposi,SER,"National Highway 23, Orissa",Point,"[84.915988, 22.068676999999997]"
Maharashtra,CRU,CHUDAWA,SCR,"Hingoli, Maharashtra",Point,"[77.1169303369, 19.1803282622]"
Assam,DBB,DHUBRI,NFR,"Dhubri, Assam",Point,"[89.977952, 26.023137000000002]"
,PNP,PANIPAT JN,,,Point,"[76.96379300000001, 29.388948]"
Uttar Pradesh,CPS,CHANDPUR SIAU HALT,NR,"Chandpur, Uttar Pradesh",Point,"[78.27585499999999, 29.13201]"
Gujarat,CX,CHANOL,WR,"State Highway 25, Gujarat",Point,"[70.53884199999999, 22.427916]"
Bihar,CSR,CHAK SIKANDAR,ECR,"Chak Sikander, Bihar",Point,"[85.365246145, 25.6767202377]"
Bihar,CRQ,Charpokhari Halt,ECR,"Charpokhari, Bihar",Point,"[84.487603186, 25.3615157718]"
,VNA,VARANGAON,,,Point,"[75.9006577881, 21.0097131944]"
Bihar,DAG,DHANG,ECR,"Bhang, Bihar",Point,"[85.353298, 26.7174]"
Haryana,CRW,Charaud,NWR,"National Highway 65, Haryana",Point,"[75.6466632, 29.0094584]"
,BTL,BORTALAO,,,Point,"[80.626207, 21.218301]"
,KHS,KHARSIA,,,Point,"[83.102414, 21.99178]"
,ROB,ROBERTSON,,,Point,"[83.182508, 21.988744]"
Assam,CPK,CHAPARMUKH JN,NFR,"Chaparmukh, Assam",Point,"[92.511718, 26.202272]"
Punjab,CTW,Chhintanwala,NR,"Sherpur Sodhian Link Rd, Punjab",Point,"[76.014229, 30.365958000000003]"
Karnataka,CTA,Chitradurg,SWR,"Chitradurga, Karnataka",Point,"[76.386431, 14.231154]"
Gujarat,AAV,Ambav,WR,"Ambav, Gujarat",,
,MDKU,MODUKURU,,,Point,"[80.58380799999999, 16.124988000000002]"
,TSR,TSUNDURU,,,Point,"[80.58648699999999, 16.157497]"
,NBM,NAVABPALEM,,,Point,"[81.606702, 16.831606]"
,NMBR,N MAYURBHANJ ROAD,,,Point,"[87.038724, 21.666901]"
,BTS,BASTA,,,Point,"[87.0637831, 21.7029241]"
Gujarat,CTD,Chhota Udepur,WR,"Vadodara, Gujarat",Point,"[74.014286, 22.314788]"
Assam,DBY,Digboi,NFR,"Tinsukia, Assam",Point,"[95.61698200000001, 27.383483]"
Maharashtra,CWI,CHONDI,SCR,"Parbhani, Maharashtra",Point,"[77.1556666229, 19.430619765]"
Karnataka,CSDR,CHANNASANDRA,SWR,"Bengaluru, Karnataka",Point,"[77.6629705685, 13.010940720799999]"
,PGT,PALAKKAD,,,Point,"[76.641926, 10.802091]"
Rajasthan,MNHA,Mindha,NWR,"Minda to Mandha Bhimsingh Rd, Rajasthan",Point,"[75.33241, 27.112061]"
Gujarat,DBO,DABHODA,WR,"Dabhoda, Gujarat",Point,"[72.748038, 23.168331000000002]"
Rajasthan,DABN,DHABAN,NWR,"Sangaria, Rajasthan",Point,"[74.54288000000001, 29.859997]"
Rajasthan,DBI,DABLI RATHAN,NWR,"Hanumangarh, Rajasthan",Point,"[74.19093000000001, 29.542416]"
Gujarat,SID,SIDDHPUR,WR,"State Highway 41, Gujarat",Point,"[72.367959, 23.918067]"
,ARGD,ARIGADA,ECR,,Point,"[85.466475, 23.643461000000002]"
Madhya Pradesh,CTJ,CHHATAINI,WCR,"Awasthi Sadan Rd, Madhya Pradesh",Point,"[81.287323, 23.994088]"
Madhya Pradesh,KTKD,KATANGI KHURD,WCR,"State Highway 10, Madhya Pradesh",Point,"[80.48673398129999, 23.7758696073]"
Madhya Pradesh,CRL,Choral,WR,"SH 27, Madhya Pradesh",Point,"[75.94413499999999, 22.450677]"
Tripura,ABSA,Ambassa,NFR,"Ambassa, Tripura",Point,"[91.860783, 23.930507]"
,NVP,Navalpura,,,Point,"[73.19955399999999, 23.289155]"
Madhya Pradesh,DBKA,Dabka,SCR,"Amlakhurd, Madhya Pradesh",Point,"[76.720809, 21.361353]"
West Bengal,CQR,Champapukur,ER,"Kholapota, West Bengal",Point,"[88.80796000000001, 22.656633999999997]"
,NDAZ,NAYA AZADPUR,,,Point,"[77.166876, 28.714564]"
,ANDI,ADARSH NAGAR DELHI,,,Point,"[77.16670699999999, 28.714205]"
Rajasthan,CUR,Churu,NWR,"Churu, Rajasthan",Point,"[74.966203, 28.288281]"
,BHD,BADLI,,,Point,"[77.1377425, 28.746799999999997]"
,KHKN,KHERA KALAN,,,Point,"[77.115838, 28.769717999999997]"
,HUK,HOLAMBI KALAN,,,Point,"[77.102334, 28.801187]"
,NUR,NARELA,,,Point,"[77.085727, 28.846886]"
Madhya Pradesh,CWA,Chhindwara Junction,SECR,"Chhindwara, Madhya Pradesh",Point,"[78.953212, 22.058201]"
,RDDE,RATHDHANA,,,Point,"[77.05914800000001, 28.904132]"
Kerala,CTPE,Chandanattop Halt,SR,"Kilikkollur, Kerala",Point,"[76.64532, 8.932478000000001]"
,HNN,HARANA KALAN,,,Point,"[77.039135, 28.945425]"
,SNP,SONIPAT,,,Point,"[77.017343, 28.989423000000002]"
,SLKN,SANDAL KALAN,,,Point,"[77.012589, 29.063432000000002]"
,RUG,RAJLU GARHI,,,Point,"[77.012109, 29.090744]"
,GNU,GANAUR,,,Point,"[77.01074999999999, 29.130776]"
,BDMJ,BHODWAL MAJRI,,,Point,"[77.0082364, 29.1852092]"
,SMK,SAMALKHA,,,Point,"[77.003034, 29.240172]"
,DWNA,DIWANA,,,Point,"[76.980194, 29.318564]"
,BBDE,BABARPUR,,,Point,"[76.966178, 29.449652]"
,KFU,KOHAND,,,Point,"[76.968758, 29.494782]"
,GRA,GHARAUNDA,,,Point,"[76.96575000000001, 29.541636]"
,BZJT,BAZIDA JATAN,,,Point,"[76.965812, 29.613391]"
,KUN,KARNAL,,,Point,"[76.969821, 29.694566000000002]"
,BZK,BHAINI KHURD,,,Point,"[76.95536200000001, 29.751544]"
,TRR,TARAORI,,,Point,"[76.93858, 29.797906]"
,NLKR,NILOKHERI,,,Point,"[76.925491, 29.831492]"
,KKDE,KURUKSHETRA JN,,,Point,"[76.852795, 29.969440000000002]"
Kerala,DAVM,DHANUVACHAPURAM,SR,"Dhanuvachapuram, Kerala",Point,"[77.124352, 8.378802]"
Orissa,CTS,CHATTRIPUT,ECoR,"Jeypore, Orissa",Point,"[82.590027, 18.922722]"
Punjab,DAVJ,D.A.V.C.H. JALANDHAR,NR,"Jalandhar, Punjab",Point,"[75.56132, 31.346977000000003]"
Delhi NCT,DLPI,INDRAPURI,NR,"Delhi Cantonment, Delhi NCT",Point,"[77.14358825779999, 28.628342466499998]"
Madhya Pradesh,GRG,Guwarighat,SECR,"Gwarighat, Madhya Pradesh",Point,"[79.92761300000001, 23.110295]"
Delhi NCT,DSJ,DELHI SAFDARJUNG,NR,"Netaji Nagar, Delhi NCT",Point,"[77.186969, 28.582121]"
Haryana,DHRN,DHURANA,NR,"Panipat, Haryana",Point,"[76.803295, 29.253606]"
Rajasthan,DUK,DUDIA,NWR,"Dundara, Rajasthan",Point,"[72.902042, 25.934458]"
Karnataka,DAJ,DUROJI,SWR,"Bellary, Karnataka",Point,"[76.70013, 15.227107]"
,BTPH,CHAKIA THERMAL HALT,,,Point,"[86.01624276369999, 25.4012639369]"
,JDDA,JATHA,,,Point,"[82.875333703, 22.0159803866]"
,JDI,JHARRADIH,,,Point,"[83.050747, 21.999876]"
Tamil Nadu,DKO,Devakottai Road,SR,"NH 210, Tamil Nadu",Point,"[78.761747, 10.037610999999998]"
Uttar Pradesh,DIB,DIBAI,NR,"Dibai, Uttar Pradesh",Point,"[78.303084, 28.19378]"
,CNJO,JUHI OUTER CABIN,,,Point,"[80.3239098425, 26.4531901925]"
Rajasthan,LMA,LAMBIYA,NWR,"National Highway 79, Rajasthan",Point,"[74.58561499999999, 25.578333999999998]"
,DBLG,DBLG,,,,
Rajasthan,DOHM,Devgarh Madriya,NWR,"Devgarh, Rajasthan",Point,"[73.855552, 25.610206]"
,NHLG,NHLG,,,,
Andhra Pradesh,DYE,DAYANAND NAGAR,SCR,"Secunderabad, Andhra Pradesh",Point,"[78.53134999999999, 17.456247]"
Andhra Pradesh,DBV,DABILPUR,SCR,"Rangareddy, Andhra Pradesh",Point,"[78.470315, 17.674226]"
,JGLP,JGLP,,,,
Haryana,BGZ,BAHADURGARH,NR,"Bahadurgarh, Haryana",Point,"[76.930886, 28.700863000000002]"
,PNSR,PNSR,,,,
Gujarat,DME,DAMNAGAR,WR,"Damnagar, Gujarat",Point,"[71.509053, 21.688346]"
West Bengal,AG,Aranghata,ER,"Haranath Para Ln, West Bengal",Point,"[88.613551, 23.242037]"
Andhra Pradesh,RLG,RELANGI,SCR,"Relangi, Andhra Pradesh",Point,"[81.64411, 16.709921]"
,CCAB,BMY C CABIN,,,Point,"[81.44306300000001, 21.209789]"
Maharashtra,DNDI,DHONDI,SCR,"State Highway 148, Maharashtra",Point,"[76.736112, 19.106268]"
,NDO,NIDUBROLU,,,Point,"[80.557243, 16.067904]"
Punjab,FKA,Fazilka,NR,"Fazilka, Punjab",Point,"[74.02541699999999, 30.408641]"
,TDD,TADEPALLIGUDEM,,,Point,"[81.526314, 16.809960999999998]"
,PTPU,PRATTIAPADU,,,Point,"[81.581431, 16.820864999999998]"
Madhya Pradesh,BDHT,Bardi Halt,SECR,"State Highway 19, Madhya Pradesh",Point,"[78.822411, 21.621177]"
Karnataka,DJL,Dodajala Lake,SWR,"Hosur Road., Karnataka",Point,"[77.652122, 13.183156]"
Assam,DIU,Dhing,NFR,"National Highway 37, Assam",Point,"[92.45086500000001, 26.453101]"
Gujarat,DGQ,Dugdol,NWR,"Dhanera, Gujarat",Point,"[72.096828, 24.631708]"
Punjab,DAU,Dagru,NR,"Dagru, Punjab",Point,"[75.047442, 30.834858]"
,GWH,GHOSHAWAR,,,Point,"[85.24335073670001, 25.737421135399998]"
,HJP,HAJIPUR JN,,,Point,"[85.2155, 25.702909000000002]"
,ENBG,ENBG,,,,
,PUK,PUDUKAD,,,Point,"[76.26070700000001, 10.420507]"
,NYI,NELLAYI,,,Point,"[76.275994, 10.392415000000002]"
,UKL,UTTUKULI,,,Point,"[77.448615, 11.156494]"
,TUP,TIRUPPUR,,,Point,"[77.341247, 11.108906]"
,SNO,SOMANUR,,,Point,"[77.18638, 11.087247]"
,SUU,SULUR ROAD,,,Point,"[77.11729, 11.049634]"
,IGU,IRUGUR,,,Point,"[77.06913399999999, 11.017199]"
,SHI,SINGANALLUR,,,Point,"[77.03945900000001, 11.012921]"
,PLMD,PILAMEDU,,,Point,"[76.999566, 11.033241]"
,CBE,COIMBATORE JN,,,Point,"[76.966298, 10.997639]"
,PTJ,PODANUR JN,,,Point,"[76.990125, 10.965425]"
,MDKI,MADUKARAI,,,Point,"[76.94295000000001, 10.900858]"
,IJK,IRINJALAKUDA,,,Point,"[76.280924, 10.339456]"
,CKI,CHALAKUDI,,,Point,"[76.3218076, 10.3017975]"
,DINR,DIVINE NAGAR,,,Point,"[76.3363143628, 10.2853993721]"
,KRAN,KORATTI ANGADI,,,Point,"[76.355901, 10.260123]"
,KUC,KARUKKUTTY,,,Point,"[76.373077, 10.225757]"
,AFK,ANGAMALI,,,Point,"[76.37786, 10.183676]"
,CWR,CHOVVARA,,,Point,"[76.37218899999999, 10.133064]"
West Bengal,DJ,Darjeeling,NFR,"Darjeeling, West Bengal",Point,"[88.263326, 27.038151]"
,AWY,ALUVA,,,Point,"[76.356508, 10.108163]"
,KLMR,KALAMASSERY,,,Point,"[76.32695600000001, 10.061818]"
,IPL,EDAPPALLY,,,Point,"[76.298271, 10.034338]"
,ERN,ERNAKULAM TOWN,,,Point,"[76.2861, 9.991582000000001]"
,ETMD,ETTIMADAI,,,Point,"[76.89715500000001, 10.898788]"
,WRA,WALAYAR,,,Point,"[76.8376135147, 10.8471810329]"
Punjab,DBN,Dhablan,NR,"Gurudwara Ishar Darbar Rd, Punjab",Point,"[76.276917865, 30.3379133215]"
Chhattisgarh,DBF,Dabpal,?,"Dabpal, Chhattisgarh",Point,"[81.488923, 18.927979999999998]"
Assam,DBZ,Dhing Bazar,NFR,"Mathaouri Rd, Assam",Point,"[92.481039, 26.455873]"
,CLMD,CHULLIMADA,,,Point,"[76.801793, 10.837164999999999]"
,KTKU,KOTTEKAD,,,Point,"[76.693457, 10.815731]"
Rajasthan,DLC,DALMERA,NWR,"Bikaner, Rajasthan",Point,"[73.65658, 28.417832]"
,TNU,TIRUNETTUR,,,Point,"[76.30765699999999, 9.933729]"
,KUMM,KUMBALAM,,,Point,"[76.3116, 9.906723]"
,AROR,AROOR HALT,,,Point,"[76.30283299999999, 9.8791031]"
,EZP,EZHUPPUNNA,,,Point,"[76.302391, 9.820288000000001]"
,TUVR,TURAVUR,,,Point,"[76.309979, 9.772809]"
,ERSC,ERNAKULAM JN. C,,,Point,"[76.28985899999999, 9.978060000000001]"
Orissa,DIR,DHANAPUR ORISSA,ECoR,"National Highway 43, Orissa",Point,"[82.50739300000001, 18.945173]"
Uttar Pradesh,DRN,DEORANIAN,NER,"SH 37, Uttar Pradesh",Point,"[79.476473, 28.64478]"
Bihar,BGS,BEGU SARAI,ECR,"06243-222853, Bihar",Point,"[86.134476, 25.425296]"
,BQQ,BAKHLETA,,,Point,"[79.96972000000001, 23.846381]"
Rajasthan,GBP,GULABPURA,NWR,"Gulabpura, Rajasthan",Point,"[74.65595449829999, 25.9027951891]"
,REI,RITHI,,,Point,"[80.140267, 23.904168]"
,MBWC,MORADABAD WEST,,,Point,"[78.7596338837, 28.83865785]"
,HRH,HARTHALA,,,Point,"[78.73559542849999, 28.8719872056]"
Madhya Pradesh,GOA,GOHAD ROAD,NCR,"Bhind, Madhya Pradesh",Point,"[78.439153, 26.480421000000003]"
Maharashtra,DHNR,DHANORA DECCAN,SCR,"Kinwat, Maharashtra",Point,"[78.13275402709999, 19.465517438899997]"
,ALD,ALLAHABAD JN,,,Point,"[81.828816, 25.446241]"
Uttar Pradesh,ETAH,Etah,NCR,"Etah, Uttar Pradesh",Point,"[78.65391899999999, 27.571173]"
Gujarat,GG,GANDHIGRAM,WR,"Ahmedabad, Gujarat",Point,"[72.568831, 23.02676]"
,BSL,BHUSAVAL JN,,,Point,"[75.78867170000001, 21.0472812]"
,KOPR,KOPAR ROAD,,,Point,"[73.077841, 19.211345]"
West Bengal,GGLE,GANGATIKURI,ER,"State Highway 6, West Bengal",Point,"[88.087286, 23.71822]"
,KWD,KARWANDIA,,,Point,"[84.084599, 24.953195]"
Rajasthan,GDD,Gadra Road,NWR,"Gadara, Rajasthan",Point,"[70.64304, 25.743851]"
,SSM,SASARAM,,,Point,"[84.019423, 24.955926]"
West Bengal,DTAE,DHATRIGRAM,ER,"Dhatrigram, West Bengal",Point,"[88.31182199999999, 23.277796]"
,SLOR,SELOO ROAD,,,Point,"[78.71490899999999, 20.776649999999997]"
,SNI,SINDI,,,Point,"[78.883342, 20.816446]"
Gujarat,DNUA,Dhansura,WR,"State Highway 68, Gujarat",Point,"[73.19870999999999, 23.351916]"
,SGRD,SULGARE,,,Point,"[82.743775, 22.019979]"
,BUA,BARADWAR,,,Point,"[82.813724, 22.011725000000002]"
,SKT,SAKTI,,,Point,"[82.956526, 22.011785000000003]"
Tamil Nadu,EDU,ERIODU,SR,"State Highway 74, Tamil Nadu",Point,"[78.05712899000001, 10.515627989999999]"
,SUJ,SARJU,,,Point,"[81.648076, 27.111885]"
Tamil Nadu,GDN,GANGAIKONDAN,SR,"Thoothukudi, Tamil Nadu",Point,"[77.786203, 8.830736]"
,LDR,LANDAURA,,,Point,"[77.941557, 29.814493]"
,DUN,DUGANPUR,,,Point,"[79.13019, 28.658317]"
,CBJ,CLUTTER BUCK GANJ,,,Point,"[79.371946, 28.396895]"
,BE,BAREILLY,,,Point,"[79.4108444, 28.337154299999998]"
,NHGJ,NHGJ,,,,
Assam,DTC,DITOKCHERRA,NFR,"North Cachar Hills, Assam",Point,"[92.798715, 25.090538]"
Assam,BPG,BADURPUR GHAT,NFR,"National Highway 53, Assam",Point,"[92.581099, 24.872902]"
Rajasthan,GIW,Girdharpur,NCR,"State Highway 6, Rajasthan",Point,"[76.794583, 25.845508]"
,RYS,RASURIYA,,,Point,"[79.47445900000001, 28.26396]"
,NYO,NAYAGAON,,,Point,"[85.099366, 25.763263]"
,PMU,PARMANANDPUR,,,Point,"[85.133951, 25.741290999999997]"
Uttar Pradesh,GIR,Gainsari Junction,NER,"Balrampur, Uttar Pradesh",Point,"[82.5441789069, 27.526839296800002]"
,BPP,BAPATLA,,,Point,"[80.46842480000001, 15.9086144]"
,APL,APPIKATLA,,,Point,"[80.514466, 15.970371]"
,MCVM,MACHAVARAM,,,Point,"[80.54154100000001, 16.025343]"
,CEL,CHEBROL,,,Point,"[81.396533, 16.819948]"
Bihar,GGH,Ghogardiha,ECR,"Ghoghardiha, Bihar",Point,"[86.468503, 26.282768]"
,BPY,BADAMPUDI,,,Point,"[81.473751, 16.828104]"
,ARD,AMARDA ROAD,,,Point,"[87.102374, 21.734258]"
,PY,PERUNDURAI,,,Point,"[77.628672, 11.25334]"
Punjab,FSR,FAQARSAR,NR,"Fakarsar, Punjab",Point,"[74.57257200000001, 30.189431000000003]"
Assam,CFG,CHAKITING,NFR,"Dhodar Ali, Assam",Point,"[94.0956546234, 26.5616754046]"
,IGR,INGUR,,,Point,"[77.587299, 11.22501]"
,VZ,VIJAYAMANGALAM,,,Point,"[77.522231, 11.195525]"
,DLA,DOULTA,,,Point,"[78.42932499999999, 24.998509000000002]"
,TBT,TALBAHAT,,,Point,"[78.414552, 25.039255]"
,MZX,MATATILA,,,Point,"[78.40284000000001, 25.0851]"
,BZY,BASAI,,,Point,"[78.394254, 25.142923]"
,BAB,BABINA,,,Point,"[78.451748, 25.237832]"
,KHJ,KHAJRAHA,,,Point,"[78.478365, 25.304157999999997]"
,BJI,BIJAULI,,,Point,"[78.51774610000001, 25.3764678]"
,JHSA,JHANSI A CABIN,,,Point,"[78.545787, 25.41949]"
,JHS,JHANSI JN,,,Point,"[78.55298499999999, 25.443585]"
,KRQ,KARARI,,,Point,"[78.509084, 25.530800000000003]"
,DAA,DATIA,,,Point,"[78.456356, 25.641070000000003]"
,SOR,SONAGIR,,,Point,"[78.409099, 25.730668]"
,KTRA,KOTRA,,,Point,"[78.381661, 25.811253999999998]"
,DBA,DABRA,,,Point,"[78.331015, 25.881197]"
,SMTL,SIMARIATAL,,,Point,"[78.3042595734, 25.9219956094]"
,AEH,ANANT PAITH,,,Point,"[78.2761320917, 25.955389501299997]"
Uttar Pradesh,FRH,Farhatnagar,NR,"Farhatnagar, Uttar Pradesh",Point,"[80.143212, 27.081164]"
Jharkhand,GATD,Gautamdhara,SER,"Gautamdhara, Jharkhand",Point,"[85.6329945703, 23.3498809788]"
Gujarat,GEG,Gir Gadhara,WR,"Junagadh, Gujarat",Point,"[70.919246, 20.906347]"
Rajasthan,FLD,Phulad,NWR,"State Highway 62, Rajasthan",Point,"[73.81311799999999, 25.623979]"
Uttar Pradesh,GADM,Ganga Dham,NER,"Ganga Dham, Uttar Pradesh",Point,"[81.930509, 27.20976]"
Chhattisgarh,DTR,Dhamtari,SECR,"Dhamtari, Chhattisgarh",Point,"[81.550321, 20.714515000000002]"
Gujarat,DRW,DHAREWADA,WR,"Unjha, Gujarat",Point,"[72.378575, 23.960815999999998]"
Rajasthan,KZQ,KHIMEL,NWR,"Jawai Bandh, Rajasthan",Point,"[73.279577, 25.300189]"
,HDU,HARDUA,,,Point,"[80.2834127417, 23.9150542164]"
Uttarakhand,HDW,HALDWANI,NER,"Haldwani, Uttarakhand",Point,"[79.533732, 29.215097]"
,AKT,AKALTARA,,,Point,"[82.422049, 22.029121]"
Karnataka,HBU,Halbarga,SCR,"Halbarga, Karnataka",Point,"[77.298175, 17.988470000000003]"
Maharashtra,GNH,GANGAKHER,SCR,"State Highway 217, Maharashtra",Point,"[76.755511, 18.973377]"
,NIA,NAILA,,,Point,"[82.56458900000001, 22.022963999999998]"
,KMGE,KUMAHU,,,Point,"[83.946305, 24.976944]"
,SSG,SHIU SAGAR ROAD,,,Point,"[83.895453, 24.999464999999997]"
,CPH,CHAMPA,,,Point,"[82.665149, 22.034731]"
Madhya Pradesh,GPX,Gautampura Road,WR,"Barnagar, Madhya Pradesh",Point,"[75.68198989999999, 23.2008894]"
Gujarat,RGQ,RAIGADH ROAD,NWR,"National Highway 8, Gujarat",Point,"[73.183592, 23.596666]"
Gujarat,GS,GODHANESHWAR,WR,"Bagodara Dholka Link Rd, Gujarat",Point,"[72.36834, 22.68118]"
Uttar Pradesh,GLH,Gulaothi,NR,"Gulaothi, Uttar Pradesh",Point,"[77.801799, 28.582962]"
West Bengal,HNB,Hasanabad,ER,"Taki, West Bengal",Point,"[88.912953, 22.570155]"
,PUA,PULLA,,,Point,"[81.324846, 16.809911]"
,KKRM,KAIKORAM,,,Point,"[81.36421899999999, 16.815341]"
,JER,JALESWAR,,,Point,"[87.22049100000001, 21.79749]"
,FYZ,FAIZULLAPUR,,,Point,"[80.893347, 25.869213]"
,ED,ERODE JN,,,Point,"[77.72593400000001, 11.327682]"
Rajasthan,HR,Harpalu,NWR,"Bahal, Rajasthan",Point,"[75.4910470972, 28.569053803099997]"
,RUB,RASULABAD,,,Point,"[80.977088, 25.826999]"
,SNIE,SATH NARAINI,,,Point,"[81.03942, 25.795325]"
Karnataka,DUR,DESUR,SWR,"Desur, Karnataka",Point,"[74.49801, 15.754344]"
Karnataka,CNC,CHINCHLI,SWR,"Belagavi, Karnataka",Point,"[74.855323, 16.571696999999997]"
,MTB,MATLABPUR,,,Point,"[78.656727, 28.989821]"
,KNT,KANTH,,,Point,"[78.621471, 29.059768000000002]"
,MWE,MEWA NAWADA,,,Point,"[78.613167, 29.118385]"
,SEO,SEOHARA,,,Point,"[78.580977, 29.204807000000002]"
,CAJ,CHAKRAJ MAL,,,Point,"[78.536047, 29.249784000000002]"
,DPR,DHAMPUR,,,Point,"[78.501588, 29.305446]"
,HBW,HABIBWALA,,,Point,"[78.47897300000001, 29.349034]"
Gujarat,GKD,GADHAKDA,WR,"Gadhakada Rd, Gujarat",Point,"[71.38171899999999, 21.237962]"
,PNI,PURAINI,,,Point,"[78.445574, 29.388929]"
,NGG,NAGINA,,,Point,"[78.424119, 29.437919]"
,BEK,BUNDKI,,,Point,"[78.3932854, 29.522577000000002]"
Uttar Pradesh,GYN,GYANPUR ROAD,NER,"Bhadohi District, Uttar Pradesh",Point,"[82.4272883557, 25.280144010999997]"
,MSDR,MURSHADPUR,,,Point,"[78.3756456903, 29.57239523]"
,NBD,NAJIBABAD JN,,,Point,"[78.335733, 29.603540000000002]"
,FZL,FAZALPUR,,,Point,"[78.27795372130001, 29.5937410175]"
,CNK,CHANDOK,,,Point,"[78.152782, 29.576786]"
,BLW,BALAWALI,,,Point,"[78.1124328, 29.6274345]"
,RSI,RAISI,,,Point,"[78.0664335504, 29.6928321018]"
Gujarat,AAR,ADESAR,WR,"Dist. Kachchh, Gujarat",Point,"[70.9720505023, 23.552978399500002]"
Karnataka,HRR,HARIHAR,SWR,"Harihar, Karnataka",Point,"[75.812314, 14.515431]"
Andhra Pradesh,GVA,Ganguwada,ECoR,"Ganguwada, Andhra Pradesh",Point,"[84.1072235, 18.66763705]"
Madhya Pradesh,GUX,Gurhi,SCR,"Khandwa, Madhya Pradesh",Point,"[76.58074500000001, 21.629554]"
Rajasthan,HMH,HANUMANGARH JN,NWR,"Hanumangarh, Rajasthan",Point,"[74.297633, 29.614904]"
Kerala,AAM,Angadippuram,SR,"Angadipuram, Kerala",Point,"[76.20734300000001, 10.979489000000001]"
,PHR,PHILLAUR JN,,,Point,"[75.78576100000001, 31.016907]"
,LDW,LADHOWAL,,,Point,"[75.78581100000001, 31.016957]"
,LDH,LUDHIANA JN,,,Point,"[75.84787299999999, 30.912367]"
,BHOI,DHANDARIKALAN BLOCK HUT,,,Point,"[75.87188, 30.894741]"
Maharashtra,HKR,Kiwar Khed,SCR,"State Highway 194, Maharashtra",Point,"[76.8767, 21.186952]"
,DDL,DHANDARI KALAN,,,Point,"[75.90949099999999, 30.874477]"
,SNL,SANAHWAL,,,Point,"[75.9795, 30.837436]"
,DOA,DORAHA,,,Point,"[76.04330300000001, 30.804137]"
,JSPN,JASPALON,,,Point,"[76.0801522656, 30.7847375851]"
,CHA,CHAWAPALL,,,Point,"[76.127464975, 30.7594625741]"
,KNN,KHANNA,,,Point,"[76.22513400000001, 30.707973]"
,GVG,GOVINDGARH,,,Point,"[76.2970739075, 30.6694834261]"
,SIR,SIRHIND JN,,,Point,"[76.383194, 30.624222]"
,SDY,SADHOO GARH,,,Point,"[76.44847259640001, 30.5828632034]"
,SBJ,SARAI BANJARA,,,Point,"[76.515682, 30.538386]"
,RPJ,RAJPURA JN,,,Point,"[76.5940201901, 30.486458949]"
,SMU,SAMBHU,,,Point,"[76.684143667, 30.4290274715]"
,CDL,CHODIALA,,,Point,"[77.738546, 29.896397999999998]"
,IQB,IQBALPUR,,,Point,"[77.803799, 29.875114]"
,RK,ROORKEE,,,Point,"[77.87417, 29.851671]"
,DNRA,DHANDHERA,,,Point,"[77.9019227979, 29.8434029837]"
,DSNI,DAUSNI,,,Point,"[77.979636, 29.784745]"
Karnataka,CPT,CHANNAPATNA,SWR,"Channapatna, Karnataka",Point,"[77.203824, 12.659673000000002]"
,KGF,KATHGHAR,,,Point,"[78.796689, 28.826066]"
,DLP,DALPATPUR,,,Point,"[78.87718699999999, 28.820438]"
,MPH,MUNDHA PANDE,,,Point,"[78.939038, 28.800366999999998]"
,RMU,RAMPUR,,,Point,"[79.023419, 28.778862999999998]"
,SAR,SHAHZAD NAGAR,,,Point,"[79.05214699999999, 28.750033000000002]"
,DAM,DHAMORA,,,Point,"[79.087745, 28.707129000000002]"
,AABH,AMBIKA BHAWANI HALT,,,Point,"[84.9690033484, 25.751433665]"
,DGA,DIGHWARA,,,Point,"[85.003168, 25.743938]"
,STLR,SITALPUR,,,Point,"[85.03663800000001, 25.768739999999998]"
Bihar,JDR,JIWDHARA,ECR,"Jiwdhara, Bihar",Point,"[84.906874, 26.581722]"
,AWP,AGHWANPUR,,,Point,"[78.702865, 28.939542]"
Gujarat,KIA,KHARI AMRAPUR,WR,"State Highway 237, Gujarat",Point,"[72.913948, 23.390711]"
Karnataka,IMR,IBRAHIMPUR,SWR,"Bijapur, Karnataka",Point,"[75.719362, 16.802926]"
Gujarat,JND,JUNAGADH JN,WR,"Junagadh, Gujarat",Point,"[70.457612, 21.530606]"
Gujarat,JA,JALIYA,WR,"Ranuja Village Rd, Gujarat",Point,"[71.6324910046, 21.8163569109]"
Andhra Pradesh,IDP,INDUPALLI,SCR,"Krishna, Andhra Pradesh",Point,"[80.87706899999999, 16.479094]"
Karnataka,DBL,DODBELE,SWR,"National Highway 4, Karnataka",Point,"[77.351193, 13.216441000000001]"
,KVD,KHURMABAD ROAD,,,Point,"[83.848303, 25.021489000000003]"
Jharkhand,JBO,Jamadobu,SER,"Jharia, Jharkhand",Point,"[86.410031, 23.715138999999997]"
,KTQ,KUDRA,,,Point,"[83.79337100000001, 25.048552]"
,PSE,PUSAULI,,,Point,"[83.72151, 25.097235]"
,STPT,SITAMPET,,,Point,"[81.211206, 16.797409]"
West Bengal,JHBN,JHAMATPUR BAHARAN,ER,"Goai, West Bengal",Point,"[88.098669, 23.749987]"
,UBC,AMBALA CITY,,,Point,"[76.763996, 30.378497]"
West Bengal,JIT,JIRAT,ER,"Jirat, West Bengal",Point,"[88.461461, 23.098255]"
,BMD,BHIMADOLU,,,Point,"[81.26109679, 16.80848173]"
Rajasthan,JDD,Jerthi Dadhia,NWR,"MDR 87, Rajasthan",Point,"[75.2010774705559, 27.731618001396782]"
,LXD,LAKSHANNATH ROAD,,,Point,"[87.25095300000001, 21.842011]"
Assam,JGJN,JUGIJAN,NFR,"National Highway 36, Assam",Point,"[92.81771, 26.028001]"
Assam,JMI,JAMGURI,NFR,"National Highway 39, Assam",Point,"[93.9604479663, 26.3877071452]"
Goa,CSM,CANSAULIM,SWR,"Arossim Beach Rd, Goa",Point,"[73.897226, 15.344532000000001]"
,BPW,BURHPURA,,,Point,"[78.42955, 25.211179]"
Uttar Pradesh,IDM,Indemau,NR,"Indemau, Uttar Pradesh",Point,"[80.767021, 26.318344]"
,KSR,KASTURI,,,Point,"[81.728838, 27.139983]"
,MIR,MAIJAPUR,,,Point,"[81.773788, 27.141734]"
Madhya Pradesh,JNO,Junnor Deo,CR,"Dongar Parasia, Madhya Pradesh",Point,"[78.592052, 22.191279]"
,GDK,GONDA KACHAHRI,,,Point,"[81.93402688110001, 27.1402272205]"
,BRCK,BARUACHAK,,,Point,"[82.055181, 27.122672]"
Orissa,JOL,Jogal,?,"Jogal, Orissa",Point,"[86.88271399999999, 21.696442]"
Uttar Pradesh,ICL,Ichauli,NCR,"Maudaha, Uttar Pradesh",Point,"[80.178833, 25.520955]"
,MOTG,MOTIGANJ,,,Point,"[82.103635, 27.101387]"
,JLHI,JHILAHI,,,Point,"[82.17287785639999, 27.072604043299997]"
West Bengal,KAU,Kachna,NFR,"National Highway 34, West Bengal",Point,"[88.0246425354, 25.6337383216]"
,BBHL,Bela Bela,,,Point,"[81.2487596802, 26.137192374999998]"
Maharashtra,JOA,JANWAL,SCR,"Latur, Maharashtra",Point,"[76.75514700000001, 18.559639999999998]"
Gujarat,JADR,Jadar,WR,"State Highway 9, Gujarat",Point,"[72.952369, 23.745814000000003]"
Gujarat,JJW,Jojwa,WR,"Vadodara, Gujarat",Point,"[73.642431, 22.253213000000002]"
,MUR,MANKAPUR JN,,,Point,"[82.227648, 27.039058]"
,LKNR,LAKHPAT NAGAR,,,Point,"[82.2775887885, 27.0276257858]"
,MSW,MASKANWA,,,Point,"[82.3597396039, 27.0013792301]"
,ANU,ANANGUR,,,Point,"[77.820053, 11.396939999999999]"
,POE,Pawapuri Road Halt,,,Point,"[85.512918, 25.160225]"
,SNC,S NARAYAN CHPLA,,,Point,"[82.3961659851, 26.9810021017]"
Bihar,HSB,Hasanbazar Halt,ECR,"Hasan Bazar, Bihar",Point,"[84.34929577759999, 25.2665823122]"
,BNGY,BAHMAN JYOTIA,,,Point,"[82.4273550012, 26.9662637829]"
,PATI,PARSA TEWARI,,,Point,"[82.45215499999999, 26.95565]"
Uttar Pradesh,JI,JHUSI,NER,"NH 2, Uttar Pradesh",Point,"[81.91664399999999, 25.431145]"
,GOVR,GOVINDNAGAR,,,Point,"[82.707468, 26.864223000000003]"
,BST,BASTI,,,Point,"[82.77005899999999, 26.815678]"
,ORW,ORWARA,,,Point,"[82.83031100000001, 26.802388999999998]"
,CRV,CHUREB,,,Point,"[82.97763599999999, 26.782155]"
,MOW,MANANWALA,,,Point,"[74.96656200000001, 31.612827000000003]"
,JNL,JANDIALA,,,Point,"[75.05441200000001, 31.589979]"
,TRA,TANGRA,,,Point,"[75.107232, 31.576425999999998]"
Rajasthan,JSH,Jaswantgarh,NWR,"Sujangarh, Rajasthan",Point,"[74.44396800000001, 27.668988]"
,BTR,BUTARI,,,Point,"[75.183274, 31.556444]"
,BBKR,BABA BAKALARAYA,,,Point,"[75.238827, 31.541835000000003]"
,BEAS,BEAS,,,Point,"[75.2908085, 31.5193738]"
,DIW,DHILWAN,,,Point,"[75.335011, 31.498953]"
,RYM,RAMIDI HALT,,,Point,"[75.4078429907, 31.4659508779]"
Uttar Pradesh,JKI,Kauriaa Jungle,?,"National Highway 29, Uttar Pradesh",Point,"[83.29979800000001, 26.881072]"
,HMR,HAMIRA,,,Point,"[75.432702, 31.45628]"
,KRE,KARTARPUR,,,Point,"[75.492544, 31.432388]"
,SRX,SURA NUSSI,,,Point,"[75.541964, 31.380553]"
,POM,Punthottam,,,Point,"[79.65731229, 10.93262802]"
Rajasthan,LOHA,Loha,NWR,"Ratangarh, Rajasthan",Point,"[74.619424, 28.006921]"
,BBSL,BABA SODHAL NAGAR,,,Point,"[75.5648681348, 31.3530203474]"
,JUC,JALANDHAR CITY,,,Point,"[75.591499, 31.331665]"
Andhra Pradesh,KBA,Kurabalakota,SCR,"Kurabalakota Railway Station, Andhra Pradesh",Point,"[78.48584299999999, 13.666284000000001]"
,JRC,JALANDHAR CANT,,,Point,"[75.63210600000001, 31.306235]"
Madhya Pradesh,ABE,Ambikeshwar,NCR,"State Highway 2, Madhya Pradesh",Point,"[77.963828, 26.368567]"
,CEU,CHIHERU,,,Point,"[75.70669127869999, 31.262694745]"
,MLIH,MAULI HALT,,,Point,"[75.769234, 31.175]"
,MAUL,MAULA ALI,,,Point,"[75.769544, 31.17531]"
,GRY,GORAYA,,,Point,"[75.77419300000001, 31.129722]"
Himachal Pradesh,JTO,Jutogh,NR,"Shimla, Himachal Pradesh",Point,"[77.122043, 31.100734]"
Punjab,JPS,Jamalpur Shaikhan,?,"MDR 101, Punjab",Point,"[75.857438, 29.699949]"
,BTTN,BHATIAN,,,Point,"[75.780007, 31.071444]"
,PPDA,PANCHPATIA DEORIA HALT,,,Point,"[84.9361293799, 25.768730655699997]"
Maharashtra,KHBV,KHARBAO,CR,"Thane, Maharashtra",Point,"[72.983444, 19.297247]"
Rajasthan,KEV,KELA DEVI,WCR,"Bharatpur, Rajasthan",Point,"[77.329069, 27.015612]"
Tamil Nadu,KDE,KORADACHERI,SR,"Koradacheri, Tamil Nadu",Point,"[79.49003499999999, 10.771022]"
,SHGN,SHRI GHASINAGAR,,,Point,"[76.6268054126, 27.086514837299998]"
,QGT,KOLAGHAT,,,Point,"[87.879653656, 22.434330919300002]"
,BW,BIWAI,,,Point,"[76.6960924713, 27.110623039700002]"
,KHM,KUSMHI,,,Point,"[83.453837, 26.72824]"
,NYN,NAINI,,,Point,"[81.86004199999999, 25.393138]"
Madhya Pradesh,CTHR,CHITAHRA,WCR,"MDR 11, Madhya Pradesh",Point,"[80.842854, 24.862627000000003]"
Madhya Pradesh,STA,SATNA,WCR,"Satna, Madhya Pradesh",Point,"[80.827717, 24.568619]"
Karnataka,KALS,KALAS HALT,SWR,"State Highway 6, Karnataka",Point,"[75.3899776996, 15.08644671]"
Tamil Nadu,KLPM,KAILASAPURAM,SR,"Thattaparai, Tamil Nadu",Point,"[77.9946102, 8.847387005]"
Karnataka,KHNP,Khanapur Deccan,SCR,"State Highway 4, Karnataka",Point,"[77.382161, 17.942175]"
Jharkhand,KBSH,Krishna Ballabh,ER,"Giridih, Jharkhand",Point,"[86.482965, 24.255819]"
Gujarat,KEMA,KUKMA,WR,"Kutch, Gujarat",Point,"[69.766265, 23.217031]"
Tamil Nadu,KKDI,Karaikkudi Junction,SR,"Ariyakudi Road, Tamil Nadu",Point,"[78.79331499999999, 10.068518]"
Maharashtra,JXN,JIRONA,?,"Nanded, Maharashtra",Point,"[77.95139499999999, 19.407451000000002]"
Chhattisgarh,KJZ,KARONJI,SECR,"Devipur, Chhattisgarh",Point,"[82.923013, 23.282475]"
Himachal Pradesh,KDZ,Kandaghat,NR,"Kandhaghat, Himachal Pradesh",Point,"[77.106996, 30.965544]"
Tamil Nadu,NPB,Nagapattinam Beach,SR,"Nagapattinam, Tamil Nadu",Point,"[79.848443, 10.764487]"
,MNU,MUNDIKOTA,,,Point,"[79.834833, 21.372513]"
Punjab,JWN,Jiwa Arain,NR,"State Highway 20, Punjab",Point,"[74.355654, 30.673761]"
,KWN,KACHEWANI,,,Point,"[79.981657, 21.430310000000002]"
,AGN,AMGAON,,,Point,"[80.3746491022, 21.361292855400002]"
,LNMA,LNMA,,,,
,DURG,DURG,,,Point,"[81.291837, 21.200326999999998]"
,KPNA,KAPAN,,,Point,"[82.494827, 22.026018]"
,KDTR,KIRODIMALNAGAR,,,Point,"[83.33250699999999, 21.926994]"
,MTGE,MUTHANI,,,Point,"[83.61914300000001, 25.173236999999997]"
,SPF,STUARTPURAM,,,Point,"[80.406913, 15.868003]"
,EE,ELURU,,,Point,"[81.11976200000001, 16.717816]"
,DEL,DENDULURU,,,Point,"[81.18047200000001, 16.781406]"
,AGV,ANGUA,,,Point,"[87.26992299999999, 21.892581999999997]"
,DNT,DANTAN,,,Point,"[87.284055, 21.930376]"
Bihar,KHTN,Khutauna,ECR,"Khutuana, Bihar",Point,"[86.397414, 26.494365000000002]"
,BBU,BHABUA ROAD,,,Point,"[83.618913, 25.173007]"
Uttar Pradesh,KJC,Kasganj City,NER,"State Highway 33, Uttar Pradesh",Point,"[78.658063, 27.814972]"
,DGO,DURGAUTI,,,Point,"[83.539684, 25.207897000000003]"
,MVPM,MAVELIPALAIYAM,,,Point,"[77.89921204650001, 11.4809140096]"
,SGE,SANKARIDURG,,,Point,"[77.870439, 11.445732]"
,DCX,DHANICHHA,,,Point,"[83.4908372314, 25.2271654039]"
Uttar Pradesh,KID,KHAIRAR JN,NCR,"NH-76 Banda(05192-224813), Uttar Pradesh",Point,"[80.236073, 25.451955]"
Uttar Pradesh,KHOH,KHOH,NCR,"National Highway 76, Uttar Pradesh",Point,"[80.979976, 25.209491000000003]"
Punjab,KLI,Kauli,NR,"National Highway 64, Punjab",Point,"[76.51987899999999, 30.418387999999997]"
Uttar Pradesh,KLAR,KULPAHAR,NCR,"Kulpahar, Uttar Pradesh",Point,"[79.63751, 25.29552]"
,KMS,KARAMNASA,,,Point,"[83.430892, 25.239738]"
Madhya Pradesh,KHBJ,KHANNA BANJARI,WCR,"State Highway 11, Madhya Pradesh",Point,"[80.822716, 23.897087]"
,SYJ,SAIDRAJA,,,Point,"[83.35118, 25.253531]"
,GAQ,GANJ KHAWAJA,,,Point,"[83.18436299999999, 25.273922000000002]"
,FOCM,FLYOVER CABIN MUGHALSARAI,,,Point,"[83.172391, 25.289358999999997]"
Uttar Pradesh,KCT,Kirakat,NER,"Jaunpur, Uttar Pradesh",Point,"[82.924798, 25.645355]"
,KLD,KHALILABAD,,,Point,"[83.055073, 26.77453]"
,MHH,MAGHAR,,,Point,"[83.133741, 26.750013]"
,SIPR,SIHAPAR,,,Point,"[83.16487227660001, 26.757903231]"
,SWA,SAHJANWA,,,Point,"[83.2147, 26.763075]"
,MWH,MALWAN,,,Point,"[80.685594, 26.017246]"
,JTB,JAGATBELA,,,Point,"[83.278505, 26.772224]"
Karnataka,KJS,Krishnarajasagar,SWR,"Mandya District, Karnataka",Point,"[76.56702899999999, 12.401425999999999]"
Haryana,KLK,Kalka,NR,"Kalka, Haryana",Point,"[76.931759, 30.837667]"
,PNS,PILLAMSHAT,,,,
,KKS,KURASTI KALAN,,,Point,"[80.752455, 25.955085]"
,FTP,FATEHPUR,,,Point,"[80.801869, 25.917489]"
,DMG,DOMINGARH,,,Point,"[83.341993, 26.765251]"
,BTK,BANKATA,,,Point,"[84.09492, 26.265917]"
Punjab,KKL,KALA BAKRA,NR,"Dhogri Rd, Punjab",Point,"[75.63034779659999, 31.4751812122]"
,BAGL,BARAGOPAL,,,Point,"[84.906765, 25.765088]"
,ATNR,AWATAR NAGAR,,,Point,"[84.956774, 25.764395999999998]"
Assam,KHKT,KHOTKHOTI,NFR,"Golaghat Rd, Assam",Point,"[93.754761, 25.952482999999997]"
,ARI,ANTRI,,,Point,"[78.2266994458, 26.0352337224]"
Uttar Pradesh,KDPS,KADIPUR SANI HA,NER,"Kadipur Sani, Uttar Pradesh",Point,"[80.779037, 27.862753]"
Uttar Pradesh,KITN,KHIRI TOWN,NER,"Kheri, Uttar Pradesh",Point,"[80.788481, 27.902943999999998]"
,MNF,MANDA ROAD,,,Point,"[82.236678, 25.162718]"
,MZP,MIRZAPUR,,,Point,"[82.56986900000001, 25.13435]"
,JHG,JHINGURA,,,Point,"[82.6513464526, 25.124474674400002]"
,PRE,PAHARA,,,Point,"[82.7247816913, 25.1197842638]"
,DAP,DAGMAGPUR,,,Point,"[82.800991, 25.098881000000002]"
,CAR,CHUNAR,,,Point,"[82.874703, 25.103351]"
,KYT,KAILAHAT,,,Point,"[82.947581, 25.155223]"
,ARW,AHRAURA ROAD,,,Point,"[83.0188834607, 25.1965007241]"
,JEP,JEONATHPUR,,,Point,"[83.0618954504, 25.2313981241]"
,NEWC,NEW WEST CABIN,,,Point,"[83.10921, 25.273789999999998]"
,PRKD,POWERKHEDA,,,Point,"[77.747363, 22.673479]"
,ITKL,ITAYAKALAN,,,Point,"[77.5462, 23.049837]"
Uttar Pradesh,KOZ,KOSMA,NCR,"Kosma, Uttar Pradesh",Point,"[78.837282, 27.156663]"
,MDDP,MANDI DIP,,,Point,"[77.511077, 23.093747]"
Tamil Nadu,KTM,KUTRALAM,SR,"Kuthalam, Tamil Nadu",Point,"[79.557389, 11.069825000000002]"
,NGN,NANDGAON,,,Point,"[74.659526, 20.307616]"
Assam,KTX,KATAKHAL JN,NFR,"Hailakandi, Assam",Point,"[92.62706700000001, 24.83436]"
Chhattisgarh,KRBA,Korba,SECR,"Korba, Chhattisgarh",Point,"[82.71301299999999, 22.337584]"
,ET,ITARSI JN,,,Point,"[77.767128, 22.608258]"
Karnataka,KSAR,KUDALA SANGAM,SWR,"NH 13, Karnataka",Point,"[75.891059, 16.306774]"
Karnataka,KIAT,KYATSANDRA,SWR,"Tumkur, Karnataka",Point,"[77.1481127075, 13.3161963923]"
,KSPR,KASHIPURA SARAR,,,Point,"[73.145838, 22.120085999999997]"
,CNT,CONTAI ROAD,,,Point,"[87.33984000000001, 22.078584]"
Orissa,KRMD,Kuarmunda,SER,"Sundargarh, Orissa",Point,"[84.789851, 22.286675000000002]"
,GEA,GHATERA,,,Point,"[79.6733909, 23.8293873]"
Andhra Pradesh,KQD,KHAIRATABAD DCN,SCR,"Hyderabad, Andhra Pradesh",Point,"[78.46165, 17.414221]"
,MHUL,Mehuwala Halt,,,Point,"[75.31496800000001, 29.411154]"
Rajasthan,ORKI,ORKI,NR,"National Highway 15, Rajasthan",Point,"[73.891318, 30.091597]"
Punjab,HYA,HADIAYA,NR,"Khudi Rd, Punjab",Point,"[75.477006, 30.337054]"
Jharkhand,MLQ,Malkera Junction,SER,"National Highway 32, Jharkhand",Point,"[86.29694900000001, 23.779733]"
Andhra Pradesh,KOHR,Kohir Deccan,SCR,"Telangana Region, Andhra Pradesh",Point,"[77.71197699999999, 17.608886]"
Haryana,HMQ,HIMMATPURA,NR,"Tohana, Haryana",Point,"[75.860597, 29.750497]"
West Bengal,NBKH,NABA GRAM KANKU,ER,"Nabagram Kakurhati, West Bengal",Point,"[88.10026, 23.661572]"
West Bengal,ABKA,AMBIKA KALNA,ER,"Kalna, West Bengal",Point,"[88.353984, 23.211377]"
West Bengal,KMAE,KHAMARGACHHI,ER,"Khamargachi, West Bengal",Point,"[88.44421, 23.054229]"
,IPPM,IPURUPALEM,,,Point,"[80.38512200000001, 15.851913000000001]"
Haryana,KNNK,Kanina Khas,NWR,"MDR 124, Haryana",Point,"[76.300375, 28.321248999999998]"
,NZD,NUZVID,,,Point,"[80.96152799999999, 16.649931]"
Uttar Pradesh,KNH,Konch,NCR,"Kocha, Uttar Pradesh",Point,"[79.15770702, 25.99510551]"
,VAT,VATLUR,,,Point,"[81.044473, 16.69451]"
West Bengal,HOJ,HAMITONGANJ,NFR,"Hamiltonganj, West Bengal",Point,"[89.416841, 26.688907]"
,IPRA,IPRA,,,,
,KMKD,KHAMKHED,,,Point,"[76.122339, 20.904161000000002]"
,NSI,NIKURSINI,,,Point,"[87.30618600000001, 22.004654000000002]"
Punjab,KTKL,KOTLI KALAN,NR,"State Highway 12A, Punjab",Point,"[75.297550556, 30.0411022365]"
Orissa,JSRD,Jhankad Sarala Road,?,"Jhankad, Orissa",Point,"[86.304284, 20.290186]"
,DPT,Dalpat Singhpur,,,Point,"[73.524416, 29.929458]"
,BLDA,BELDA,,,Point,"[87.33691374, 22.07144398]"
,MAKR,MALKHERI,,,Point,"[78.223009, 24.169924]"
,DC,MAGUDANCHAVADI,,,Point,"[77.987264, 11.55092]"
,BJQ,BAGHORA,,,Point,"[78.2603362, 24.1358767]"
,KYE,KHURAI,,,Point,"[78.33112799999999, 24.051525]"
,SMRR,SUMRERI,,,Point,"[78.399411, 24.006945]"
Gujarat,KOY,KHEROL,WR,"State Highway 237, Gujarat",Point,"[72.934133, 23.310434]"
Gujarat,JLM,JALIYA MATH,WR,"State Highway 68, Gujarat",Point,"[72.877596, 23.227583000000003]"
,JRK,JERUWA KHERA,,,Point,"[78.478729, 23.973744999999997]"
,CV,KAVERI,,,Point,"[77.760945, 11.351027]"
,ISH,ISARWARA,,,Point,"[78.548987, 23.927214]"
,CPMR,CPMR,,,,
,NOI,NARIAOLI,,,Point,"[78.604147, 23.89567]"
Haryana,KSI,Kosli,NWR,"Tumna Rd, Haryana",Point,"[76.464704, 28.411947]"
,RTZ,RATONA,,,Point,"[78.685372, 23.83539]"
,SGO,SAUGOR,,,Point,"[78.74292, 23.84735]"
Kerala,KUV,Kundara,SR,"Kundara, Kerala",Point,"[76.67854899999999, 8.960373]"
Delhi NCT,DEC,DELHI CANTT,NR,"Mayapuri Industrial Area Phase II/Lajwanti Garden, Delhi NCT",Point,"[77.116577, 28.613534]"
,MKRN,MAKRONIA,,,Point,"[78.80807700000001, 23.867050000000003]"
,LDA,LIDHORA KHURD,,,Point,"[78.87232300000001, 23.852972]"
,KYX,KARHIYA BHADELI,,,Point,"[79.50456299999999, 23.858463999999998]"
,GTY,GOLA PATI,,,Point,"[79.738652, 23.798776]"
,SAO,SAGONI,,,Point,"[79.8114389709, 23.811896152499997]"
,SYA,SALAIA,,,Point,"[79.96911659119999, 23.8460764217]"
Chhattisgarh,KMLR,Kamalur,ECoR,"Kamalur, Chhattisgarh",Point,"[81.276887, 18.854521000000002]"
,MJGP,MAJHGAWAN PHATA,,,Point,"[80.3474740967, 23.883133289299998]"
,KMZ,KATNI MURWARA,,,Point,"[80.4014844, 23.8343563]"
Jharkhand,KNPS,Kendposi,SER,"National Highway 75, Jharkhand",Point,"[85.73248199999999, 22.294845000000002]"
,BKO,BINDKI ROAD,,,Point,"[80.580557, 26.116562000000002]"
,KSQ,KANSPUR GUGAULI,,,Point,"[80.625838, 26.074302]"
Maharashtra,NGTN,NAGOTHANE,CR,"Raigad, Maharashtra",Point,"[73.14076899999999, 18.539932]"
Jharkhand,KNF,Khanudih,SER,"Bokaro, Jharkhand",Point,"[86.19215700000001, 23.820217999999997]"
,AGD,AGASOD,,,Point,"[78.216912, 24.234023]"
,KOA,KARONDA,,,Point,"[78.265477, 24.330273]"
,MXS,MOHASA,,,Point,"[78.2889, 24.378687]"
Haryana,KORI,Khori,NWR,"State Highway 26, Haryana",Point,"[76.498091, 28.187268]"
,DUA,DHAURA,,,Point,"[78.321791, 24.44965]"
,JLN,JAKHALAUN,,,Point,"[78.341911, 24.547359]"
,JRO,JIRON,,,Point,"[78.361937, 24.608534000000002]"
,LAR,LALITPUR,,,Point,"[78.395791, 24.688222]"
,DWA,DAILWARA,,,Point,"[78.392945, 24.78059]"
,JHA,JAKHAURA,,,Point,"[78.400513, 24.870821]"
,GKB,GHATAKA VARANA,,,Point,"[76.160353, 25.506883]"
Uttar Pradesh,LRD,LAR ROAD,NER,"Deoria, Uttar Pradesh",Point,"[83.91018299999999, 26.21389]"
Punjab,LHM,LEHRA MUHABBAT,NR,"National Highway 64, Punjab",Point,"[75.162817, 30.236037]"
,JL,JALGAON JN,,,Point,"[75.56287499999999, 21.018114999999998]"
,ARE,ARNETHA,,,Point,"[76.01867416990001, 25.3897784806]"
Maharashtra,LBG,LIMBGAON,SCR,"Huzur Sahib Nanded, Maharashtra",Point,"[77.2061342529, 19.176458097999998]"
,KPTN,KESHORAI PATAN,,,Point,"[75.937733, 25.324522]"
,GNCN,GURLA N CABIN,,,Point,"[75.9046559998, 25.2972303873]"
,HPR,HIRAPUR,,,Point,"[74.9366600031, 20.424540226700003]"
,GQLN,GURLA N,,,Point,"[75.90029863459999, 25.2936031538]"
Punjab,MASK,MAISAR KHANA,NR,"State Highway 12A, Punjab",Point,"[75.13917000000001, 30.099805]"
Gujarat,LKBL,LAKHABAWAL,WR,"Jamnagar, Gujarat",Point,"[69.99951399999999, 22.409215]"
,GQLW,GURLA W,,,Point,"[75.8848308038, 25.2903301845]"
Tamil Nadu,KZY,Kayalpattinam,SR,"Arumuganeri, Tamil Nadu",Point,"[78.09973, 8.566912]"
,GQL,GURLA,,,Point,"[75.88526800000001, 25.270233]"
,SNJL,SANJALI,,,Point,"[72.98861337459999, 21.5758091157]"
,XX-CLDO,XX-CLDO,,,,
,DDYX,DDYX,,,,
Uttar Pradesh,KURO,Korari,NR,"State Highway 38, Uttar Pradesh",Point,"[80.529002, 26.48788]"
,XX-SUNB,XX-SUNB,,,,
,KSB,KOSAMBA JN,,,Point,"[72.95459799999999, 21.464052]"
,KCCN,KCCN,,,Point,"[75.879265, 25.239081]"
,MNVL,MNVL,,,,
Rajasthan,KMNP,Kishan Manpura,NWR,"State Highway 19, Rajasthan",Point,"[75.504945, 27.299546000000003]"
,STN,SITARAMPUR,,,Point,"[86.896472, 23.723864]"
,TNW,THAPAR NAGAR,,,Point,"[86.70137, 23.769198]"
Bihar,MAI,MEHSI,ECR,"Mehsi, Bihar",Point,"[85.096319, 26.354898000000002]"
Karnataka,LMT,ALMATTI,SWR,"Bijapur, Karnataka",Point,"[75.90050000000001, 16.3459]"
Uttar Pradesh,KXK,Kharkhauda,NR,"State Highway 18, Uttar Pradesh",Point,"[77.73904300000001, 28.833444999999998]"
Andhra Pradesh,LKDU,Lankalakoderu,SCR,"Lankala Koderu, Andhra Pradesh",Point,"[81.68124399999999, 16.534517]"
Chhattisgarh,ABKP,AMBIKAPUR,SECR,"Surguja, Chhattisgarh",Point,"[83.14510899999999, 23.137032]"
Gujarat,LM,LIMBDI,WR,"Limbdi, Gujarat",Point,"[71.789599, 22.566039999999997]"
Uttar Pradesh,LGO,LalgopalGanj,NR,"Lal Gopalganj, Uttar Pradesh",Point,"[81.630185, 25.642195]"
,CI,CHHAPRA KACHERI,,,Point,"[84.74709499999999, 25.785987000000002]"
,GJH,GOLDINGANJ,,,Point,"[84.827254, 25.754174]"
,KGWD,KAGWAD,,,,
West Bengal,LAP,Lohapur,ER,"Sagardighi Railway Station, West Bengal",Point,"[87.963719, 24.302357]"
,JAQ,JANDRAPETA,,,Point,"[80.333681, 15.809517]"
,CLX,CHIRALA,,,Point,"[80.353602, 15.830755]"
,VRVL,VIRAVALLI,,,Point,"[80.912201, 16.615947]"
Punjab,KUP,KUP,NR,"Kup Khurd, Punjab",Point,"[75.852845957, 30.6007316295]"
,CRWL,CHAK RAKHWAL,,,,
Uttar Pradesh,LLJ,LalGanj,NR,"Lalganj, Uttar Pradesh",Point,"[80.973175, 26.172392000000002]"
,CKB,CHAUTH KA BARWARA,,,Point,"[76.14905300000001, 26.051333]"
Rajasthan,CRKR,CHAURAKHERI,WCR,"Chaurakher, Rajasthan",Point,"[77.12201900000001, 24.567234000000003]"
Rajasthan,DXD,DIGOD,WCR,"Kota, Rajasthan",Point,"[76.01539600000001, 25.196344]"
West Bengal,KJME,KAJORAGRAM,ER,"Near Andal, West Bengal",Point,"[87.18466500000001, 23.615327]"
Maharashtra,MAE,Matheran,CR,"Matheran, Maharashtra",Point,"[73.270911, 18.989244]"
Rajasthan,MADA,Maonda,NWR,"State Highway 13, Rajasthan",Point,"[75.827673, 27.809478]"
,VRPD,VIRAPANDY ROAD,,,Point,"[78.07458100000001, 11.59699]"
,KBN,KARBIGWAN,,,Point,"[80.502629, 26.200502]"
,AUNG,AUNG,,,Point,"[80.544495, 26.16423]"
Maharashtra,LNN,LONAND,CR,"Jn Point Daund /Miraj /Pune, Maharashtra",Point,"[74.190477, 18.040769]"
,SLV,SANDALPUR,,,Point,"[78.19639500000001, 26.113488]"
,STLI,SITHOULI,,,Point,"[78.18700399999999, 26.145594]"
,GWL,GWALIOR JN,,,Point,"[78.18229199999999, 26.216483]"
,RRU,RAYARU,,,Point,"[78.12986400000001, 26.307454]"
,BAO,BANMOR,,,Point,"[78.0989272, 26.355565]"
Rajasthan,KXA,Kuanriya,NWR,"State Highway 12, Rajasthan",Point,"[74.000153, 25.130668]"
,NUB,NURABAD,,,Point,"[78.078092, 26.406043999999998]"
,SANK,SANK,,,Point,"[78.059751, 26.430519999999998]"
,MRA,MORENA,,,Point,"[78.003442, 26.500504]"
,HET,HETAMPUR,,,Point,"[77.942969, 26.611148]"
,GHER,GHER,,,Point,"[77.950981, 26.666953]"
,DHO,DHAULPUR,,,Point,"[77.90604900000001, 26.697592]"
Tamil Nadu,KZB,Kurumbur,SR,"Thoothukudi, Tamil Nadu",Point,"[78.03964, 8.585754999999999]"
Andhra Pradesh,NCU,Nallacheruvu,SCR,"Chennai - Anantpur Rd, Andhra Pradesh",Point,"[78.17773399999999, 14.020565]"
,MIA,MANIA,,,Point,"[77.91964999999999, 26.805806]"
,JJ,JAJAU,,,Point,"[77.936725, 26.934561]"
,BFP,BILOCHPURA AGRA,,,Point,"[77.987169, 27.202619000000002]"
Madhya Pradesh,LWS,LUKWASA,WCR,"Lukwasa, Madhya Pradesh",Point,"[77.590102, 25.110195]"
,RNKA,RUNKUTA,,,Point,"[77.89793499999999, 27.22285]"
,TKEC,TUGLAKABAD EAST CABIN,,,Point,"[77.276461, 28.547701]"
Uttar Pradesh,MALA,MALA,NER,"Pilibhit, Uttar Pradesh",Point,"[79.916972, 28.592851]"
Assam,MBO,Mairabari,NFR,"Nagaon, Assam",Point,"[92.421058, 26.450839000000002]"
Rajasthan,MAA,MAVAL,NWR,"National Highway 14, Rajasthan",Point,"[72.70044, 24.432277]"
Rajasthan,KWI,KIVARLI,NWR,"Shri Amirgadh, Rajasthan",Point,"[72.8424186963, 24.5405071601]"
,SLBN,SALAI BANWA,,,Point,"[83.00889543950001, 24.421213361299998]"
,DIWR,DIWR,,,,
,CUKI,CUKI,,,,
,NKJ,NEW KATNI JN,,,Point,"[80.4204539438, 23.8136370394]"
Tamil Nadu,MMM,MANDAPAM,SR,"National Highway 49, Tamil Nadu",Point,"[79.157354, 9.280516]"
Uttar Pradesh,MJHL,MAJADA HALT,NR,"Majada Halt, Uttar Pradesh",Point,"[78.74320900000001, 28.461762]"
Andhra Pradesh,MLMG,MALLEMADUGU,SCR,"Khammam, Andhra Pradesh",Point,"[80.1605882117, 17.3251381906]"
,RTGN,RATANGAON,,,Point,"[79.8925106329, 23.8365760851]"
,PTHD,PATOHAN,,,Point,"[80.1904672913, 23.914016508499998]"
Maharashtra,MLSU,MALSAILU,SCR,"Hingoli, Maharashtra",Point,"[77.1232376385, 19.8680489165]"
,XX-BDXO,XX-BDXO,,,,
Punjab,ABS,ABOHAR,NR,"Abohar, Punjab",Point,"[74.19568617739999, 30.1393834225]"
Assam,MONJ,MONGLAJHORA,NFR,"Dhubri Kochugaon Rd, Assam",Point,"[89.963309, 26.259236]"
Uttar Pradesh,MHO,MAHPUR,NER,"Mahpur Bhimapar Marg, Uttar Pradesh",Point,"[83.246984, 25.605166]"
Madhya Pradesh,GSPR,GOSALPUR,WCR,"Jabalpur, Madhya Pradesh",Point,"[80.059225, 23.381806]"
Madhya Pradesh,MML,MADAN MAHAL,WCR,"Jabalpur, Madhya Pradesh",Point,"[79.920425, 23.159475]"
Karnataka,MLP,MALLAPUR,SWR,"State Highway 30, Karnataka",Point,"[75.610219, 15.672447]"
West Bengal,ABW,Abutara Halt,NFR,"Dinhata, West Bengal",Point,"[89.5868746, 26.0707762]"
,VGL,VAGHLI,,,Point,"[75.074337, 20.522648999999998]"
Andhra Pradesh,MGB,Mudigubba,SCR,"Mudigubba, Andhra Pradesh",Point,"[77.994996, 14.349934000000001]"
Rajasthan,MKSR,Mokalsar,NWR,"Mokalsar, Rajasthan",Point,"[72.5180445245, 25.625350216]"
Karnataka,MYK,MAYAKONDA,SWR,"State Highway 47, Karnataka",Point,"[76.08138100000001, 14.284214]"
Delhi NCT,DKZ,DELHI KISHANGANJ,NR,"Sarai Rohilla, Delhi NCT",Point,"[77.201256, 28.664731999999997]"
Gujarat,MORA,MORAIYA,WR,"National Highway 8A, Gujarat",Point,"[72.454814, 22.946834]"
Haryana,KRZ,KHARAWAR,NR,"Kharawar, Haryana",Point,"[76.681044, 28.83154]"
Maharashtra,MKDD,MUKUNDWADI HALT,SCR,"Aurangabad, Maharashtra",Point,"[75.367553, 19.859544]"
Maharashtra,ABX,AMBARI,SCR,"Kinwat, Maharashtra",Point,"[78.2166847791, 19.6893606972]"
,BQT,BAKTAR NAGAR,,,Point,"[87.15689900000001, 23.589945]"
,RNG,RANIGANJ,,,Point,"[87.11698, 23.602851]"
,NMC,NIMCHA,,,Point,"[87.090288, 23.626716]"
,KPK,KALIPAHARI,,,Point,"[87.01593, 23.6652]"
,ASNE,ASANSOL EAST,,,Point,"[86.991176, 23.686432]"
,ASN,ASANSOL JN,,,Point,"[86.975152, 23.691441]"
,BCQ,BARACHAK,,,Point,"[86.92813299999999, 23.706726]"
Madhya Pradesh,MIAL,Milaoli,NCR,"National Highway 3, Madhya Pradesh",Point,"[78.120963, 26.296423]"
Maharashtra,ZARP,ZARAP,KR,"Sindhudurg, Maharashtra",Point,"[73.734105, 15.94768]"
Bihar,MGI,Manigachi,ECR,"Darbhanga, Bihar",Point,"[86.146605, 26.213719]"
West Bengal,MHN,Mahanadi,NFR,"Pankhabari Rd, West Bengal",Point,"[88.318628, 26.882301000000002]"
Orissa,MKRD,Machhakunda,ECoR,"Padwa Rd, Orissa",Point,"[82.666955, 18.566875]"
Bihar,MHI,Manihari,NFR,"Manihari Railway Station, Bihar",Point,"[87.6197250085, 25.343215469]"
Tamil Nadu,HLG,Hillgrove,SR,"Nilgiris, Tamil Nadu",,
,TOU,TELAPROLU,,,Point,"[80.890556, 16.598822000000002]"
West Bengal,MDKD,MADHUKUNDA,SER,"Barakar, West Bengal",Point,"[86.869091, 23.626630000000002]"
,PMPR,PAMPORE,,,Point,"[80.4835424152, 26.2451000771]"
Maharashtra,MRJ,MIRAJ JN,CR,"Maniknagar Bypass, Maharashtra",Point,"[74.638839, 16.819946]"
,BHA,BHANDAI,,,Point,"[77.96680748, 27.06906445]"
Jammu and Kashmir,MNWL,MANWAL,NR,"Jandrah, Jammu and Kashmir",Point,"[75.13222499999999, 32.769105]"
,AGC,AGRA CANTT,,,Point,"[77.990153, 27.157992]"
,RKM,RAJA KI MANDI,,,Point,"[77.996613, 27.193811]"
,KXM,KITHAM,,,Point,"[77.817054, 27.253709]"
,FHT,FARAH TOWN,,,Point,"[77.75808599999999, 27.318183]"
Andhra Pradesh,MDVL,MANDAVALLI,SCR,"Mandavalli, Andhra Pradesh",Point,"[81.1607440393, 16.518809308199998]"
,FAR,FARAH,,,Point,"[77.743659, 27.334474]"
West Bengal,CPLE,CHINPAI,ER,"National Highway 60, West Bengal",Point,"[87.46063699999999, 23.839677000000002]"
,BAD,BAAD,,,Point,"[77.68965184, 27.3959406]"
,VRBD,VRINDABAN ROAD,,,Point,"[77.622835, 27.555461]"
,AJH,AJHAI,,,Point,"[77.55842299999999, 27.63615]"
,CHJ,CHATA,,,Point,"[77.502978, 27.711992000000002]"
,KSV,KOSI KALAN,,,Point,"[77.445999, 27.788551]"
,BNCR,BANCHARI,,,Point,"[77.362553, 27.953084999999998]"
Rajasthan,MJNL,MAJRI NANGAL,NWR,"State Highway 52, Rajasthan",Point,"[76.554869, 28.011996999999997]"
,DSPT,DANISHPET,,,Point,"[78.1382563446, 11.858919162400001]"
,SHLK,SHOLAKA,,,Point,"[77.360583, 27.973644]"
,PWL,PALWAL,,,Point,"[77.34223200000001, 28.151841]"
,AST,ASAOTI,,,Point,"[77.323569, 28.250878]"
,PYLA,PIYALA BLOCK HUT,,,Point,"[77.317824, 28.288129]"
,BVH,BALLABGARH,,,Point,"[77.312775968, 28.3408609239]"
,TNT,TINNAPPATTI,,,Point,"[78.09880299999999, 11.812422]"
,KPPR,KARUPPUR,,,Point,"[78.090379, 11.724176]"
,FDN,FARIDABAD NEW TOWN,,,Point,"[77.30936799999999, 28.376247999999997]"
,TKDC,TUGLAKABAD CABIN,,,Point,"[77.303032, 28.458853]"
,TKD,TUGLAKABAD,,,Point,"[77.294046, 28.511962999999998]"
Uttar Pradesh,MIN,Mihinpurwa,NER,"Mihinpurwa, Uttar Pradesh",Point,"[81.38446715209999, 28.0273441203]"
Maharashtra,MME,Mul Marora,SECR,"Mul, Maharashtra",Point,"[79.65827900000001, 20.053466]"
Punjab,MDPB,MADHOPUR PUNJAB,NR,"Madhopur, Punjab",Point,"[75.594728, 32.359168000000004]"
Punjab,GILA,GHIALA,NR,"MDR 42, Punjab",Point,"[75.64393899999999, 32.151615]"
Punjab,MEX,MUKERIAN,NR,"Mukerian, Punjab",Point,"[75.61183799999999, 31.941873]"
Rajasthan,MLC,MALKISAR,NWR,"Bikaner, Rajasthan",Point,"[73.862645, 28.654232]"
Rajasthan,KVJ,KESHAVGANJ,NWR,"Jawai Bandh, Rajasthan",Point,"[73.07132899999999, 24.856164]"
Bihar,NEMA,Nema Halt,?,"National Highway 22, Bihar",Point,"[85.0722485132, 25.409592285400002]"
Tamil Nadu,MV,MAYILADUTURAI JN,SR,"Mayiladuthurai, Tamil Nadu",Point,"[79.62868, 11.095237000000001]"
West Bengal,NILE,NIMTITA,ER,"NH-34, West Bengal",Point,"[88.00764, 24.625338]"
Gujarat,BLRD,BALA ROAD,WR,"State Highway 19, Gujarat",Point,"[71.703754, 22.80462]"
Maharashtra,MRTY,MURTI,SCR,"State Highway 169, Maharashtra",Point,"[76.59157300000001, 18.681887]"
Tamil Nadu,MCJ,MANJATTIDAL,SR,"Mela Kalkandar Kottai Tiruchchirappalli 620011, Tamil Nadu",Point,"[78.731401, 10.792057]"
,VG,VIRAMGAM JN,,,Point,"[72.052968, 23.129098]"
,RHNE,ROHINI,,,Point,"[74.859800722, 20.3628714458]"
,XSK,SOKALI,,,Point,"[72.09033854249999, 23.1031879212]"
,JKA,JAKHVADA,,,Point,"[72.1353813153, 23.0872076126]"
,VCN,VIROCHANNAGAR,,,Point,"[72.1961836121, 23.0784842293]"
,TGR2,BLOCK AND CATCH SIDING CABINE NO.2,,,Point,"[73.499954, 19.701406]"
Madhya Pradesh,MZH,MAUHARI,SECR,"Amarkantak Rd, Madhya Pradesh",Point,"[81.769465, 23.118661000000003]"
Karnataka,MVD,MULVAD,SWR,"Bijapur, Karnataka",Point,"[75.746926, 16.620372]"
Karnataka,NDV,NIDVANDA,SWR,"NH 207, Karnataka",Point,"[77.2731255127, 13.245141950999999]"
,CE,CHHARODI,,,Point,"[72.2509186072, 23.049123517599998]"
Bihar,MRHA,Murahara,?,"Murahara, Bihar",Point,"[86.9345261145, 24.9133804384]"
,WSE,VASAN IYAWA,,,Point,"[72.3131250098, 23.026557611799998]"
Orissa,NANR,Naranpur,ECoR,"Naranpur Railway Station, Orissa",Point,"[85.63786800000001, 21.617209]"
,SPBK,SPBK,,,,
,SAU,SANAND,,,Point,"[72.3847494653, 23.024215821600002]"
,GGM,GORA GHUMA,,,Point,"[72.454405, 23.038847999999998]"
,ABD,AMBLI ROAD,,,Point,"[72.494044, 23.05437]"
,CLDY,CHANDLODIYA,,,Point,"[72.543606, 23.074516000000003]"
Rajasthan,NDH,Nindhar Benar,NWR,"Benad Rd, Rajasthan",Point,"[75.7290964111, 27.003881709799998]"
,KOTA,KOTA JN,,,Point,"[75.8805, 25.223553]"
,SBTF,SABARMATI F CABIN,,,Point,"[72.57010600000001, 23.085912]"
Uttar Pradesh,MTH,MATAUNDH,NCR,"National Highway 76, Uttar Pradesh",Point,"[80.148507, 25.418978]"
,NAD,NAGDA JN,,,Point,"[75.41249099999999, 23.45592]"
,KRSA,KHARSALIYA,,,Point,"[73.55448093439999, 22.7050879399]"
,DRL,DEROL,,,Point,"[73.462158, 22.630205]"
Karnataka,NDY,Nandi Halt,SWR,"Nandi, Karnataka",Point,"[77.71248600000001, 13.384141999999999]"
,BRC,VADODARA JN,,,Point,"[73.181065, 22.310756]"
,BKRL,BAKROL,,,Point,"[73.4192042773, 22.5881026822]"
,TNGR,THONGANUR,,,Point,"[78.358665, 12.082270000000001]"
,BDY,BUDDIREDDIPPATI,,,Point,"[78.3127518, 12.044658609999999]"
,BQI,BOMMIDI,,,Point,"[78.2462805359, 11.984698435]"
,LCR,LOKUR,,,Point,"[78.174049, 11.927787]"
Assam,MZQ,MAJGAON ASSAM,NFR,"National HIghway 31, Assam",Point,"[90.57413700000001, 26.430697]"
,CPN,CHAMPANER RD JN,,,Point,"[73.393378, 22.541916]"
,LAN,LOTANA,,,Point,"[73.363557, 22.523268]"
,SMLA,SAMLAYA JN,,,Point,"[73.302104, 22.483966]"
,AIR,ALINDRA ROAD,,,Point,"[73.239854, 22.440575]"
,PIO,PILOL,,,Point,"[73.186675, 22.39641]"
Jharkhand,MQX,MERALGRAM,ECR,"Garhwa, Jharkhand",Point,"[83.70963400000001, 24.19691]"
,CYI,CHHAYAPURI,,,Point,"[73.179698, 22.388284]"
Punjab,MYE,Mandhali,NR,"Mandhali, Punjab",Point,"[75.831855, 31.204703000000002]"
,SRWN,SARASWATINAGAR,,,Point,"[81.603905, 21.251382]"
Uttar Pradesh,MWF,MAGARDAHA,ECR,"Obra, Uttar Pradesh",Point,"[82.905844, 24.388752999999998]"
Madhya Pradesh,MFQ,MAHROI,WCR,"State Highway 10, Madhya Pradesh",Point,"[80.919501, 23.951414]"
Madhya Pradesh,LEK,LAKHAKHERA,WCR,"Lakhakhera, Madhya Pradesh",Point,"[80.574139, 23.7639]"
Andhra Pradesh,NDM,NIDAMANURU,SCR,"Vijayawada, Andhra Pradesh",Point,"[80.730551, 16.507237]"
Bihar,MTR,MOTIPUR,ECR,"National Highway 28, Bihar",Point,"[85.1681972229, 26.257038720999997]"
Jharkhand,MRLI,Murli Halt,ER,"Pakur, Jharkhand",Point,"[87.77319899999999, 25.017163]"
Chhattisgarh,MWRN,Madwarani,SECR,"Janjgir-Champa, Chhattisgarh",Point,"[82.711553, 22.165407000000002]"
,DDAC,DDAC,,,,
,XX-ANK,XX-ANK,,,,
,RXM,ROOMA,,,Point,"[80.43035699999999, 26.35704]"
Maharashtra,NIRA,NIRA,CR,"Satara, Maharashtra",Point,"[74.20908244200001, 18.1049649229]"
,HALT,HALT,,,,
,ULT,KULTI,,,Point,"[86.84886999999999, 23.737816]"
Andhra Pradesh,MTV,Matalkunta,SCR,"Telangana Region, Andhra Pradesh",Point,"[77.56294000000001, 17.768291]"
,BRR,BARAKAR,,,Point,"[86.818859, 23.7416829]"
,KMME,KUMARDUBI,,,Point,"[86.794065, 23.747453]"
,MMU,MUGMA,,,Point,"[86.747614, 23.751414]"
,KAO,KALUBATHAN,,,Point,"[86.661294, 23.758149]"
,PKA,PRADHANKHUNTA,,,Point,"[86.515977, 23.772589999999997]"
Uttar Pradesh,MSTH,Misrikh Tirath,NR,"Sitapur, Uttar Pradesh",Point,"[80.530303, 27.422483999999997]"
Bihar,MRIJ,Murliganj,ECR,"Murliganj, Bihar",Point,"[87.000446, 25.888506]"
,DOKM,DOKRA HALT,,,Point,"[86.480808, 23.782884]"
,DHN,DHANBAD JN,,,Point,"[86.428956, 23.790966]"
Uttar Pradesh,MGWN,MAHGAWAN HALT,NR,"Nawab Yousuf Rd, Uttar Pradesh",Point,"[82.69625099999999, 25.817255999999997]"
Uttar Pradesh,DDD,DHONDHA DIH,NER,"MDR 94E, Uttar Pradesh",Point,"[83.79552, 25.672848]"
Maharashtra,KHED,KHED,KR,"Khed, Maharashtra",Point,"[73.40881499999999, 17.712059]"
Karnataka,AT,ASNOTI,KR,"Uttara Kannada, Karnataka",Point,"[74.147683, 14.876286]"
Andhra Pradesh,MTM,Machilipatnam,SCR,"Machilipatnam, Andhra Pradesh",Point,"[81.137763, 16.171258]"
,JN,JHUND,,,Point,"[71.936146626, 23.1606089618]"
,SADL,SADLA,,,Point,"[71.850678, 23.134597]"
,BDI,BHADLI,,,Point,"[75.672912326, 21.0236632507]"
,TRW,TARSOD,,,Point,"[75.63321499999999, 21.025557000000003]"
Maharashtra,OSA,AUSA ROAD,CR,"State Highway 77, Maharashtra",Point,"[76.4079921729, 18.3772296262]"
,KJ,KAJGAON,,,Point,"[75.140405, 20.573753]"
Rajasthan,NMD,NOMODA,WCR,"MDR 111, Rajasthan",Point,"[76.57945000000001, 26.280074]"
Maharashtra,HDGR,HADGAON ROAD,SCR,"Nanded, Maharashtra",Point,"[77.722863, 19.332338999999997]"
Gujarat,PRJ,PRANTIJ,WR,"National Highway 8, Gujarat",Point,"[72.862688, 23.439324000000003]"
,CSN,CHALISGAON JN,,,Point,"[74.999049, 20.464109]"
,BRGZ,VADODARA E CABIN,,,Point,"[73.159395, 22.363671]"
Bihar,NRV,NARIYAR,ECR,"Nariyaar, Bihar",Point,"[85.217642, 26.240375999999998]"
Uttar Pradesh,NRY,Nyoriya Husenpur,NER,"Neoria Husainpur, Uttar Pradesh",Point,"[79.88966099999999, 28.734528]"
Rajasthan,PPF,PIPLAJ,NWR,"Beawar, Rajasthan",Point,"[74.377466, 26.164809]"
Rajasthan,APA,AMARPURA,NWR,"Kharwa, Rajasthan",Point,"[74.249302, 26.110972999999998]"
Jharkhand,NUQ,NAGAR UNTARI,ECR,"Garhwa, Jharkhand",Point,"[83.51416499999999, 24.285735]"
,KSE,KOSAD,,,Point,"[72.86573000000001, 21.255892]"
Karnataka,SBC,BANGALORE CITY JN,SWR,"Bengaluru, Karnataka",Point,"[77.56808299999999, 12.977595]"
,TLD,TILDA,,,Point,"[81.794586, 21.550734]"
Karnataka,GED,GULEDAGUDDA RD,SWR,"SH 44, Karnataka",Point,"[75.69565899999999, 16.069516]"
Karnataka,NBL,NIMBAL,SWR,"Bijapur, Karnataka",Point,"[75.859907, 17.118384]"
Madhya Pradesh,NVG,Nawagaon,CR,"Nayagaon, Madhya Pradesh",Point,"[78.436386, 22.088704]"
Kerala,NIL,Nilambur Road,SR,"Nilambur, Kerala",Point,"[76.254779, 11.278805]"
Jharkhand,NOMD,Noamundi,SER,"National Highway 215, Jharkhand",Point,"[85.513684, 22.15311]"
Uttar Pradesh,ACH,Achalganj,NR,"Bithar, Uttar Pradesh",Point,"[80.54541499999999, 26.444642]"
Madhya Pradesh,OSRA,Osra,WR,"Madhya Pradesh, Madhya Pradesh",Point,"[75.77929449999999, 23.1782623]"
Andhra Pradesh,PAGM,Pennada Agraharam,SCR,"West Godavari, Andhra Pradesh",Point,"[81.577652, 16.541296]"
Assam,NLN,NAILALUNG,NFR,"TV Centre Road, Assam",Point,"[93.3888097504, 25.7743785055]"
,KDY,KETTANDAPATTI,,,Point,"[78.57149100000001, 12.626458]"
,XX-GTLB,XX-GTLB,,,,
,UGD,UPPUGUNDURU,,,Point,"[80.194463, 15.650668]"
,XX-TNGC,XX-TNGC,,,,
,XX-HPTB,XX-HPTB,,,,
,CJM,CHINNA GANJAM,,,Point,"[80.236773, 15.689502]"
,KVDU,KADAVAKUDURU,,,Point,"[80.2572977045, 15.722540512]"
Assam,OTN,OATING,NFR,"National Highway 39, Assam",Point,"[93.9872737866, 26.429808896500003]"
Assam,NZR,NAZIRA,NFR,"Nazira Ali, Assam",Point,"[94.72847999999999, 26.905961]"
Tamil Nadu,NMN,Namanasamudram,SR,"Namunasamudiran, Tamil Nadu",Point,"[78.777507, 10.327487]"
Tripura,NPU,Nadiapur,NFR,"Nadiapur, Tripura",Point,"[92.204092, 24.385641000000003]"
Uttar Pradesh,NNX,NANAUTA,NR,"MDR 2W, Uttar Pradesh",Point,"[77.442397, 29.712202]"
,MTJ,MATHURA JN,,,Point,"[77.67311699999999, 27.480145]"
,ITRN,Itwari Jn (Ng),,,Point,"[79.118302, 21.156859]"
,BTSR,BHUTESHWAR,,,Point,"[77.66784, 27.501369999999998]"
,HDL,HODAL,,,Point,"[77.38869, 27.886147]"
,OKA,OKHLA,,,Point,"[77.264825, 28.559332]"
Uttar Pradesh,OEL,OEL,NER,"Oel, Uttar Pradesh",Point,"[80.74816, 27.819798]"
Uttar Pradesh,PD,PHARADAHAN,NER,"SH 21, Uttar Pradesh",Point,"[80.631949, 27.993457]"
,MOLK,MOLAKARAMPATTI,,,Point,"[78.541815, 12.466956]"
,KEY,KAGANKARAI,,,Point,"[78.510114, 12.412541]"
,KNNT,KUNNATHUR,,,Point,"[78.49737599999999, 12.360518]"
,SLY,SAMALPATTI,,,Point,"[78.484032, 12.311594]"
,DST,DASAMPATTI,,,Point,"[78.438356, 12.251026000000001]"
,MAP,MORAPPUR,,,Point,"[78.393874, 12.124073000000001]"
Uttar Pradesh,NSA,Nishangara,NER,"Uttar Pradesh, Uttar Pradesh",Point,"[81.311271, 28.112457]"
Karnataka,OGM,Oorgaum,SWR,"KGF, Karnataka",Point,"[78.259747, 12.95409]"
Orissa,NYG,Nayagarh,?,"National Highway 215, Orissa",Point,"[85.433342, 21.839609]"
Jharkhand,MHUR,Mohanpur,ER,"Mohanpur, Jharkhand",Point,"[86.78564800000001, 24.488460999999997]"
Tamil Nadu,ONR,Coonoor,SR,"Coonoor, Tamil Nadu",Point,"[76.791337, 11.343714]"
Andhra Pradesh,OBM,Obalapuram,SWR,"Bellary-Hiriyur Rd, Andhra Pradesh",Point,"[76.836422, 15.009799000000001]"
Chhattisgarh,KPRR,KOTAPAR ROAD,ECoR,"Bhansuli Kotpad PMGSY Rd, Chhattisgarh",Point,"[82.30895, 19.041434]"
,INDRG,INDRG,,,,
,GNSYM,GNSYM,,,,
,JTX,JATPIPLI,,,Point,"[71.7022163385, 23.076354329900003]"
,BAJN,BAJANA,,,Point,"[71.77207677000001, 23.10173524]"
,VSV,VASADVA,,,Point,"[71.5952838086, 23.0351625148]"
,DHG,DHRANGDHRA,,,Point,"[71.4791076, 22.9871651]"
,SUK,SUKHPUR,,,Point,"[71.243815, 23.014848]"
,HVD,HALVAD,,,Point,"[71.1829095, 23.0185158]"
,DHNL,DHANALA,,,Point,"[71.084085, 23.009171000000002]"
,DVY,DEVALIYA,,,Point,"[71.01248185, 23.02777493]"
,KHXB,KHAKHRECHI,,,Point,"[70.90346000000001, 23.056445]"
,WDHR,WADHARVA,,,Point,"[70.828521, 23.07645]"
,MALB,MALIYA MIYANA,,,Point,"[70.75488469119999, 23.103166868099997]"
,KATR,KATARIYA,,,Point,"[70.604533, 23.289037]"
,VONB,VONDH,,,Point,"[70.399876, 23.303951]"
,BCOB,BHACHAU BG,,,Point,"[70.34497200000001, 23.301391]"
,CHIB,CHIRAI BG,,,Point,"[70.242149, 23.208800999999998]"
,BMSB,BHIMASAR BG,,,Point,"[70.174975, 23.186504]"
,GIMC,GANDHIDHAM CABIN,,,Point,"[70.150716, 23.095023]"
Madhya Pradesh,PIP,PIPLIA,WR,"Panth Pipalia, Madhya Pradesh",Point,"[75.007483, 24.203692999999998]"
Maharashtra,PNF,PANGAON,SCR,"Pangaon, Maharashtra",Point,"[76.635315, 18.634293]"
Uttar Pradesh,PNRA,PANIARA,NER,"National Highway 29, Uttar Pradesh",Point,"[83.525851, 25.902065]"
Maharashtra,PRLI,PARLI VAIJNATH,SCR,"Parli-Vaijnath, Maharashtra",Point,"[76.524424, 18.853005]"
Himachal Pradesh,HRDR,HARSAR DEHRI,NR,"Harsar Dehri, Himachal Pradesh",Point,"[76.03849100000001, 32.104872]"
Gujarat,RKH,RAKHIYAL,WR,"Rakhiyal, Gujarat",Point,"[72.903803, 23.260621]"
Uttar Pradesh,PLK,PALIA KALAN,NER,"Palia Kalan, Uttar Pradesh",Point,"[80.582392, 28.426644]"
Tamil Nadu,KVL,KIZHELUR,SR,"THIRUKKANNANGUDI Rd, Tamil Nadu",Point,"[79.743134, 10.754287999999999]"
,SHU,SHOLINGHUR,,,Point,"[79.484589, 13.013974]"
Bihar,PPA,PIPRA,ECR,"National Highway 28, Bihar",Point,"[84.98573499999999, 26.489784]"
,SBT,SABARMATI JN,,,Point,"[72.58928200000001, 23.077545999999998]"
,SBTA,SABARMATI A CABIN,,,Point,"[72.59293100000001, 23.050805]"
,ANND,ANAND JN,,,Point,"[72.965733, 22.561307]"
,VXD,VADOD,,,Point,"[73.00645, 22.515278000000002]"
,VDA,VASAD JN,,,Point,"[73.05999100000001, 22.452351]"
,VS,VISHVAMITRI,,,Point,"[73.178656, 22.283932999999998]"
,MPR,MAKARPURA,,,Point,"[73.175422, 22.232706]"
,BSCN,BHUSAWAL C CABIN,,,Point,"[75.821624, 21.046545]"
Andhra Pradesh,PDL,PENDEKALLU,SCR,"Kurnool, Andhra Pradesh",Point,"[77.647361, 15.374513]"
,OLR,THRISSUR OLLUR HALT,,,Point,"[76.237184, 10.473341999999999]"
Karnataka,BDRL,BYADARAHALLI,SWR,"State Highway 17, Karnataka",Point,"[76.7520832336, 12.5019534049]"
Karnataka,Y,YELIYUR,SWR,"Bangalore-Mysore Rd, Karnataka",Point,"[76.82957502260001, 12.5106209267]"
,ACG,ACHEGAON,,,Point,"[75.934247, 20.976217]"
,CNBI,CHANDARI,,,Point,"[80.360645, 26.428098]"
,RPRL,RAPARLA HALT,,,Point,"[80.16912099999999, 15.619244]"
,KPLL,KOTTA PANDILA PALLI,,,Point,"[80.281949, 15.761413999999998]"
,VTM,VETAPALEMU,,,Point,"[80.30065, 15.783376]"
,IPPN,IPURUPALEM HALT,,,Point,"[80.385512, 15.852303000000001]"
Tamil Nadu,PUU,Punalur,SR,"Punalur, Tamil Nadu",Point,"[76.916104, 9.023336]"
Assam,HJI,HOJAI,NFR,"Hojai Rd. Ph:- 03674-252136., Assam",Point,"[92.851752, 26.001794]"
Rajasthan,RHI,Rakhi,NWR,"MDR 13, Rajasthan",Point,"[72.5544692444, 25.6871480115]"
Uttar Pradesh,MHBG,Mahadev Buzurg,NER,"Mahadeva Buzrug, Uttar Pradesh",Point,"[82.87452, 27.451000999999998]"
Bihar,PGC,Panchgachia,ECR,"Station Rd, Bihar",Point,"[86.59822100000001, 25.969294]"
,GDPT,GUDAPARTI,,,Point,"[82.13113915769999, 17.0281747457]"
,SLO,SAMALKOT JN,,,Point,"[82.168724, 17.044827]"
,PAP,PITHAPURAM,,,Point,"[82.257512, 17.11087]"
Andhra Pradesh,PGP,Panduranga Pura,SCR,"Manuguru, Andhra Pradesh",Point,"[80.76459, 17.718238]"
,GLP,GOLLAPROLU,,,Point,"[82.290817561, 17.1516644909]"
,MVRM,MALLAVARAM,,,Point,"[82.3152851379, 17.1810250515]"
,DGDG,DURGADA GATE,,,Point,"[82.3489940906, 17.2124765738]"
,RVD,RAVIKAMPADU,,,Point,"[82.368151, 17.230245]"
,ANV,ANNAVARAM,,,Point,"[82.41967700000001, 17.269633]"
Gujarat,PRTN,Pratapnagar,WR,"Vadodara, Gujarat",Point,"[73.210289, 22.281143]"
,TMPM,TIMMAPURAM,,,Point,"[82.4504126416, 17.288936392500002]"
,RGT,RAJGHAT HALT,,,Point,"[87.15507600000001, 21.764461999999998]"
Andhra Pradesh,RRJ,RAMARAJU PALLI,SCR,"Rayalaseema Region, Andhra Pradesh",Point,"[77.61736699999999, 15.041948]"
Kerala,KVTA,KARUVATTA HALT,SR,"Ashramam- Pulipra, Kerala",Point,"[76.431242, 9.316791]"
,SMYD,SMYD,,,,
Gujarat,PLM,PANELI MOTI,WR,"Paneli Moti, Gujarat",Point,"[70.15264699999999, 21.874341]"
Rajasthan,RTGH,Ratangarh Junction,NWR,"Ratangarh, Rajasthan",Point,"[74.6236025668, 28.0665867073]"
,SBI,SABARMATI JN,,,Point,"[72.587162, 23.072985]"
Punjab,PMH,Parao Mahna,NR,"Mehna, Punjab",Point,"[75.272772, 30.811762]"
,GI,GUDUVANCHERI,,,Point,"[80.057147, 12.844886]"
,UPM,URAPPAKKAM,,,Point,"[80.07175099999999, 12.867247]"
,VDR,VANDALUR,,,Point,"[80.08439299999999, 12.89128]"
,PRGL,PERUNGULATTUR,,,Point,"[80.095486, 12.905451]"
Rajasthan,PLSN,Palsana,NWR,"Palsana, Rajasthan",Point,"[75.38008, 27.484876]"
Rajasthan,RNW,Renwal,NWR,"Kishangarh Renwal, Rajasthan",Point,"[75.356234, 27.149463]"
Gujarat,CTT,CHITRASANI,NWR,"Chitrasani, Gujarat",Point,"[72.488653, 24.267557999999998]"
Gujarat,IQG,IQBAL GADH,NWR,"Banaskantha, Gujarat",Point,"[72.5337815405, 24.3460328561]"
Gujarat,SZA,SAROTRA ROAD,NWR,"Sarotra, Gujarat",Point,"[72.592045, 24.377144]"
Rajasthan,NANA,NANA,NWR,"Nana, Rajasthan",Point,"[73.110095, 24.925895]"
,BBQ,BASIN BRIDGE JN,,,Point,"[80.27122100000001, 13.102361]"
,TMVL,TIRUMULLAIVAYIL,,,Point,"[80.13704246809999, 13.1155489623]"
,KBT,KADAMBATTUR,,,Point,"[79.862172, 13.099513]"
,TO,TIRUVALANGADU,,,Point,"[79.763145, 13.090096]"
Tamil Nadu,EL,ELAMANUR,SR,"NH 67, Tamil Nadu",Point,"[78.57336000000001, 10.879069]"
,SUBL,HUBLI SOUTH,,,Point,"[75.17639000000001, 15.332581]"
Uttar Pradesh,RR,RICHHA ROAD,NER,"State Highway 37, Uttar Pradesh",Point,"[79.488904, 28.717268999999998]"
Bihar,RGH,RAMGARHWA,ECR,"NH 28A, Bihar",Point,"[84.7971486487, 26.873842826500002]"
Rajasthan,SES,SEMARI,NWR,"MDR 11, Rajasthan",Point,"[73.841822, 24.07001]"
Tamil Nadu,PUC,PUDUCHATIRAM,SR,"NH 45A, Tamil Nadu",Point,"[79.7303939545, 11.5405299099]"
West Bengal,RHA,Ranaghat Junction,ER,"Ranaghat, West Bengal",Point,"[88.568184, 23.173344]"
Tamil Nadu,PVL,PASUPATIKOVIL,SR,"Ayyampet, Tamil Nadu",Point,"[79.19204, 10.884228]"
Rajasthan,RPZ,Ranapratapnagar,NWR,"Udaipur, Rajasthan",Point,"[73.72805600000001, 24.582417]"
Tamil Nadu,RAGM,RAJAGAMBIRAM,SR,"Rajagambeeram, Tamil Nadu",Point,"[78.409255, 9.725053]"
Tamil Nadu,CVD,CHAVADIPALAIYAM,SR,"SH 84, Tamil Nadu",Point,"[77.800933, 11.255404]"
Uttar Pradesh,RCRA,Ramchaura,NER,"National Highway 29, Uttar Pradesh",Point,"[83.26840578, 26.9979518998]"
Madhya Pradesh,RJAK,RAJNAGAR,NCR,"Rajnagar, Madhya Pradesh",Point,"[79.8769002625, 24.903476070500002]"
Bihar,DPL,DANAULI PHLWRIA,ECR,"Danauli Phlwria, Bihar",Point,"[86.24940600000001, 25.420471]"
Rajasthan,SFE,Sanodiya,NWR,"Hingonia, Rajasthan",Point,"[75.279108, 27.011243999999998]"
,BH,BHARUCH JN,,,Point,"[72.997689, 21.706907]"
,BDWD,BODWAD,,,Point,"[76.017046, 20.9035827]"
,KLHD,KOLHADI,,,Point,"[76.058938, 20.900243]"
Kerala,DMD,DHARMADAM,SR,"Kannur District, Kerala",Point,"[75.46377, 11.778949]"
Kerala,QLD,QUILANDI,SR,"Quilandi, Kerala",Point,"[75.693924, 11.446139]"
Rajasthan,SK,SAKHUN,NWR,"Ajmer, Rajasthan",Point,"[75.0911894116, 26.7380786343]"
Karnataka,HNHL,Harnahalli,SWR,"Harnahalli, Karnataka",Point,"[75.45828601, 14.04849031]"
,AJJ,ARAKKONAM,,,Point,"[79.667991, 13.081512]"
,AVN,ANAVARDIKHANPET,,,Point,"[79.56735042999999, 13.05050406]"
Andhra Pradesh,RMV,RAMAVARAPPADU,SCR,"Vijayawada, Andhra Pradesh",Point,"[80.67971387700001, 16.5262013806]"
,GOY,GOVINDPURI,,,Point,"[80.313203, 26.454423]"
,JTJ,JOLARPETTAI,,,Point,"[78.57781999999999, 12.560851999999999]"
,CPNL,KANPUR C PANEL,,,Point,"[80.31806900000001, 26.453654999999998]"
Gujarat,DEOR,DIYODAR,WR,"Banaskantha, Gujarat",Point,"[71.770888, 24.113489]"
Gujarat,PFL,PIPRALA,WR,"National Highway 15, Gujarat",Point,"[71.097619, 23.652483999999998]"
,GMC,KANPUR GOODS MARSHAL,,,Point,"[80.33955999999999, 26.452292]"
Maharashtra,RMP,RAHIMATPUR,CR,"Satara, Maharashtra",Point,"[74.17217, 17.612152]"
Orissa,RRP,Rairangpur,SER,"Mayurbhanj, Orissa",Point,"[86.16420749999999, 22.440956]"
,RJY,RAJAMUNDRY,,,Point,"[81.783901, 16.984159000000002]"
Uttar Pradesh,PTPR,Pratabpur,NER,"Pilibhit, Uttar Pradesh",Point,"[79.8145455212, 28.4764188903]"
Rajasthan,RSNR,Rai Singh Nagar,NWR,"Raisinghnagar, Rajasthan",Point,"[73.450472, 29.535956]"
Rajasthan,RNB,Ranpura,NCR,"Rajpura, Rajasthan",Point,"[77.44262, 26.579427]"
Chhattisgarh,RSA,Risama,SECR,"Durg Rajhara Rd, Chhattisgarh",Point,"[81.324776, 21.058881000000003]"
,TI,TIRUNINRAVUR,,,Point,"[80.026949, 13.123744]"
Andhra Pradesh,RLX,Ramanujampalli,SCR,"Ramanujampalli Station, Andhra Pradesh",Point,"[77.87191, 14.440531]"
,VEU,VEPPAMPATTU,,,Point,"[79.998727, 13.123937]"
,PLMG,PULIYAMANGALAM,,,Point,"[79.6862378271, 13.0834968254]"
,KSVM,KESAVARAM,,,Point,"[81.879858, 16.930994]"
,DWP,DWARAPUDI,,,Point,"[81.922661, 16.927556]"
Rajasthan,AWR,ALWAR,NWR,"Alwar, Rajasthan",Point,"[76.62126500000001, 27.559273]"
,APT,ANAPARTI,,,Point,"[81.953181, 16.935817]"
,BVL,BIKKAVOLU,,,Point,"[82.031148067, 16.9693168335]"
,PBD,PEDABRAMADVAM,,,Point,"[82.078986, 16.990821]"
,MPU,MEDAPADU,,,Point,"[82.096133, 17.005091]"
,CRPM,CHANDRAMPALEM,,,Point,"[82.2231096558, 17.085409527899998]"
,HVM,HAMSAVARAM,,,Point,"[82.484867, 17.309946999999998]"
,TUNI,TUNI,,,Point,"[82.542462, 17.361079999999998]"
,GLU,GULLIPADU,,,Point,"[82.63345, 17.409805]"
,NRP,NARSIPATNAM RD,,,Point,"[82.724605, 17.452852]"
,REG,REGUPALEM,,,Point,"[82.790267, 17.505201]"
,BVM,BAYYAVARAM,,,Point,"[82.930592, 17.660147]"
,KSK,KASIMKOTA,,,Point,"[82.963751, 17.673315]"
,AKP,ANAKAPALLE,,,Point,"[83.00885099999999, 17.695503]"
,THY,THADI,,,Point,"[83.06429200000001, 17.686438000000003]"
,DVD,DUVVADA,,,Point,"[83.152059, 17.703843]"
Maharashtra,ROL,Rajuli,SECR,"Rajoli, Maharashtra",Point,"[79.703505, 20.171116]"
Karnataka,MRB,MUNIRABAD,SWR,"Munirabad, Karnataka",Point,"[76.335537, 15.308524]"
Maharashtra,RTK,Ramtek,SECR,"Ramtek, Maharashtra",Point,"[79.326499, 21.400715]"
Chhattisgarh,RIM,Rajim,SECR,"Nawapara Nagar, Chhattisgarh",Point,"[81.867426, 20.969475]"
Punjab,SJNP,SUJANPUR,NR,"Sujanpur, Punjab",Point,"[75.61346499999999, 32.31198]"
Rajasthan,SGRA,SANGARIA,NWR,"Sangariya, Rajasthan",Point,"[74.466053, 29.792507999999998]"
,TBM,TAMBARAM,,,Point,"[80.1191573807, 12.926035689399999]"
,TBMS,TAMBARAM SANATORIUM,,,Point,"[80.131614, 12.937978000000001]"
,CMP,CHROMEPET,,,Point,"[80.141157, 12.951627]"
,PV,PALLAVARAM,,,Point,"[80.152451, 12.968273]"
Uttar Pradesh,JSR,JASRA,NCR,"Jasra, Uttar Pradesh",Point,"[81.774617, 25.280002]"
Karnataka,SBHR,Subrahmanya Road,SWR,"Nettana Railway Station, Karnataka",Point,"[75.5576150342, 12.7312724613]"
Assam,SCL,SILCHAR,NFR,"03842-263094, Assam",Point,"[92.786795, 24.830337999999998]"
West Bengal,SHM,KOLKATA SHALIMAR,SER,"Howrah/Kolkata, West Bengal",Point,"[88.315615, 22.555508]"
Maharashtra,SCO,SATUNA,SCR,"Satona, Maharashtra",Point,"[76.34805200000001, 19.494861]"
Jharkhand,SAPT,Sugapahari,ER,"Madhupur, Jharkhand",Point,"[86.5687357202, 24.278919666]"
,XX-TNAB,XX-TNAB,,,,
Uttar Pradesh,SAF,SALKHAPUR,NR,"Kathiravan Paramalpatti Rd, Uttar Pradesh",Point,"[82.680471, 25.655084]"
,NGP,NAGPUR,,,Point,"[79.089004, 21.153567]"
,SKS,SALEKASA,,,Point,"[80.493224, 21.30163]"
Rajasthan,SOD,SOJAT ROAD,NWR,"Pali, Rajasthan",Point,"[73.75567199999999, 25.862203]"
Madhya Pradesh,SMV,Sumaoli,NCR,"State Highway 2, Madhya Pradesh",Point,"[77.9154615387, 26.372988907099998]"
Madhya Pradesh,SGRL,SINGRAULI,ECR,"Singrauli, Madhya Pradesh",Point,"[82.642735, 24.204257000000002]"
Uttar Pradesh,SKW,Sheikhupur,NER,"State Highway 33, Uttar Pradesh",Point,"[79.10472999999999, 28.003861999999998]"
Gujarat,SAK,Sak Bahadurpur,WR,"Vadodara, Gujarat",Point,"[73.559848, 22.178375]"
Bihar,SAHI,SATHI,ECR,"Paroraha, Bihar",Point,"[84.503862, 27.015884999999997]"
Uttar Pradesh,SFA,SANHERA HALT,NR,"Sunehra/Khekra, Uttar Pradesh",Point,"[77.28233900000001, 28.903375]"
Haryana,SFDE,SAFIDON,NR,"Safidon, Haryana",Point,"[76.66142400000001, 29.39793]"
Uttar Pradesh,SD,SIDHAULI,NER,"Sidhauli, Uttar Pradesh",Point,"[80.837587, 27.281001999999997]"
,MDVE,MAHENDRA VADI,,,Point,"[79.51785100000001, 13.022630999999999]"
,AMG,ALAMNAGAR,,,Point,"[80.86031200000001, 26.84708]"
Bihar,SDG,SAHADAI BUZURG,ECR,"Buzurg, Bihar",Point,"[85.4550875531, 25.6614908641]"
Orissa,SGDP,Sagadapata,ECoR,"Orissa, Orissa",Point,"[85.909396, 21.244692]"
,PNK,PANKI,,,Point,"[80.236441, 26.459172000000002]"
Assam,SLGR,SIMALUGURI JN,NFR,"way to SLGR, Assam",Point,"[94.756816, 26.917281]"
Uttar Pradesh,SG,SHAHGARH,NER,"Pilibhit, Uttar Pradesh",Point,"[80.043015, 28.559235]"
Maharashtra,MNI,MANGAON,KR,"Lonere - Mangaon, Maharashtra",Point,"[73.275679, 18.247286000000003]"
Assam,KXJ,Karimganj Junction,NFR,"Karimganj Town, Assam",Point,"[92.373769, 24.860717]"
Karnataka,HAA,HARWADA,KR,"Kochi - Panavel Rd, Karnataka",Point,"[74.259657, 14.740761999999998]"
Karnataka,ANKL,ANKOLA,KR,"Uttara Kannada, Karnataka",Point,"[74.332936, 14.645347]"
Uttar Pradesh,SDC,SAIDABAD,NER,"Handia, Uttar Pradesh",Point,"[82.12019500000001, 25.379137]"
,MS,CHENNAI EGMORE,,,Point,"[80.260193, 13.077677999999999]"
,KRV,KARAVADI,,,Point,"[80.11315599999999, 15.553014]"
,ANB,AMMANABROLU,,,Point,"[80.148353, 15.596402]"
,KAQ,KOLANUKONDA,,,Point,"[80.604782, 16.448173]"
,KCC,KRISHNA CANAL,,,Point,"[80.604553, 16.477152]"
Orissa,SPRM,Sitapuram Halt,ECoR,"Paralakhemundi, Orissa",Point,"[83.982854, 18.814443]"
Andhra Pradesh,SLPM,Shivalingapuram,ECoR,"Coastal Andhra Region, Andhra Pradesh",Point,"[83.066187, 18.196655]"
,BZA,VIJAYAWADA JN,,,Point,"[80.61864800000001, 16.518262]"
Tamil Nadu,RYC,Rayakkottai,SWR,"Hosur- Dharmapuri Highway, Tamil Nadu",Point,"[78.027508, 12.514891]"
,GALA,GUNADALA,,,Point,"[80.667911, 16.537426]"
Jharkhand,SBW,Shewbabudih,SER,"Sbewbabudi, Jharkhand",Point,"[86.390668, 23.659482]"
,MBD,MUSTABADA,,,Point,"[80.73176799999999, 16.546882]"
,GWM,GANNAVARAM,,,Point,"[80.795715, 16.555839]"
,PAVP,PEDDA AVUTAPALE,,,Point,"[80.839432, 16.562545]"
West Bengal,SDI,Sagardighi,ER,"Murshidabad District, West Bengal",Point,"[88.105398, 24.287789]"
Tamil Nadu,SDNR,Seydunganallur,SR,"Thoothukudi, Tamil Nadu",Point,"[77.834992, 8.639358]"
Gujarat,RUT,RATNAL,WR,"SH 46, Gujarat",Point,"[69.897403, 23.186898]"
,ERS,ERNAKULAM JN,,,Point,"[76.290672, 9.969541999999999]"
,DK,Dakor,WR,,Point,"[73.15859180000001, 22.747203]"
,MGLI,Mangli,,,Point,"[79.666123, 20.643535999999997]"
West Bengal,SVH,Sonadanga,ER,"National Highway 34, West Bengal",Point,"[88.354092, 23.636393]"
Jammu and Kashmir,SMBX,SAMBA,NR,"Ram Nagar, Jammu and Kashmir",Point,"[75.120256, 32.528358000000004]"
Madhya Pradesh,SEX,Seroni Road,NCR,"State Highway 23, Madhya Pradesh",Point,"[76.88447099999999, 25.943966000000003]"
Rajasthan,SOS,SOMESAR,NWR,"Somesar, Rajasthan",Point,"[73.450999, 25.520225999999997]"
Orissa,SUKU,Suku,ECoR,"State Highway 48, Orissa",Point,"[82.726061, 18.714329]"
,PWU,PARANUR,,,Point,"[79.98366, 12.730200000000002]"
,SKL,SINGAPERUMAL KOIL,,,Point,"[80.0010589618, 12.7624604323]"
,MMNK,MARAIMALAM NAGAR,,,Point,"[80.019875, 12.796619999999999]"
,CTM,KATTANGULATTUR,,,Point,"[80.026118, 12.805715]"
,POTI,POTHERI HALT,,,Point,"[80.03693, 12.820867999999999]"
,TLM,TRISULAM,,,Point,"[80.166111, 12.98064]"
,MN,MINAMBAKKAM,,,Point,"[80.174625, 12.98432]"
,PZA,PALAVANTHANGAL,,,Point,"[80.186651, 12.990115000000001]"
,STM,ST THOMAS MOUNT,,,Point,"[80.199392, 12.994906]"
,GDY,GUINDY,,,Point,"[80.211922, 13.007672000000001]"
,SP,SAIDAPET,,,Point,"[80.224183, 13.02415]"
,MBM,MAMBALAM,,,Point,"[80.228164, 13.038154]"
,MKK,KODAMBAKAM,,,Point,"[80.231305, 13.052565999999999]"
,NBK,NUNGAMBAKKAM,,,Point,"[80.232742, 13.065363]"
,MSC,CHENNAI CHETPAT,,,Point,"[80.24337, 13.074663000000001]"
Assam,SQF,SUKRITIPUR,NFR,"K Rd, Assam",Point,"[92.582849, 24.913078000000002]"
Tamil Nadu,SXR,SERNDANUR,SR,"National Highway 45C, Tamil Nadu",Point,"[79.518251, 11.869105000000001]"
Himachal Pradesh,PRAR,PAROR,NR,"National Highway 20, Himachal Pradesh",Point,"[76.460155, 32.08098]"
Karnataka,HNH,HANUMANAHALLI,SWR,"Hiretogaleri, Karnataka",Point,"[75.9987814502, 14.3589476214]"
Karnataka,SPGR,SAMPIGE ROAD,SWR,"Tumkur, Karnataka",Point,"[76.760983, 13.270203]"
Assam,SPX,SAPATGRAM,NFR,"Dhubri, Assam",Point,"[90.10955799999999, 26.334709]"
Punjab,SSZ,SADDA SINGHWALA,NR,"State Highway 12A, Punjab",Point,"[75.32479556150001, 30.0282558081]"
West Bengal,CWLE,CHOWRIGACHA,ER,"Chowrigacha Railway Station, West Bengal",Point,"[88.18645099999999, 23.942472]"
Rajasthan,LRU,LALPUR UMRI,WCR,"SH 1, Rajasthan",Point,"[76.680536, 26.429998]"
Rajasthan,MXL,MOKHOLI,WCR,"MDR 111, Rajasthan",Point,"[76.460845, 26.160967]"
Karnataka,TNGL,TORANAGALLU,SWR,"Toranagallu, Karnataka",Point,"[76.66392400000001, 15.203137]"
Karnataka,SVHE,SISVINHALLI,SWR,"Dharwad, Karnataka",Point,"[75.3193615509, 15.4300360491]"
West Bengal,LKX,LAKSHMIPUR,ER,"Lakshmipur Railway Station, West Bengal",Point,"[88.302374, 23.502512000000003]"
,MYGL,MIYAGAM KARJAN JUNCTION NG,,,Point,"[73.119763, 22.050131999999998]"
Uttar Pradesh,SWC,SHIVRAMPUR,NCR,"National Highway 76, Uttar Pradesh",Point,"[80.82678299999999, 25.219375000000003]"
Madhya Pradesh,SPDM,SINGHPUR DUMRA,NCR,"Singhpurdumra, Madhya Pradesh",Point,"[79.8964954901, 25.065781416]"
West Bengal,DMLE,DUMURDAHA,ER,"Dumurdahadham, West Bengal",Point,"[88.43266200000001, 23.040053]"
Rajasthan,SRZ,SARDARGARH,NWR,"Sri Ganganagar, Rajasthan",Point,"[73.740791, 29.364244000000003]"
Gujarat,DL,DALADI,WR,"Daladi, Gujarat",Point,"[71.069304, 22.585067]"
,BRGY,VADODARA D CABIN,,,Point,"[73.159087, 22.344458]"
Maharashtra,CSTM,MUMBAI CST,CR,"Mumbai, Maharashtra",Point,"[72.836903, 18.944481]"
,KNHN,KANTHAN JN,,,Point,"[79.238908, 21.225502000000002]"
,MLD,MALIHABAD,,,Point,"[80.71503200000001, 26.930598]"
,G,GONDIA JN,,,Point,"[80.190842, 21.462435]"
Madhya Pradesh,SYF,Semai,NCR,"State Highway 2, Madhya Pradesh",Point,"[77.516308, 26.282698]"
Rajasthan,SRTE,Soorothee,NCR,"Bari, Rajasthan",Point,"[77.70277399999999, 26.657818]"
,DBEC,DEVBALODA CHARODA,,,Point,"[81.45049, 21.21335]"
,SRR,SHORANUR JN,,,Point,"[76.27219600000001, 10.758854999999999]"
,LATI,LATIA CABIN,,,Point,"[82.402106, 22.027897]"
,BPH,BELPAHAR,,,Point,"[83.84907630000001, 21.827212300000003]"
Gujarat,DNGD,Dungarda,WR,"Gujarat, Gujarat",,
,PHVP,PHVP,,,,
Maharashtra,SSI,Shirsai,CR,"Daund-Baramati Rd Daund, Maharashtra",Point,"[74.578044, 18.314695999999998]"
,BSBP,BIR SHIBPUR,,,Point,"[88.053112, 22.473359000000002]"
,MRGM,MAURIGRAM,,,Point,"[88.25607790219999, 22.5801540304]"
Karnataka,SPV,Sivapur,SWR,"Bangalore Honavar Rd, Karnataka",Point,"[75.939298, 13.647065]"
Karnataka,SRF,Sagar Jambagaru,SWR,"Sagar, Karnataka",Point,"[75.15471199999999, 14.142728]"
Rajasthan,SMPA,Shampura,WCR,"Bhilwara, Rajasthan",Point,"[75.233108, 25.222941000000002]"
Uttar Pradesh,DXK,DHANA KHERLI,NCR,"Fatehpur Sikri, Uttar Pradesh",Point,"[77.53577899999999, 26.950169]"
Rajasthan,RBS,RUPBAS,NCR,"Roopvas, Rajasthan",Point,"[77.5909632294, 26.9903803821]"
Uttar Pradesh,FTS,FATEHPUR SIKRI,NCR,"Agra, Uttar Pradesh",Point,"[77.670597, 27.093989]"
Uttar Pradesh,PTLI,PATHAULI,NCR,"Agra Fort, Uttar Pradesh",Point,"[77.924593761, 27.1568431942]"
,TNR,TANGUTURU,,,Point,"[80.033546, 15.337535]"
,OGL,ONGOLE,,,Point,"[80.057404, 15.498064000000001]"
,RMW,ROSHAN MAU,,,Point,"[79.984729, 26.479318]"
,MTO,MAITHA,,,Point,"[80.025181, 26.476492]"
Goa,MAO,MADGAON,KR,"Madgaon. Ph:- 0832-2712790., Goa",Point,"[73.97072399999999, 15.267911000000002]"
Karnataka,SXB,SAMBRE,SWR,"Belagavi, Karnataka",Point,"[74.593121, 15.891067999999999]"
Maharashtra,SNE,SHENOLI,CR,"Shenoli Station, Maharashtra",Point,"[74.252881, 17.200729]"
Uttar Pradesh,SW,SEHRAMAU,NER,"State Highway 21, Uttar Pradesh",Point,"[80.296582, 28.360763]"
West Bengal,NKB,NAGRAKOTA,NFR,"Nagrakata, West Bengal",Point,"[88.917581, 26.885533]"
West Bengal,GRU,GAROPARA,NFR,"National Highway 31C, West Bengal",Point,"[89.48526169979999, 26.6574376742]"
Andhra Pradesh,SMLG,Shimiliaguda,ECoR,"Way to Araku, Andhra Pradesh",Point,"[82.95710500000001, 18.303639999999998]"
West Bengal,THP,Taherpur,ER,"State Highway 11, West Bengal",Point,"[88.54311899999999, 23.259379000000003]"
,VJM,VYASARPADI JEEVA,,,Point,"[80.256873, 13.108338]"
,PER,PERAMBUR,,,Point,"[80.24453299999999, 13.10702]"
Maharashtra,ADH,ANDHERI,WR,"Mumbai, Maharashtra",Point,"[72.84685300000001, 19.1174289]"
Maharashtra,SYE,Sindewahi,SECR,"Bhendala, Maharashtra",Point,"[79.668805, 20.2955]"
Gujarat,SSKL,Suskal,?,"State Highway 11, Gujarat",Point,"[73.806077, 22.316377000000003]"
Andhra Pradesh,SUP,Srungavarapukota,ECoR,"Srungavarapu kota, Andhra Pradesh",Point,"[83.132531, 18.116239]"
,CGL,CHENGALPATTU,,,Point,"[79.981519, 12.692863999999998]"
,CNP,CNP,,,,
Uttar Pradesh,GOT,GOT,NER,"MDR 65W, Uttar Pradesh",Point,"[78.82300099999999, 28.870965]"
Uttar Pradesh,TKHA,TAKHA,NCR,"Takha, Uttar Pradesh",Point,"[78.76725900000001, 27.135742999999998]"
Himachal Pradesh,DMP,Dharampur Himachal,NR,"Dharampur, Himachal Pradesh",Point,"[77.023914, 30.900491]"
Maharashtra,TVL,TADWAL,SWR,"Mundhewadi, Maharashtra",Point,"[75.975729, 17.393190999999998]"
Rajasthan,UDZ,UDAIPUR CITY,NWR,"Udaipur, Rajasthan",Point,"[73.699632, 24.566862]"
Rajasthan,UMRA,UMRA,NWR,"State Highway 32, Rajasthan",Point,"[73.771734, 24.522588]"
Tamil Nadu,TT,TITTE,SR,"Thanjavur, Tamil Nadu",Point,"[79.1834, 10.844904]"
Jharkhand,TGB,Tangarbasuli,SER,"Ranchi, Jharkhand",Point,"[85.0638054443, 23.3740319962]"
Himachal Pradesh,KGMR,KANGRA MANDIR,NR,"Kangra, Himachal Pradesh",Point,"[76.276521, 32.09448999999999]"
Tamil Nadu,TOM,TONDAMANPATTI,SR,"Tondaimanpatti, Tamil Nadu",Point,"[78.823761, 10.786552]"
,KTSH,KOTMI SONAN HLT,,,Point,"[82.360215, 22.024158]"
Tamil Nadu,TRB,TIRUVERUMBUR,SR,"Thiruverumbur, Tamil Nadu",Point,"[78.776419, 10.787167]"
Madhya Pradesh,PPI,PIPARIYA,WCR,"Piparia, Madhya Pradesh",Point,"[78.354538, 22.753941]"
,XX-BSBC,XX-BSBC,,,,
Madhya Pradesh,MWA,MANDWA,CR,"East Nimar, Madhya Pradesh",Point,"[76.389861, 21.517291]"
Madhya Pradesh,NPNR,NEPANAGAR,CR,"East Nimar, Madhya Pradesh",Point,"[76.397032, 21.463933]"
Gujarat,UA,UPLETA,WR,"Dist. Rajkot, Gujarat",Point,"[70.282434, 21.746916]"
Maharashtra,SAV,SAVDA,CR,"Jalgaon, Maharashtra",Point,"[75.91065900000001, 21.111116]"
Karnataka,HSD,HOSDURGA ROAD,SWR,"Nilagiri Rd, Karnataka",Point,"[76.1332331232, 13.8632737545]"
Andhra Pradesh,TKU,Tanakallu,SCR,"Tanakallu, Andhra Pradesh",Point,"[78.201224, 13.922427]"
,SKM,SINGARAYAKONDA,,,Point,"[80.027126, 15.253117999999999]"
,AAP,AMBIAPUR,,,Point,"[79.826878, 26.515363999999998]"
,TPT,TIRUPATTUR JN,,,Point,"[78.561419, 12.497951]"
Andhra Pradesh,VLD,Vayalpad,SCR,"Vayalpadu, Andhra Pradesh",Point,"[78.624967, 13.634506]"
,CAM,CHHOTA AMBANA,,,Point,"[86.57461305, 23.762753179999997]"
Karnataka,PKL,PAPINAYAKNAHALI,SWR,"Bellary, Karnataka",Point,"[76.490876, 15.236108999999999]"
,LTI,LATTERI,,,Point,"[79.06525500000001, 12.966994]"
Chhattisgarh,TPQ,Topokal,ECoR,"Raikot, Chhattisgarh",Point,"[81.878645, 19.007080000000002]"
,KVN,KAVANUR,,,Point,"[78.96927299999999, 12.948577]"
Andhra Pradesh,CLE,CHINTALPALLI,SCR,"Narsampet Rd, Andhra Pradesh",Point,"[79.701487, 17.914855999999997]"
,GYM,GUDIYATTAM,,,Point,"[78.916157, 12.937470999999999]"
,JJK,JHINJHAK,,,Point,"[79.734225, 26.554994]"
,VLT,VALATHOOR,,,Point,"[78.839324, 12.889517]"
Jammu and Kashmir,UHP,UDHAMPUR,NR,"Railway road, Jammu and Kashmir",Point,"[75.154881, 32.92664]"
,MPI,MELPATTI,,,Point,"[78.797049, 12.859507]"
,AB,AMBUR,,,Point,"[78.721266, 12.782934]"
,VGM,VINNAMANGALAM,,,Point,"[78.67871600000001, 12.728899]"
,VN,VANIYAMBADI,,,Point,"[78.621651, 12.678487]"
Maharashtra,TAZ,TARGAON,CR,"Satara, Maharashtra",Point,"[74.155817, 17.514242]"
Uttar Pradesh,TLR,Tulsipur,NER,"Tulasipur, Uttar Pradesh",Point,"[82.4114096783, 27.531769928899998]"
,SAN,SANDILA,,,Point,"[80.517354, 27.059455]"
,YY-DKJC,YY-DKJC,,,,
Jharkhand,TLE,Talgaria,SER,"National Highway 32, Jharkhand",Point,"[86.335511, 23.681625999999998]"
,RBD,RAHIMABAD,,,Point,"[80.600638797, 26.9993432467]"
Maharashtra,KFD,KARANJADI,KR,"Raigad, Maharashtra",Point,"[73.404252, 17.998115]"
,MEH,MELALATHUR,,,Point,"[78.875384, 12.917803000000001]"
Assam,TII,Tingrai,NFR,"National Highway 38, Assam",Point,"[95.535143, 27.464468]"
Gujarat,UM,UMARDASHI,WR,"Chitrasani, Gujarat",Point,"[72.4205625555, 24.1003209724]"
,VJ,VIRINCHIPURAM,,,Point,"[79.024717, 12.961297]"
,GIMB,GANDHIDHAM BG,,,Point,"[70.14775399999999, 23.069086]"
,MAS,CHENNAI CENTRAL,,,Point,"[80.27485630000001, 13.0847613]"
,PEW,PERAMBUR LOCOMOTIVE WORKS,,,Point,"[80.225105, 13.107826]"
,SPAM,SENJI PANAMBAKKAM,,,Point,"[79.83276000000001, 13.093945]"
Uttar Pradesh,THBN,THANA BHAWAN,NR,"Thana Bhawan, Uttar Pradesh",Point,"[77.4104337677, 29.592663211399998]"
Maharashtra,TEP,Tempa,SECR,"Tempa, Maharashtra",Point,"[79.60522300000001, 20.678242]"
Tamil Nadu,MUQ,MARUDUR,SR,"Nagappattinam - Trichy - Karur- Coimbatore - Mettupalayam - Ooty - Gundlupet Road(Vandikara Street), Tamil Nadu",Point,"[78.45029299999999, 10.914737]"
Andhra Pradesh,VMD,Vadlamannadu,SCR,"Krishna, Andhra Pradesh",Point,"[81.098875, 16.300176]"
Andhra Pradesh,UNDI,UNDI,SCR,"West Godavari, Andhra Pradesh",Point,"[81.46418718439999, 16.580375476]"
Bihar,EKH,EKSARI HALT,ECR,"Eksari, Bihar",Point,"[85.889325, 25.134973]"
Karnataka,TLS,Bettahalsoor,SWR,"Bengaluru, Karnataka",Point,"[77.60618600000001, 13.166875999999998]"
Andhra Pradesh,TPY,Tadakalpudi,SCR,"Kothagudem To Bhadrachalam Rd, Andhra Pradesh",Point,"[80.532205, 17.530163]"
Maharashtra,UDGR,Udgir,SCR,"Dist. Latur, Maharashtra",Point,"[77.1099430353, 18.3906018255]"
Tamil Nadu,KZT,KULITTHURAI,SR,"Marthandam, Tamil Nadu",Point,"[77.218817, 8.302348]"
,PTM,PADALAM,,,Point,"[79.95084399999999, 12.590197]"
,OV,OTIVAKKAM,,,Point,"[79.97565300000001, 12.623128]"
,TRX,TIRUMANI,,,Point,"[79.988514, 12.670639]"
Maharashtra,UKH,UKHALI,SCR,"State Highway 169, Maharashtra",Point,"[76.60581400000001, 18.912675]"
Jharkhand,VAA,Bhaga Junction,SER,"Jamadoba, Jharkhand",Point,"[86.405555, 23.723330999999998]"
,SAE,SIMARIA,,,Point,"[86.013734, 25.410723]"
,KZJT,KAZIPET TOWN,,,Point,"[79.517705, 17.983151]"
,KZJE,KAZIPET E CABIN,,,Point,"[79.561183, 17.975697]"
Tamil Nadu,VLR,VELLORE CANT,SR,"Vellore-632001, Tamil Nadu",Point,"[79.127493, 12.910718]"
Uttar Pradesh,UGP,UGARPUR,NCR,"Ugarpur, Uttar Pradesh",Point,"[79.511652, 27.351481]"
Gujarat,VAN,Vadhvana,WR,"Vadodara, Gujarat",Point,"[73.487264, 22.152185]"
Tamil Nadu,VDL,VITHISVARANKOL,SR,"Pullirukkuvelur, Tamil Nadu",Point,"[79.703785, 11.195825000000001]"
Uttar Pradesh,AO,AONLA,NR,"Dist. Bareilly, Uttar Pradesh",Point,"[79.16915, 28.296051]"
Uttar Pradesh,DBR,DABHAURA,NCR,"Dabhaura, Uttar Pradesh",Point,"[81.30312500000001, 25.11793]"
Madhya Pradesh,NU,NARSINGHPUR,WCR,"Narsimhapur, Madhya Pradesh",Point,"[79.214385, 22.943112]"
Madhya Pradesh,GAR,GADARWARA,WCR,"Narsinghpur, Madhya Pradesh",Point,"[78.79173399999999, 22.899459]"
,JUH,JUJHARPUR,,,Point,"[77.75641, 22.604976999999998]"
,KMNN,KHAMANON,,,Point,"[76.48869499999999, 30.775754]"
,AMLO,AMLO,ECR,,Point,"[85.98023400000001, 23.768893]"
Karnataka,AMSA,AMMASANDRA,SWR,"Tumkur, Karnataka",Point,"[76.71148570000001, 13.264571]"
Gujarat,GRJA,GORINJA,WR,"Khambhalia-Dwarka (SH 6), Gujarat",Point,"[69.0411941809, 22.1759911277]"
,GTW,GATORA,,,Point,"[82.22767, 22.053427000000003]"
Tamil Nadu,VEI,VELLIYANI,SR,"Dindigul - Guziliamparai - Karur Rd, Tamil Nadu",Point,"[78.114795, 10.841]"
,DLQ,DALELNAGAR,,,Point,"[80.419624, 27.118537]"
Maharashtra,VID,VILAVADE,KR,"Ratnagiri, Maharashtra",Point,"[73.619321, 16.785593]"
Karnataka,KT,KUMTA,KR,"Kumta, Karnataka",Point,"[74.420652, 14.436871]"
,PHD,PHAPHUND,,,Point,"[79.5542552124, 26.632118317699998]"
,KNS,KANCHAUSI,,,Point,"[79.6354260596, 26.59792371]"
Karnataka,VTE,Venkatagiri Kote Halt,SWR,"National Highway 7, Karnataka",Point,"[77.73159, 13.32831]"
Assam,AGI,AMGURI,NFR,"Amguri, Assam",Point,"[94.524011, 26.812601]"
,APB,ANUPPAMBATTU,,,Point,"[80.23076900000001, 13.304293]"
,PON,PONNERI,,,Point,"[80.19879900000001, 13.332319]"
,KVP,KAVARAIPPETTAI,,,Point,"[80.146879, 13.36347]"
,GPD,GUMMIDIPUNDI,,,Point,"[80.123431, 13.409631]"
,ELR,ELAVUR,,,Point,"[80.11617799999999, 13.458350999999999]"
,AKM,ARAMBAKKAM,,,Point,"[80.074371, 13.532686]"
,TADA,TADA,,,Point,"[80.035435, 13.587948]"
Karnataka,AP,ASHOKAPURAM,SWR,"Mysore, Karnataka",Point,"[76.635315, 12.273762000000001]"
,AKAT,AKKAMPET,,,Point,"[80.0188634064, 13.6491060718]"
,SPE,SULLURUPETA,,,Point,"[80.018161, 13.696463]"
,PEL,POLIREDDIPALEM,,,Point,"[79.9800264775, 13.7594908008]"
Uttar Pradesh,ALY,ALLAHABAD CITY,NER,"Allahabad(0532-1072), Uttar Pradesh",Point,"[81.829736, 25.442410000000002]"
,DVR,DORAVARI CHATRAM,,,Point,"[79.951308, 13.814297]"
Maharashtra,VRB,VISHRAMBAG,CR,"Sangli, Maharashtra",Point,"[74.602231, 16.850569999999998]"
,NYP,NAYADUPETA,,,Point,"[79.900898, 13.908321]"
Bihar,UWNR,Udwant Nagar Halt,ECR,"State Highway 12, Bihar",Point,"[84.61131300000001, 25.496532000000002]"
,PYA,PEDAPARIYA,,,Point,"[79.875372, 14.021481]"
,ODUR,ODUR,,,Point,"[79.855368, 14.072185000000001]"
,GDR,GUDUR JN,,,Point,"[79.845121, 14.148227]"
,MBL,MANUBOLU,,,Point,"[79.87707, 14.226551]"
,KMLP,KOMMARAPUDI,,,Point,"[79.893501, 14.257776999999999]"
,DIG,DUGGIRALA,,,Point,"[80.62356999999999, 16.327559]"
Maharashtra,URR,Umred,SECR,"Umred, Maharashtra",Point,"[79.330741, 20.850672]"
Tamil Nadu,TYM,Tirumayam,SR,"Pudukkottai, Tamil Nadu",Point,"[78.759423, 10.246016]"
Uttar Pradesh,UCR,Unchahar Junction,NR,"Unchahar, Uttar Pradesh",Point,"[81.30014299999999, 25.902315]"
,GBHA,GAROBIGHA HALT,?,,Point,"[85.46715300000001, 24.826792]"
Madhya Pradesh,AMX,Amlakhurd,SCR,"MSH 6, Madhya Pradesh",Point,"[76.65068500000001, 21.510235]"
,TVNL,TIRVNLNLUR ROAD,,,Point,"[79.380205, 11.798583]"
,KDMD,KANDAMBAKKAM,,,Point,"[79.386975, 11.811502]"
,VM,VILLUPURAM JN,,,Point,"[79.500101, 11.942971]"
,MYP,MUNDILYAMPAKKAM,,,Point,"[79.5116865137, 11.995680489400002]"
,VVN,VIKRAVANDI,,,Point,"[79.538038, 12.037928]"
,PEI,PERANI,,,Point,"[79.552577, 12.104212]"
,NMO,NEDI MOLLYANUR,,,Point,"[79.56707, 12.128075]"
,MTL,MAILAM,,,Point,"[79.60220000000001, 12.160501]"
,TMV,TINDIVANAM,,,Point,"[79.65133499999999, 12.229410999999999]"
,PCLM,PANCHALAM,,,Point,"[79.691931, 12.275612]"
,OLA,OLAKUR,,,Point,"[79.72191900000001, 12.306462999999999]"
,KSGL,KARASANGAL,,,Point,"[79.749958, 12.333838]"
,TZD,TOZHUPPEDU,,,Point,"[79.783575, 12.367080999999999]"
,ACK,ACHARAPAKKAM,,,Point,"[79.821722, 12.406776]"
,MLMR,MELMARUVATTUR,,,Point,"[79.83380100000001, 12.429554]"
Bihar,VPH,Vachaspati Nagar,ECR,"National Highway 57, Bihar",Point,"[86.325158, 26.400204]"
,PQM,PAKKAM,,,Point,"[79.850569, 12.465125]"
Gujarat,VTL,Vadtal Swaminarayan,WR,"Vadtal, Gujarat",Point,"[72.876748, 22.591636]"
,MMK,MADURANTAKAM,,,Point,"[79.89308700000001, 12.50442]"
Maharashtra,GMN,GOREGAON,WR,"Mumbai, Maharashtra",Point,"[72.849389, 19.164447]"
Assam,WDA,WADRENGDISA,NFR,"Diakkawn Rd, Assam",Point,"[93.177527, 25.263973]"
Rajasthan,BAF,Bap,?,"Jodhpur, Rajasthan",Point,"[72.32740791990001, 27.2881821763]"
Punjab,AHH,AHMADGARH,NR,"Ahmedgarh, Punjab",Point,"[75.829518, 30.683642000000003]"
Rajasthan,AGE,Angai,NCR,"Angai, Rajasthan",Point,"[77.46692, 26.606593]"
Maharashtra,AHI,ASHTI,CR,"State Highway 161, Maharashtra",Point,"[75.4030697949, 17.8447367757]"
Tamil Nadu,ALP,ALAPAKAM,SR,"NH 45A, Tamil Nadu",Point,"[79.7272273724, 11.6178033436]"
Maharashtra,BANL,BHATANGLI,?,"MSH3, Maharashtra",Point,"[76.678145, 18.446006999999998]"
Maharashtra,AMW,AMAN VADI,SCR,"Washim, Maharashtra",Point,"[77.065281, 20.300507]"
Tamil Nadu,AYM,ADIYAKKAMANGALAM,SR,"Thiruvarur, Tamil Nadu",Point,"[79.68058, 10.756748]"
Gujarat,ASV,ASARVA JN,WR,"Ahmedabad, Gujarat",Point,"[72.612937, 23.043981000000002]"
Tamil Nadu,AMT,AMMAPET,SR,"Ammapet, Tamil Nadu",Point,"[79.31573800000001, 10.779506]"
Punjab,ATT,ATARI,NR,"Atari, Punjab",Point,"[74.607241, 31.594934000000002]"
Rajasthan,JJA,JAJAN PATTI,WCR,"State Highway 33, Rajasthan",Point,"[77.573854, 27.354893999999998]"
Tamil Nadu,ARS,ARASUR,SR,"NH 45A, Tamil Nadu",Point,"[79.72470399999999, 11.270467]"
Rajasthan,KNDP,KHANDIP,WCR,"State Highway 1, Rajasthan",Point,"[76.911821, 26.641030999999998]"
Karnataka,YDM,Yedamangala,SWR,"Panja Kadaba Rd, Karnataka",Point,"[75.44308500000001, 12.714668]"
Rajasthan,NNW,NARAYANPUR TATWAR,WCR,"Sawai Madhopur, Rajasthan",Point,"[76.635578, 26.344258999999997]"
Maharashtra,BA,BANDRA,WR,"Mumbai, Maharashtra",Point,"[72.84045439, 19.05445443]"
Gujarat,AEJ,ARNEJ,WR,"Arnej, Gujarat",Point,"[72.268322, 22.582088000000002]"
,NPKM,NANDIYAMPAKKAM,,,Point,"[80.2758, 13.268080999999999]"
Madhya Pradesh,DDCE,DUNDI,WCR,"Dundi, Madhya Pradesh",Point,"[80.21665700000001, 23.557854000000003]"
Madhya Pradesh,GRO,GURRA,WCR,"Itarsi, Madhya Pradesh",Point,"[77.86729, 22.632067]"
,KVZ,KAVALI,,,Point,"[79.988271, 14.915993]"
,TTU,TETTU,,,Point,"[80.00582100000001, 15.042824]"
,UPD,ULAVAPADU,,,Point,"[80.01336400000001, 15.167112]"
Madhya Pradesh,KTZ,KHUTWANSA,WCR,"Hoshangabad, Madhya Pradesh",Point,"[77.602425, 22.545189]"
Madhya Pradesh,KKN,KHIRKIYA,WCR,"State Highway 15, Madhya Pradesh",Point,"[76.85944699999999, 22.166444000000002]"
Gujarat,BALI,Bhaili,WR,"Vadodara, Gujarat",Point,"[73.1319768447429, 22.266245011489417]"
Tamil Nadu,ATQ,Arantangi,SR,"Aranthangi, Tamil Nadu",Point,"[78.99684813804924, 10.164469056963739]"
West Bengal,AGAE,AGRADWIP,ER,"Agradwip, West Bengal",Point,"[88.22611699999999, 23.58096]"
,DSNR,DASHNAGAR,,,Point,"[88.3078029926, 22.5986336217]"
,TPKR,TIKIAPARA,,,Point,"[88.324322, 22.599036]"
,PFMA,PFMA,,,,
Gujarat,AMLP,Amalpur,WR,"Vadodara, Gujarat",Point,"[73.508313, 22.161144]"
Rajasthan,AUS,Anupshahr,NWR,"Anupshaher Rd, Rajasthan",Point,"[75.21122979931533, 28.947951113517377]"
Maharashtra,ARVI,Arvi,CR,"Dist. Wardha, Maharashtra",,
Uttar Pradesh,ARX,Areli,NER,"Areli, Uttar Pradesh",,
Gujarat,ASM,Asarma,WR,"SH 166, Gujarat",,
Tamil Nadu,ATB,Alattambadi,SR,"Mazavarayanallu Rd, Tamil Nadu",,
Gujarat,ATDA,Atladara,WR,"Gujarat, Gujarat",,
Bihar,ATX,Alinagar Tola,ECR,"Purnea, Bihar",,
Rajasthan,ASLU,Aslu,NWR,"National Highway 65, Rajasthan",Point,"[75.07484199999999, 28.368987999999998]"
Tamil Nadu,AYI,Ayingudi,SR,"Peravurani - Aranthangi Rd, Tamil Nadu",,
,GHSR,GHASARA HALT,,,Point,"[79.360808, 26.72284]"
,ULD,ACHALDA,,,Point,"[79.404392, 26.701949]"
Haryana,AEL,Ateli,NWR,"Dist. Mahendragarh, Haryana",Point,"[76.25310499999999, 28.100118]"
Maharashtra,WTR,WATHAR,CR,"Satara, Maharashtra",Point,"[74.135767, 17.89054]"
Maharashtra,WLH,VALHA,CR,"Indraprastha Rd, Maharashtra",Point,"[74.1605539337, 18.1836347437]"
West Bengal,BAAR,Bandar P.H.,?,"Haldia, West Bengal",Point,"[88.086816, 22.052122]"
Gujarat,AE,Amreli,WR,"Amreli, Gujarat",Point,"[71.228012, 21.607831]"
,MST,MASIT,,,Point,"[80.257914, 27.269928999999998]"
,BGH,BAGHAULI,,,Point,"[80.296314, 27.228081]"
Maharashtra,TPND,TALOJA PANCHAND,CR,"Navi Mumbai, Maharashtra",Point,"[73.087316, 19.078901]"
Maharashtra,ADVI,ADAVALI,KR,"Ratnagiri, Maharashtra",Point,"[73.592514, 16.921753]"
Karnataka,AGL,AMARGOL,SWR,"Hubli, Karnataka",Point,"[75.09820837459999, 15.4117921224]"
Rajasthan,AS,ARJANSAR,NWR,"Bikaner, Rajasthan",Point,"[73.87196899999999, 28.933796]"
Bihar,BAKT,Barhara Kothi,ECR,"Purnia, Bihar",Point,"[87.09631900000001, 25.776942]"
Uttar Pradesh,CM,Campierganj,NER,"National Highway 29, Uttar Pradesh",Point,"[83.267384, 27.05777]"
Gujarat,DB,Dabhoi Junction,WR,"Dabhoi, Gujarat",Point,"[73.415466, 22.137755]"
,ULU,ULUNDURPET,,,Point,"[79.317787, 11.702177]"
Chhattisgarh,AGZ,AMAGURA,ECoR,"Markel, Chhattisgarh",Point,"[82.147342, 19.068103]"
Chhattisgarh,AGB,AMBAGAON,ECoR,"Ambagaon, Chhattisgarh",Point,"[82.239507, 19.062527]"
,MYKR,MATYAKHERI HALT,,,Point,"[74.951915, 24.309449]"
Uttar Pradesh,BBLK,B L DASPURI,NCR,"B L Daspuri, Uttar Pradesh",Point,"[79.36351860779999, 27.316999355900002]"
Tamil Nadu,ARV,ARNI ROAD,SR,"Kalambur, Tamil Nadu",Point,"[79.209033, 12.630801]"
Rajasthan,BARI,Bari,NCR,"Bari, Rajasthan",Point,"[77.61817468, 26.65005846]"
Punjab,BAT,Batala Junction,NR,"Batala, Punjab",Point,"[75.1944316, 31.8214816]"
Maharashtra,BBV,BABHULGOAN,CR,"State Highway 161, Maharashtra",Point,"[75.383427, 17.778326000000003]"
Uttar Pradesh,ASI,Arseni,NR,"MORADABAD, Uttar Pradesh",Point,"[80.39386, 27.243104]"
Tamil Nadu,APE,ANDANAPPETTAI,SR,"Pappakoil, Tamil Nadu",Point,"[79.84409600000001, 10.758823]"
Madhya Pradesh,BEHR,BEOHARI,WCR,"Beohari, Madhya Pradesh",Point,"[81.3797154, 24.0002687]"
Karnataka,ARNH,Arjunahalli,SWR,"Arjunahalli, Karnataka",Point,"[76.391729, 12.512857]"
Uttar Pradesh,BFG,Bagthar,NCR,"Bandh, Uttar Pradesh",Point,"[77.52218902999999, 26.79623183]"
Madhya Pradesh,BBAR,BARA,WCR,"Mahroi, Madhya Pradesh",Point,"[81.21186200000001, 24.001215]"
West Bengal,BDYP,Bidyadharpur,ER,"Bidyadharpur, West Bengal",Point,"[88.452872, 22.425122]"
Gujarat,AKL,Anakhol,WR,"State HIghway 133, Gujarat",,
Haryana,ASAN,ASAN,NR,"Panipat, Haryana",Point,"[76.882594, 29.40129]"
Gujarat,ATUL,ATUL,WR,"Valsad, Gujarat",Point,"[72.9271335858, 20.544593354]"
Assam,AONI,Amoni,NFR,"Amoni, Assam",Point,"[92.91960900000001, 26.448121]"
Maharashtra,BASA,Banosa,CR,"Daryapur, Maharashtra",,
Gujarat,BATS,Bhatsar,WR,"Brahmanwada, Gujarat",,
,HRI,HARDOI,,,Point,"[80.147877, 27.399414]"
Bihar,BBE,BAGHI BARDIHA,ECR,"Baghi Bardiha, Bihar",Point,"[85.623332, 24.953077]"
Bihar,BFX,BAGHI GHAUSPUR,ECR,"Baghi Ghauspur, Bihar",Point,"[85.684033, 25.051952]"
West Bengal,BCF,Bankapasi,ER,"Bankapasi, West Bengal",,
Karnataka,BDV,BADANAVALU,SWR,"Nanjungudu-Chamarajanagara Rd, Karnataka",Point,"[76.74904447, 12.075565500000002]"
Gujarat,BCHR,Bachar,WR,"Palej, Gujarat",,
Bihar,BCM,Buranpudi,ECR,"Supaul, Bihar",,
Maharashtra,BDKE,Bhadsivni,CR,"Bhadsivni, Maharashtra",,
,PGU,PADUGUPADU,,,Point,"[79.989954, 14.496976]"
,KJJ,KODAVALURU,,,Point,"[79.99490800000001, 14.564331]"
,TMC,TALAMANCHI,,,Point,"[79.998171, 14.607124]"
,AXR,ALLURU ROAD,,,Point,"[79.989036, 14.710541]"
,BTTR,BITRAGUNTA,,,Point,"[79.98314599999999, 14.768584800000001]"
,SVPM,S VENKTESWRPALM,,,Point,"[79.982262, 14.806671]"
,KPO,KARANPURA,,,Point,"[76.7783649164, 27.1230467855]"
,BUDA,BHUDA,,,Point,"[76.8145379749, 27.1289860174]"
,MURD,MANDAWAR MAHUA RD,,,Point,"[76.8508226947, 27.1560976594]"
Uttar Pradesh,ANDN,Anand Nagar,NER,"Pharenda, Uttar Pradesh",Point,"[83.270698, 27.103714]"
,GOS,GHOSRANA,,,Point,"[76.90338, 27.179904]"
,DTF,DANTLA,,,Point,"[76.9610701135, 27.1971512117]"
Gujarat,BDRN,Bhadran,WR,"Borsad, Gujarat",,
,KL,KHERLI,,,Point,"[77.0364244739, 27.2002567722]"
Andhra Pradesh,ARK,Arakku,ECoR,"Araku, Andhra Pradesh",Point,"[82.86256, 18.333991]"
,TBL,TARCHERRA BRLRM,,,Point,"[77.104134, 27.205008000000003]"
Assam,BF,Bagetar,NFR,"North Cachar Hills, Assam",,
,NBI,NADBAI,,,Point,"[77.2080875122, 27.213674308399998]"
,PPEA,PAPRERA,,,Point,"[77.308829, 27.226004]"
,HK,HELAK,,,Point,"[77.378757, 27.234442]"
,BTE,BHARATPUR JN,,,Point,"[77.488613, 27.237106999999998]"
Madhya Pradesh,ATR,Attar,WR,"East Nimar, Madhya Pradesh",Point,"[76.204918, 21.998734000000002]"
,NHB,NOH BACHHAMDI,,,Point,"[77.546395, 27.223368999999998]"
,IK,IKRAN,,,Point,"[77.608741, 27.211065]"
,CIK,CHIKSANA,,,Point,"[77.663925, 27.199896]"
Tamil Nadu,ANY,Arumuganeri,SR,"Arumuganeri, Tamil Nadu",Point,"[78.091842, 8.579144]"
Bihar,BAKA,Banka,?,"Banka, Bihar",Point,"[86.91169348999999, 24.8659010332]"
,AH,ACHHNERA JN,,,Point,"[77.7578389026, 27.1817602284]"
,TDL,TUNDLA JN,,,Point,"[78.233285, 27.207747]"
Karnataka,BAW,CHIK BANAVAR,SWR,"Bengaluru, Karnataka",Point,"[77.50634099999999, 13.073539]"
,PVN,PAVUNUR,,,Point,"[79.31580600000001, 11.600544]"
Haryana,BFN,Bugana,NR,"National Highway 65, Haryana",Point,"[75.8278150574, 29.258822195]"
Karnataka,ANF,Anandapuram,SWR,"Anandapuram, Karnataka",Point,"[75.209164, 14.073324]"
Odisha,BBN,Barbil,SER,"Kiriburu, Odisha",Point,"[85.36905800000001, 22.104577]"
,HNG,HIRANGAON,,,Point,"[78.31461900000001, 27.175703000000002]"
,FZD,FIROZABAD,,,Point,"[78.386691, 27.147415]"
,MNR,MAKKHANPUR,,,Point,"[78.4715, 27.119485]"
,SKB,SHIKOHABAD JN,,,Point,"[78.57495499999999, 27.085686]"
,KAA,KAURARA,,,Point,"[78.664813, 27.029]"
,BDN,BHADAN,,,Point,"[78.73749459999999, 26.9793918]"
,BBL,BALRAI,,,Point,"[78.8237102228, 26.9205023929]"
,JGR,JASWANTNAGAR,,,Point,"[78.893731, 26.872978000000003]"
,SB,SARAI BHOPAT,,,Point,"[78.94470899999999, 26.837847]"
,ETW,ETAWAH,,,Point,"[79.021502, 26.785970000000002]"
,EKL,EKDIL,,,Point,"[79.116455, 26.76628]"
,BNT,BHARTHANA,,,Point,"[79.2163612, 26.7502248]"
Goa,DBM,DABOLIM,SWR,"Mormugao, Goa",Point,"[73.849937, 15.389334]"
Rajasthan,AUWA,AUWA,NWR,"Somesar, Rajasthan",Point,"[73.564613, 25.665207000000002]"
,JP,JAIPUR,,,Point,"[75.786923, 26.920203]"
West Bengal,BEB,Beldanga,ER,"Beldanga, West Bengal",Point,"[88.2429681, 23.9320594]"
Maharashtra,BHLI,BOHALI,CR,"State Highway 161, Maharashtra",Point,"[75.27417043950001, 17.5887732682]"
Haryana,BASN,BHAINSWAN,NR,"Gohana, Haryana",Point,"[76.680769, 29.094392]"
West Bengal,BHNA,Bhayna,ER,"Mamjoan Rd, West Bengal",Point,"[88.64165885999999, 23.31226134]"
,BHME,BHANDARIDAH,ECR,,Point,"[86.05509864230001, 23.7566729304]"
Punjab,BCU,BHUCHCHU,NR,"Bhucho Mandi, Punjab",Point,"[75.0951862, 30.209881999999997]"
Rajasthan,BHL,BHILWARA,NWR,"Bhilwara, Rajasthan",Point,"[74.63077340000001, 25.3435508]"
Rajasthan,KVA,KAVAS,NWR,"NH-112 Barmer-Jodhpur Hwy, Rajasthan",Point,"[71.538716, 25.867466]"
Rajasthan,BDW,BANDANWARA,NWR,"Bandanwara, Rajasthan",Point,"[74.6913786, 26.1253008]"
Uttar Pradesh,BJV,Bijauria,NER,"Bareilly, Uttar Pradesh",Point,"[79.65527399999999, 28.574785]"
Uttar Pradesh,BHJ,Barhaj Bazar,NER,"Barhaj, Uttar Pradesh",Point,"[83.731497, 26.283912]"
Maharashtra,DRD,DAHANU ROAD,WR,"Dahanu, Maharashtra",Point,"[72.74336799999999, 19.991217]"
,BJRA,BHAJERA,,,Point,"[76.6568744922, 27.100774588100002]"
Haryana,BDXT,BASAI DHANKOT,NR,"Gurgaon, Haryana",Point,"[76.983187, 28.464735]"
Gujarat,BCHN,Bochasan Junction,WR,"Anand, Gujarat",Point,"[72.847673, 22.402073]"
Haryana,BHT,Bhattu,NWR,"Bhattu Kalan, Haryana",Point,"[75.34013, 29.387323]"
Madhya Pradesh,SHR,SIHORA ROAD,WCR,"Jabalpur, Madhya Pradesh",Point,"[80.110265, 23.467136]"
Madhya Pradesh,SGBJ,SURGAON BANJARI,WCR,"Khandwa, Madhya Pradesh",Point,"[76.544215, 21.946109]"
Gujarat,BADR,Bhader,WR,"Amreli, Gujarat",Point,"[70.928979, 21.36507]"
,TLA,TITVALA,,,Point,"[73.202714, 19.296504000000002]"
Gujarat,BJUD,BAJUD,WR,"State Highway 31, Gujarat",Point,"[71.82792500000001, 21.736131]"
,KON,KUDALNAGAR,,,Point,"[78.108666, 9.944876]"
Rajasthan,BDSW,Budhsinghwala,NWR,"Hanumangarh, Rajasthan",Point,"[74.22266067937016, 29.831708406844584]"
Rajasthan,BER,BEAWAR,NWR,"Beawar, Rajasthan",Point,"[74.3149711, 26.1089078]"
Orissa,BGDA,Bogada,?,"Bogada, Orissa",Point,"[86.5881717944, 20.2787142311]"
Uttar Pradesh,AWG,Awa Garh,NCR,"Awagarh, Uttar Pradesh",Point,"[78.47340000000001, 27.464247]"
Uttar Pradesh,SBK,SHAHBAZ KULI,NER,"Shahbaz Quli, Uttar Pradesh",Point,"[83.67465299999999, 25.632101000000002]"
,ENR,ENNORE,,,Point,"[80.32212448269999, 13.218195717099999]"
,NLS,NELLORE SOUTH,,,Point,"[79.983464, 14.444474999999999]"
Gujarat,AVL,AMRITVEL,WR,"Amrutwel Rd, Gujarat",Point,"[71.679671, 21.077372]"
,NLR,NELLORE,,,Point,"[79.989383, 14.460592]"
Maharashtra,BGR,Bhagdara,CR,"Bhagdara, Maharashtra",,
West Bengal,BGA,BAGALIA,SER,"Purulia, West Bengal",Point,"[86.51904643, 23.44693617]"
West Bengal,BERO,BERO,SER,"Purulia, West Bengal",Point,"[86.72660900000001, 23.548271]"
,XX-MEJB,XX-MEJB,,,,
Bihar,BHHT,Barhara,?,"Barhara, Bihar",,
,DVBH,MAKUDAN VIRAPANDI BLOCK HUT,,,Point,"[78.037941, 11.580796]"
Karnataka,AVT,Avati,SWR,"Avati, Karnataka",Point,"[77.72667899999999, 13.299092]"
,XX-KJMB,XX-KJMB,,,,
Gujarat,BHOJ,Bhoj Padra,WR,"Vadodara Jambusar, Gujarat",,
Madhya Pradesh,BIV,Bamhani Banjur,SECR,"Bamhani, Madhya Pradesh",Point,"[80.324566, 22.438916000000003]"
West Bengal,BGB,Budge Budge,ER,"Kolkata, West Bengal",Point,"[88.19469228000001, 22.49310248]"
,BHRD,Baghara Road,SER,,,
,DDBC,DDBC,,,,
Bihar,UMNR,UMESHNAGAR,ECR,"National Highway 31, Bihar",Point,"[86.431195, 25.461085]"
Bihar,BHWR,Bhitiharwa Ashram,ECR,"Pashchim Champaran, Bihar",,
Bihar,BDBP,BASUDEBPUR,ER,"Basudebpur, Bihar",Point,"[87.98253549799999, 24.6355270351]"
Gujarat,MOL,MULI ROAD,WR,"Surendranagar, Gujarat",Point,"[71.43486, 22.676562]"
Assam,AZA,AZARA,NFR,"Guwahati, Assam",Point,"[91.613927, 26.099339999999998]"
Karnataka,BAHI,Balenahalli,SWR,"State Highway 48, Karnataka",Point,"[76.56637599999999, 14.250321000000001]"
Uttar Pradesh,BDHP,BHUDPUR,NR,"State Highway 57, Uttar Pradesh",Point,"[77.29116829590001, 29.218093878]"
,SHW,SAMHON,,,Point,"[79.320694, 26.734186]"
,PATA,PATA,,,Point,"[79.4794183441, 26.6666191003]"
,PJY,PARA JANI HALT,,,Point,"[79.634896, 26.596933]"
,RURA,RURA,,,Point,"[79.908216, 26.485377]"
,BPU,BHAUPUR,,,Point,"[80.12429014, 26.46811536]"
,CNB,KANPUR CENTRAL,,,Point,"[80.350966, 26.454240000000002]"
,CHK,CHAKERI,,,Point,"[80.40654599999999, 26.381159999999998]"
,SSL,SIRSAUL,,,Point,"[80.462852, 26.297301]"
,RAMA,RAMVA,,,Point,"[80.8532993597, 25.8911534211]"
Bihar,BKF,Bhikhna Thori,ECR,"WestChamparan, Bihar",Point,"[84.61057, 27.333596]"
West Bengal,BGJT,Bagha Jatin,ER,"Kolkata, West Bengal",Point,"[88.387421, 22.482615000000003]"
Orissa,BGPL,Baghuapal,ECoR,"Orissa, Orissa",Point,"[86.013166, 21.042219]"
Bihar,BEHS,Bihar Sharif,ECR,"06112-222306, Bihar",Point,"[85.5390747, 25.206116]"
Mizoram,BHRB,Bhairabi,?,"Kolasib, Mizoram",Point,"[92.54106045, 24.19545969]"
Rajasthan,BDWL,BIRADHWAL,NWR,"National Highway 15, Rajasthan",Point,"[73.896516228, 29.1741168151]"
Rajasthan,BANE,BASNI,NWR,"Jodhpur, Rajasthan",Point,"[73.010639, 26.222963]"
Assam,BHZ,BIHARA,NFR,"K Rd, Assam",Point,"[92.689054, 24.9628178]"
Uttar Pradesh,BHI,BAHERI,NER,"SH 37, Uttar Pradesh",Point,"[79.5003221, 28.777391]"
Bihar,BHB,BADLA GHAT,ECR,"Bihar, Bihar",Point,"[86.5871439, 25.553762900000002]"
Rajasthan,BJNR,BIJAINAGAR,NWR,"Bijainagar, Rajasthan",Point,"[74.65305889999999, 25.931003]"
Madhya Pradesh,BGHI,BAGAHAI ROAD,WCR,"Baghai Road, Madhya Pradesh",Point,"[81.018663, 24.555903]"
Gujarat,BDDR,BADODAR,WR,"National Highway 8D, Gujarat",Point,"[70.295846, 21.361072999999998]"
West Bengal,BIJ,Birnagar,ER,"Birnagar, West Bengal",Point,"[88.55125199999999, 23.2358754]"
Uttar Pradesh,BJO,BIJNOR,NR,"Bijnor, Uttar Pradesh",Point,"[78.14680469999999, 29.3856298]"
West Bengal,BHLA,BEHULA,ER,"Behula, West Bengal",Point,"[88.4287921, 23.181967399999998]"
Uttar Pradesh,BLQR,BILASPUR ROAD,NER,"Rampur, Uttar Pradesh",Point,"[79.254263, 28.865600999999998]"
Bihar,BHLE,Barahat,ER,"State Highway 19, Bihar",Point,"[87.0100837976, 24.9206004744]"
West Bengal,BGAE,BALAGARH,ER,"Balagarh, West Bengal",Point,"[88.4525522, 23.1215453]"
Madhya Pradesh,BJRI,BIJURI,SECR,"Shahdol, Madhya Pradesh",Point,"[82.1189461, 23.250338600000003]"
Gujarat,BHTA,BHATIYA,WR,"National Highway 8E, Gujarat",Point,"[69.2803623, 22.0881542]"
,BKRO,BOKARO THERMAL,ECR,,Point,"[85.87557819999999, 23.7851503]"
,CHCR,CHACHER,,,Point,"[79.354918, 21.241422]"
,DNL,DHANOLI,,,Point,"[80.42759080629999, 21.3221098696]"
Bihar,LLP,Lalitgram,ECR,"Lalitgram, Bihar",Point,"[87.01226592063904, 26.35666473117378]"
,NI,NAYDONGRI,,,Point,"[74.8366330817, 20.3484309504]"
,HJN,HOWRAH JN. CABIN,,,Point,"[88.342811, 22.583533]"
,PKE,PIMPAR KHED,,,Point,"[74.7559997266, 20.307455334]"
,PJN,PANJHAN,,,Point,"[74.606561, 20.275504]"
,HSL,HISVAHAL,,,Point,"[74.57099, 20.283239000000002]"
,PNV,PANEVADI,,,Point,"[74.494903, 20.26527]"
,MMR,MANMAD JN,,,Point,"[74.438305, 20.249887]"
,TGR3,BLOCK AND CATCH SIDING CABINE NO.3,,,Point,"[73.485951, 19.674468]"
Karnataka,BDGP,BADANAGUPPE,SWR,"SH 57, Karnataka",Point,"[76.861228, 11.990316]"
,KYN,KALYAN JN,,,Point,"[73.12974, 19.234716000000002]"
,PMR,PITAMBARPUR,,,Point,"[79.538072, 28.200105]"
Rajasthan,BIQ,BANSI PAHARPUR,NCR,"Rupbas, Rajasthan",Point,"[77.457241, 26.93277]"
Karnataka,CTTP,CHITRAPUR HALT,KR,"Uttara Kannada, Karnataka",Point,"[74.536566, 14.036147999999999]"
Gujarat,BMDI,Brahmanwada,WR,"State Highway 7, Gujarat",,
Assam,BFD,BORHAT,NFR,"Nahar Rd, Assam",Point,"[95.277512, 27.164263]"
Karnataka,BGM,BELGAUM,SWR,"Belgaum, Karnataka",Point,"[74.5095639, 15.8492433]"
Bihar,BGU,BAIRGANIA,ECR,"Barahwa Pool Rd, Bihar",Point,"[85.27333399999999, 26.738281999999998]"
Rajasthan,BGRM,Biggabas Ramsara,NWR,"National Highway 11, Rajasthan",Point,"[74.20154742999999, 28.04769242]"
Karnataka,BEML,BEML Nagar,SWR,"KGF, Karnataka",Point,"[78.24197815000001, 12.9786413]"
Uttar Pradesh,BKT,BAKSHI KA TALAB,NER,"Bakshi Ka Talab, Uttar Pradesh",Point,"[80.922331, 26.983452]"
Uttar Pradesh,BFPA,Bhopatpur,NER,"Bhopatpur, Uttar Pradesh",Point,"[79.8051375, 28.375464097400002]"
Karnataka,BJP,BIJAPUR,SWR,"Bijapur, Karnataka",Point,"[75.7400012, 16.8310603]"
Rajasthan,BILA,Bheslana,NWR,"Jobner to Nawa Rd, Rajasthan",Point,"[75.304187, 27.065209000000003]"
Andhra Pradesh,VJA,VEJANDLA,SCR,"Guntur, Andhra Pradesh",Point,"[80.519729, 16.237226]"
Andhra Pradesh,SJL,SANGAM JAGARLAMUDI,SCR,"High School Rd, Andhra Pradesh",Point,"[80.570521, 16.246589]"
Gujarat,BDE,Bodeli,WR,"Vadodara, Gujarat",Point,"[73.71657979999999, 22.2701906]"
,GCAB,GCAB,,,Point,"[81.431558, 21.204607999999997]"
,BIA,BHILAI,,,Point,"[81.4217238, 21.202598300000002]"
,BPHB,BHILAI POWER HOUSE,,,Point,"[81.375901, 21.208119]"
,BQR,BHILAI NAGAR,,,Point,"[81.33434510000001, 21.2013382]"
Uttar Pradesh,BADK,BARKA,NR,"State Highway 57, Uttar Pradesh",Point,"[77.2733021582, 29.0725646906]"
Orissa,BDKT,Badakhandita,ECoR,"State Highway 12, Orissa",Point,"[86.08383554000001, 20.365448699999998]"
Bihar,BELA,Bela,ECR,"Gaya, Bihar",Point,"[84.981353, 24.97843]"
,VDE,VEDAYAPALEM,,,Point,"[79.957106, 14.404478]"
,TRL,TIRUVALLUR,,,Point,"[79.913105, 13.115764]"
Karnataka,BIDR,Bidar,SCR,"Bidar, Karnataka",Point,"[77.5137793, 17.9116836]"
,WCN,WIMCO NAGAR,,,Point,"[80.305807, 13.180491]"
,KAVM,KATHIVAKKAM,,,Point,"[80.31674199999999, 13.204343999999999]"
,VKT,VENKATACHALAM,,,Point,"[79.92732000000001, 14.327256]"
Punjab,BHM,Bahram,NR,"Behram, Punjab",Point,"[75.894193, 31.197575]"
Karnataka,BGPA,Bageshapura,SWR,"Bageshapura, Karnataka",Point,"[76.2293551874, 13.143803441600001]"
Gujarat,BHRJ,Becharji,WR,"State Highway 7, Gujarat",Point,"[72.02941299999999, 23.516602]"
,SDM,SURAREDDIPALEM,,,Point,"[80.045682, 15.407571]"
,PRH,POWERPET,,,Point,"[81.106602, 16.713189]"
,VGT,UNGUTURU,,,Point,"[81.42356000000001, 16.824498]"
,BMGM,BRAHMANAGUDEM,,,Point,"[81.67527695, 16.930258209999998]"
,KYM,KADIYAN,,,Point,"[81.832674, 16.914337999999997]"
,BBPM,BALABHADRAPURAM,,,Point,"[82.00037565999999, 16.96580143]"
,NASP,NARASINGAPALLI,,,Point,"[82.891038, 17.606751]"
,GPT,GOPALAPATNAM,,,Point,"[83.214877, 17.748818]"
,VKD,BAKHRABAD,,,Point,"[87.36345, 22.118541]"
,NYA,NARAYANGARH,,,Point,"[87.380456, 22.174233]"
,BPE,BENAPUR,,,Point,"[87.37624084000001, 22.271352309999997]"
,HIJ,HIJILLI,,,Point,"[87.32016899999999, 22.319921]"
Andhra Pradesh,BKL,BONA KALU,SCR,"Bonakalu, Andhra Pradesh",Point,"[80.261499, 17.031591000000002]"
Rajasthan,BLO,BHULON,WCR,"Kota, Rajasthan",Point,"[76.968812, 24.635909]"
Uttar Pradesh,BMHR,BAMANHERI,NR,"Muzaffarnagar, Uttar Pradesh",Point,"[77.70639, 29.514761999999997]"
Rajasthan,BME,BARMER,NWR,"Barmer, Rajasthan",Point,"[71.397067, 25.744521900000002]"
Maharashtra,BLC,BOLDA,SCR,"Parbhani, Maharashtra",Point,"[77.2735908, 19.5520321]"
Rajasthan,BKWA,BAKAYANWALA,NR,"Diwan Khera, Rajasthan",Point,"[73.98581800000001, 30.143292]"
Gujarat,BLDI,BHILDI,WR,"Bhildi, Gujarat",Point,"[72.008187, 24.194251]"
Uttar Pradesh,BJ,BAHJOI,NR,"Bahjoi, Uttar Pradesh",Point,"[78.6315064, 28.401499599999998]"
,ADIJ,AHMEDABAD JN,,,Point,"[72.60171600000001, 23.025715]"
Gujarat,BMSR,Bhimasar,WR,"Kutch, Gujarat",Point,"[70.88691945187747, 23.533660939738297]"
Gujarat,BLWR,BILESHWAR,WR,"Rajkot, Gujarat",Point,"[70.830427, 22.382129]"
Haryana,BKDE,BUDHAKHERA,NR,"SH 14, Haryana",Point,"[76.557193, 29.378719]"
,HCAB,BMY H CABIN,,,Point,"[81.46489100000001, 21.220990999999998]"
,KOK,KORUKKUPET JN,,,Point,"[80.27837727340001, 13.120489801700002]"
Gujarat,BHY,BHAYAVADAR,WR,"Sahid Kharachia, Gujarat",Point,"[70.23614485659999, 21.8478371804]"
Gujarat,BL,VALSAD,WR,"Valsad, Gujarat",Point,"[72.9335291, 20.6085595]"
,TNP,TONDIARPETTAI,,,Point,"[80.28092114379999, 13.1262400028]"
Uttar Pradesh,BNSP,BANSAPAHAR,WCR,"Uttar Pradesh, Uttar Pradesh",Point,"[81.050022, 25.055505]"
,ULB,ULUBARIA,,,Point,"[88.093209, 22.472428]"
Uttar Pradesh,BLP,Balrampur,NER,"Balrampur, Uttar Pradesh",Point,"[82.16066989870001, 27.4158206073]"
,VOC,V.O.C. NAGAR,,,Point,"[80.28745678409999, 13.140301627300001]"
,CTRE,CHITTERI,,,Point,"[79.597909, 13.068171999999999]"
,TUG,THALANGAI,,,Point,"[79.42612799999999, 13.003678]"
Rajasthan,APH,ANUPGARH,NWR,"Sri Ganganagar, Rajasthan",Point,"[73.2045643, 29.1968977]"
,WJR,WALAJAH ROAD JN,,,Point,"[79.360511, 12.970676]"
Himachal Pradesh,BJMR,BAIJNATH MANDIR,NR,"Baijnath, Himachal Pradesh",Point,"[76.65152893999999, 32.052625660000004]"
,MCN,MUKUNDARAYAPURM,,,Point,"[79.289067, 12.977678]"
,TVT,TIRUVOTTIYUR,,,Point,"[80.296454, 13.160025]"
Haryana,BOTR,Bhavdhari,NWR,"Bhiwani, Haryana",,
Rajasthan,BOX,Bhojasar,NWR,"State Highway 8, Rajasthan",,
Madhya Pradesh,BMR,BIKRAMPUR,WCR,"Balaghat, Madhya Pradesh",Point,"[79.586316, 23.082226]"
Bihar,BPAH,Benipur Halt,ECR,"Darbhanga, Bihar",,
Madhya Pradesh,BKH,BANKHEDI,WCR,"Bankheri, Madhya Pradesh",Point,"[78.5379969, 22.7748819]"
West Bengal,AKRA,Akra,ER,"Kolkata, West Bengal",Point,"[88.249021, 22.514668]"
Madhya Pradesh,BPF,BANAPURA,WCR,"Seoni Malwa, Madhya Pradesh",Point,"[77.4807316095, 22.4703575471]"
Karnataka,BLKR,BALLEKERE HALT,SWR,"National Highway 206, Karnataka",Point,"[76.023514, 13.502322000000001]"
Tamil Nadu,SUCH,SUCHINDRAM,SR,"Suchindram, Tamil Nadu",Point,"[77.466792, 8.149479]"
Haryana,BJWS,Bojawas,NWR,"State Highway 24, Haryana",Point,"[76.25286799999999, 28.312786]"
Karnataka,BLGA,Belagula,SWR,"Belagula, Karnataka",Point,"[76.5887032642, 12.385698676899999]"
Goa,BLLI,BALLI,KR,"Bali, Goa",Point,"[74.0209756, 15.151725800000001]"
Jharkhand,BJMD,Bara Jamda,SER,"Kiriburu, Jharkhand",Point,"[85.41239200000001, 22.1665327]"
Maharashtra,BMP,Bramhapuri,SECR,"Brahmapuri, Maharashtra",Point,"[79.867537, 20.603943]"
Uttar Pradesh,BIC,Bichia,NER,"Bichia, Uttar Pradesh",Point,"[81.2720808, 28.1830705]"
Gujarat,BILK,Bilkha,WR,"Bilkha, Gujarat",Point,"[70.6004021, 21.443078399999997]"
Orissa,BMPR,Badampahar,SER,"National Highway 6, Orissa",Point,"[86.18081819999999, 22.2640234]"
West Bengal,BMGR,Bamangram,NFR,"Hemtabad, West Bengal",Point,"[88.1912832245, 25.622139865799998]"
West Bengal,BPN,Banpur,ER,"Banpur-Majhdia Rd, West Bengal",Point,"[88.76185515, 23.45186861]"
Haryana,BMLL,Bamla,NWR,"State Highway 16A, Haryana",Point,"[76.244079, 28.832463999999998]"
Maharashtra,BMW,Bamhni,SECR,"Nagpur, Maharashtra",Point,"[79.364152, 20.922361]"
,KOTR,KORATTUR,,,Point,"[80.184062, 13.113345]"
,PCW,PERAMBUR CARRIAGE WORKS,,,Point,"[80.23865900000001, 13.107240000000001]"
,VLK,VILLIVAKKAM,,,Point,"[80.209621, 13.110062]"
Karnataka,BNHL,Bellenahalli,SWR,"Chitradurga, Karnataka",Point,"[76.554391, 14.243859]"
,PVM,PATTARAVKKAM,,,Point,"[80.166656, 13.114872]"
,ABU,AMBATTUR,,,Point,"[80.1525249074, 13.114305980800001]"
,ANNR,ANNANUR,,,Point,"[80.126743, 13.116018]"
,KMSI,Kumsi,,,Point,"[75.402042, 14.051954]"
,AVD,AVADI,,,Point,"[80.10051800000001, 13.118247]"
,HC,HINDU COLLEGE,,,Point,"[80.074903, 13.118538]"
,PAB,PATTABIRAM,,,Point,"[80.06542400000001, 13.11926]"
,NEC,NEMILICHERRY HALT,,,Point,"[80.045378, 13.121643]"
,SVR,SEVVAPET ROAD,,,Point,"[79.96668799999999, 13.124996999999999]"
,PTLR,PUTLUR HALT,,,Point,"[79.93709999999999, 13.122922]"
,EGT,EGATTUR HALT,,,Point,"[79.88406, 13.106198]"
Jharkhand,BJE,Bhojudih Junction,SER,"Jairampur More to Baliapur, Jharkhand",Point,"[86.4469993, 23.642174999999998]"
,MAF,MANUR,,,Point,"[79.801508, 13.096025]"
,MSU,MOSUR,,,Point,"[79.7188409808, 13.0857348949]"
,MLPM,MELPAKKAM,,,Point,"[79.659245, 13.080671]"
,MRLM,MARUDALAM,,,Point,"[79.399298, 12.99726]"
Uttarakhand,BPZ,BAZPUR,NER,"Bazpur, Uttarakhand",Point,"[79.1463827, 29.1578998]"
Uttar Pradesh,BRY,BAREILLY,NER,"Bareilly, Uttar Pradesh",Point,"[79.4109744, 28.3372843]"
West Bengal,BQZ,BALLALPUR,ER,"Farakka, West Bengal",Point,"[87.91224299999999, 24.747459000000003]"
Punjab,BNN,BARNALA,NR,"Barnala, Punjab",Point,"[75.5492466, 30.370396799999998]"
Haryana,BNJL,BINJHOL HALT,NR,"Panipat, Haryana",Point,"[76.92378099999999, 29.344605]"
,KAV,KALAMNA,,,Point,"[79.140955, 21.168195]"
Gujarat,BNH,BHIMNATH,WR,"Bhimnath, Gujarat",Point,"[71.92503, 22.245963]"
Gujarat,BNVD,BHANVAD,WR,"Bhanvad, Gujarat",Point,"[69.79885780000001, 21.9330444]"
Assam,BRGM,Baraigram Junction,NFR,"National Highway 44, Assam",Point,"[92.344106, 24.684059]"
Chhattisgarh,BSPR,BISHRAMPUR,SECR,"District Sarguja, Chhattisgarh",Point,"[82.98289000000001, 23.179178]"
Chhattisgarh,BRH,BAIKUNTHPUR RD,SECR,"NH 78, Chhattisgarh",Point,"[82.5298836, 23.317286]"
,SAL,SALWA,,,Point,"[79.292976, 21.236542]"
Karnataka,BTKL,Bhatkal,KR,"Bhatkal, Karnataka",Point,"[74.56730199046433, 13.987012001486875]"
,TAR,THARSA,,,Point,"[79.41467, 21.256602]"
,TMR,TUMSAR ROAD,,,Point,"[79.75141900000001, 21.342437]"
,GJ,GANGAJHARI,,,Point,"[80.058885, 21.443153]"
Rajasthan,BNSR,BHAGWANSAR,NWR,"Bhagwan Sar, Rajasthan",Point,"[73.859791, 29.343806]"
,PJB,PANIAJOB,,,Point,"[80.693768, 21.183732000000003]"
,THL,TIRUVALAM,,,Point,"[79.245745, 12.974779]"
Punjab,BQH,Bhanohad Punjab,NR,"Bhanohad, Punjab",Point,"[75.70970576, 30.85173825]"
,SVUR,SEVUR,,,Point,"[79.189821, 12.971785]"
,KPD,KATPADI JN,,,Point,"[79.13534100000001, 12.972734]"
Uttar Pradesh,BPRA,BARIPURA,NCR,"National Highway 86, Uttar Pradesh",Point,"[79.943488, 25.340728000000002]"
,PCKM,PACHACHAKUPAM,,,Point,"[78.757365, 12.822656]"
Gujarat,BRPM,Baripur Mandala,WR,"Mandala, Gujarat",,
Gujarat,BRTL,Bharthali,WR,"National Highway 8, Gujarat",,
,DGG,DONGARGARH,,,Point,"[80.759857, 21.185492]"
Orissa,BPO,Baripada,SER,"Baripada, Orissa",Point,"[86.73709000000001, 21.9227408]"
Gujarat,BO,Borsad,WR,"Borsad, Gujarat",Point,"[72.909158, 22.401548000000002]"
,JTR,JATKANHAR,,,Point,"[80.821965, 21.1798]"
Rajasthan,BS,Banisar,NWR,"Benisar, Rajasthan",Point,"[73.8954879211, 28.067563416]"
Rajasthan,ATH,ANTAH,WCR,"Antah, Rajasthan",Point,"[76.3072684, 25.1611771]"
Rajasthan,BON,BHONRA,WCR,"Kota, Rajasthan",Point,"[76.1976736633, 25.171061136400002]"
Chhattisgarh,BOV,Bhatgaon,SECR,"Bhatgaon, Chhattisgarh",Point,"[81.71272400000001, 21.171626]"
,MUA,MUSRA,,,Point,"[80.879372, 21.152966]"
Karnataka,BNCE,BANGALORE EAST,SWR,"Bengaluru, Karnataka",Point,"[77.6184701, 13.001479999999999]"
,KNDV,KNDV,,,,
West Bengal,BRP,Baruipur Junction,ER,"Baruipur, West Bengal",Point,"[88.431647, 22.366657999999997]"
Madhya Pradesh,AAH,ITEHAR,NCR,"State Highway 19, Madhya Pradesh",Point,"[78.683783, 26.562635]"
Madhya Pradesh,RYT,RAYAT PURA,NCR,"National Highway 92, Madhya Pradesh",Point,"[78.38188099999999, 26.456937]"
Madhya Pradesh,BBY,BHADROLI,NCR,"Gwalior, Madhya Pradesh",Point,"[78.181356, 26.30595]"
,BAKL,BAKAL,,,Point,"[80.940946, 21.123637]"
West Bengal,BTKB,Bathna Krittibas Halt,ER,"Bathna Krittibas, West Bengal",Point,"[88.48266943, 23.236313600000003]"
,GD,GONDA JN,,,Point,"[81.97815200000001, 27.154613]"
Jharkhand,AKZ,Akashi,SER,"Ranchi, Jharkhand",Point,"[84.8877858557, 23.385124400800002]"
Rajasthan,BR,BANDH BARETA,NCR,"Dumariya, Rajasthan",Point,"[77.364108, 26.910367]"
,DAN,DHANETA,,,Point,"[79.264748, 28.512293999999997]"
Uttar Pradesh,CKYD,CHAKRA ROAD,NER,"Chakara Road Halt, Uttar Pradesh",Point,"[83.672178, 26.001213]"
,MUP,MURHIPAR,,,Point,"[81.14815399999999, 21.183141]"
Maharashtra,BOKE,BHOKE,KR,"Maharashtra, Maharashtra",Point,"[73.3810615, 17.0490546]"
,RSM,RASMARA,,,Point,"[81.2164, 21.204118]"
,PHQ,PARDHANDE,,,Point,"[75.3769414349, 20.7292951895]"
,PC,PACHORA JN,,,Point,"[75.34831, 20.668385]"
Jharkhand,BSKH,Basukinath,ER,"Basukinath, Jharkhand",Point,"[87.045099, 24.388941000000003]"
Gujarat,BSKN,Bhesana Manknaj,WR,"State Highway 41, Gujarat",Point,"[72.3312086395, 23.4987569498]"
,GAA,GALAN,,,Point,"[75.27700034419999, 20.6095998065]"
,NGD,NAGARDEVLA,,,Point,"[75.1981061108, 20.6030016547]"
,AV,ASVALI,,,Point,"[73.751085, 19.817370999999998]"
,PI,PADLI,,,Point,"[73.66573299999999, 19.783928]"
,GO,GHOTI,,,Point,"[73.63594400000001, 19.722911]"
,IGP,IGATPURI,,,Point,"[73.56237899999999, 19.694053]"
,SHAD,SHAHAD,,,Point,"[73.158611, 19.244702]"
Haryana,ASE,ASAUDAH,NR,"Delhi-Rohtak Corridor, Haryana",Point,"[76.85877285, 28.73653776]"
Haryana,ABO,ASTHAL BOHAR,NR,"Rohtak, Haryana",Point,"[76.629155, 28.857765]"
Haryana,KZH,KILA ZAFARGARH,NR,"NH 71, Haryana",Point,"[76.4289531995, 29.0805810005]"
Uttar Pradesh,BNQL,BHANKALA HALT,NR,"State Highway 57, Uttar Pradesh",Point,"[77.4743493237, 29.845590837699998]"
West Bengal,BQA,BANKURA,SER,"Bankura, West Bengal",Point,"[87.07468750000001, 23.224387099999998]"
Uttar Pradesh,BRLI,Barauli,NCR,"National Highway 11B, Uttar Pradesh",Point,"[77.424988, 26.552056]"
Chhattisgarh,BPRH,Balpur Halt,SECR,"Umreli, Chhattisgarh",Point,"[82.694138, 22.115136]"
Bihar,BNKI,Banmankhi Junction,ECR,"Purnia, Bihar",Point,"[87.193664, 25.885092]"
,AIP,ATTIPPATTU,,,Point,"[80.2889459058, 13.2611631708]"
,MJR,MINJUR,,,Point,"[80.26019199999999, 13.281979]"
West Bengal,BRJ,Brace Bridge,ER,"Kolkata, West Bengal",Point,"[88.301496, 22.517861]"
Assam,BZGT,Bazurghat,NFR,"Bazurghat, Assam",Point,"[92.38341799999999, 24.607593]"
Assam,ALGP,Algapur,?,"Hailakandi, Assam",Point,"[92.59591800000001, 24.754753]"
,TAN,TARANA ROAD,,,Point,"[76.06701699999999, 23.264582]"
Uttarakhand,DWO,DOIWALA,NR,"Dehradun, Uttarakhand",Point,"[78.12218, 30.175451000000002]"
Delhi NCT,BRSQ,BRAR SQUARE,NR,"Delhi Cantonment, Delhi NCT",Point,"[77.14079000000001, 28.613526]"
Uttar Pradesh,KAT,KHATAULI,NR,"Khatauli, Uttar Pradesh",Point,"[77.736988, 29.273712]"
Rajasthan,BUB,Bissau,NWR,"Bissau, Rajasthan",Point,"[75.0612084, 28.2401014]"
Uttar Pradesh,PQY,PABLI KHAS,NR,"Meerut, Uttar Pradesh",Point,"[77.698335, 29.05601]"
Uttar Pradesh,GUH,GULDHAR,NR,"Ghaziabad, Uttar Pradesh",Point,"[77.455792, 28.703751999999998]"
Gujarat,BRRD,BORDI ROAD,WR,"Bordi, Gujarat",Point,"[72.766138, 20.122424]"
Bihar,BRU,BHAIROGANJ,ECR,"Bhairoganj, Bihar",Point,"[84.24239742, 27.151418149999998]"
Bihar,BTH,BETTIAH,ECR,"Bettiah, Bihar",Point,"[84.5229561, 26.8058847]"
,MKU,MALKAPUR,,,Point,"[76.202946, 20.891974]"
Madhya Pradesh,BSDL,BHARSENDI,WCR,"Sidhi, Madhya Pradesh",Point,"[82.06039, 24.036488]"
Uttar Pradesh,BSC,Bulandshahr,NR,"Bulandshahr, Uttar Pradesh",Point,"[77.8482415, 28.3919187]"
West Bengal,BTPG,Betheria Ghola,ER,"Betheria Ghola, West Bengal",Point,"[88.573321, 22.350122]"
Andhra Pradesh,BTPD,Bethampurdi,SCR,"Kothagudem To Bhadrachalam Rd, Andhra Pradesh",Point,"[80.573657, 17.543986]"
Uttar Pradesh,BTG,BASHARATGANJ,NR,"Bareilly, Uttar Pradesh",Point,"[79.2851956, 28.288009]"
Punjab,BTIC,BHATINDA CANTT,NR,"State Highway 17, Punjab",Point,"[74.954044, 30.19088]"
Punjab,ALL,ALAL,NR,"Mullowal, Punjab",Point,"[75.72074952000001, 30.377724999999998]"
,WADO,WADODA,,,Point,"[76.279846955, 20.8885446711]"
,KJL,KHUMGAON BURTI,,,Point,"[76.401107, 20.866943]"
,NN,NANDURA,,,Point,"[76.46015799999999, 20.838889]"
Gujarat,BTD,BOTAD JN,WR,"Botad, Gujarat",Point,"[71.6655966, 22.182870599999998]"
Haryana,BU,BASWA,NWR,"Alwar, Haryana",Point,"[76.575644, 27.149686000000003]"
,AK,AKOLA JN,,,Point,"[77.005497, 20.723084]"
,DKS,DAREKASA,,,Point,"[80.580751, 21.271299000000003]"
Rajasthan,BUGL,Buglanwali,NWR,"Hanumangarh, Rajasthan",Point,"[74.23897337168455, 29.79175066957987]"
Andhra Pradesh,BSX,BASAR,SCR,"Basara, Andhra Pradesh",Point,"[77.938506, 18.86512]"
Punjab,BWZ,Baddowal,NR,"Baddowa, Punjab",Point,"[75.742678, 30.862116999999998]"
Maharashtra,BSQ,BARSI TAKLI,SCR,"Dist. Akola, Maharashtra",Point,"[77.060902, 20.576054000000003]"
Madhya Pradesh,PARH,PARAKHEDA,WCR,"Shivpuri, Madhya Pradesh",Point,"[77.642772, 25.705583]"
,BLNR,BIRLANAGAR,,,Point,"[78.1953108, 26.237555]"
Madhya Pradesh,BUQ,Bargi,SECR,"Bargi Nagar - Ghansore Rd, Madhya Pradesh",Point,"[79.875125, 22.995932999999997]"
,SIKD,SIKRODA KWANRI,,,Point,"[77.96285300000001, 26.569564]"
Rajasthan,BSJ,Bhupalsagar,NWR,"Rajsamand, Rajasthan",Point,"[74.2116131934, 24.8477620899]"
West Bengal,BRPK,Bisharpara Kodaliya,ER,"Kolkata, West Bengal",Point,"[88.434731, 22.676284]"
Tamil Nadu,TY,TULUKAPATI,SR,"National Highway 7, Tamil Nadu",Point,"[77.936903, 9.467438999999999]"
West Bengal,BYSA,Basulyasutahata,SER,"Haldia, West Bengal",Point,"[88.13056325, 22.12030128]"
Uttar Pradesh,BRG,BARGARH,NCR,"Kaushambi, Uttar Pradesh",Point,"[81.4500584753, 25.164270416300003]"
,KSRA,KASARA,,,Point,"[73.472003, 19.647159]"
,OMB,OOMBERMALI,,,Point,"[73.422651, 19.628026000000002]"
,MH,Marahra,CR,,Point,"[85.446664, 25.100178]"
,KE,KHARDI,,,Point,"[73.393442, 19.579952]"
,THS,THANSIT,,,Point,"[73.35181299999999, 19.549981]"
Punjab,BSGR,Bhagsar,NR,"Ramgarh Chungha, Punjab",Point,"[74.40197699999999, 30.452385]"
,ATG,ATGAON,,,Point,"[73.3276912396, 19.5031813038]"
,ASO,ASANGAON,,,Point,"[73.307859, 19.439277999999998]"
,VSD,VASIND,,,Point,"[73.26768899999999, 19.406422]"
,KDV,KHADAVLI,,,Point,"[73.21871043, 19.35621892]"
,ABY,AMBIVLI,,,Point,"[73.17171, 19.267587]"
,DIVA,DIVA,,,Point,"[73.041905, 19.188394]"
Maharashtra,SNRD,MUMBAI SANDHURST ROAD,CR,"Mumbai, Maharashtra",Point,"[72.839733, 18.962311]"
Punjab,BXB,Banga,NR,"Nawan Shahar, Punjab",Point,"[75.999562, 31.177139]"
,TNA,THANE,,,Point,"[72.97541700000001, 19.185757000000002]"
Punjab,BVW,Bahminiwala,NR,"State Highway 20, Punjab",Point,"[74.19313199999999, 30.548939999999998]"
,MLND,MULUND,,,Point,"[72.956933, 19.172355]"
,KUF,KAURHA,,,Point,"[80.102675, 27.462683]"
,KAR,KARNA,,,Point,"[80.19623499999999, 27.32161]"
,NHU,NAHUR,,,Point,"[72.946683, 19.154646]"
Orissa,BTQ,Betnoti,SER,"Betnoti, Orissa",Point,"[86.8435187, 21.741339999999997]"
Karnataka,BSN,BANASANDRA,SWR,"SH19, Karnataka",Point,"[76.659317, 13.265332]"
Rajasthan,MOI,MORI BERA,NWR,"Nana, Rajasthan",Point,"[73.136306, 25.035574999999998]"
Rajasthan,BRLY,BIROLIYA,NWR,"Biroliya Rd, Rajasthan",Point,"[73.192517, 25.170546]"
Rajasthan,RT,ROHAT,NWR,"SH 64, Rajasthan",Point,"[73.0953188199, 25.921475609399998]"
Karnataka,BSRX,BAGEVADI RD,SWR,"Bagevadi, Karnataka",Point,"[75.82814753, 16.47986853]"
,AIPP,ATTIPPATTU PUDU NAGAR,,,Point,"[80.299606, 13.249326]"
Punjab,BZG,Bilga,NR,"Bilga, Punjab",Point,"[75.66684099999999, 31.058267]"
Gujarat,LMC,LAKHAMANCHI,WR,"State Highway 113, Gujarat",Point,"[71.14841382110001, 22.5718124104]"
Jharkhand,BDME,Baidyanathdham Deoghar,ER,"Deoghar, Jharkhand",Point,"[86.6920701, 24.4892623]"
Maharashtra,BTW,BARSI TOWN,CR,"Barshi, Maharashtra",Point,"[75.718169, 18.240993]"
Madhya Pradesh,BWW,Barwaha,WR,"Barwah, Madhya Pradesh",Point,"[76.0302621, 22.255445899999998]"
Himachal Pradesh,JWLS,JAWAN WALA SHEHAR,NR,"Jawan Wala Shehar, Himachal Pradesh",Point,"[76.003772, 32.14165]"
,KIM,KIM,,,Point,"[72.926702, 21.399697]"
Gujarat,CDLD,Chandlodiya,WR,"Ahmadabad, Gujarat",,
Bihar,CDMA,Chandeshwarsthan,ECR,"Chandeshwarsthan, Bihar",,
,SER,SAMAYANALLUR,,,Point,"[78.035087, 9.981546]"
Gujarat,CDD,Chandod,WR,"State Highway 160, Gujarat",Point,"[73.45218163914979, 21.99195697308774]"
,DPH,DADHAPARA,,,Point,"[82.123182, 22.028156]"
,JRMG,JAIRAMNAGAR,,,Point,"[82.29651100000001, 22.034344]"
,UGN,UGAON,,,Point,"[74.136829, 20.122591999999997]"
West Bengal,BXT,Bamanhat,NFR,"Kurigram Nageshwari Rd, West Bengal",Point,"[89.62797752581537, 26.076284459879247]"
Assam,BXK,BANDARKHAL,NFR,"Diakkawn Rd, Assam",Point,"[92.80071699999999, 25.069785]"
Punjab,BWX,BAHMAN DIWANA,NR,"Behman Diwana, Punjab",Point,"[74.849153, 30.225526]"
Uttar Pradesh,BYHA,BARYA RAM,NR,"THAKUR Rd, Uttar Pradesh",Point,"[82.22659200000001, 25.566931]"
Madhya Pradesh,CRK,CHARKHERA,WCR,"Harda, Madhya Pradesh",Point,"[77.171177, 22.367273]"
West Bengal,BUTA,BHADUTALA,SER,"Lalgarh-Medinipur Road, West Bengal",Point,"[87.3208, 22.485657]"
West Bengal,CDGR,CHANDRAKONA RD,SER,"Chandrakona Rd, West Bengal",Point,"[87.340588, 22.739076]"
Haryana,BZO,BARSOLA,NR,"District Jind, Haryana",Point,"[76.231711, 29.394379]"
,DG,DINDIGUL JN,,,Point,"[77.985472, 10.35381]"
,VO,VELLODU,,,Point,"[77.951415, 10.317775999999999]"
,ABI,AMBATURAI,,,Point,"[77.924468, 10.272226]"
,KQN,KODAIKANAL ROAD,,,Point,"[77.909593, 10.179613000000002]"
,VDP,VADIPPATTI,,,Point,"[77.945674, 10.086114]"
Gujarat,CDQ,CHADOTAR,WR,"National Highway 14, Gujarat",Point,"[72.37251094, 24.18394723]"
Haryana,BWL,BAWAL,NWR,"Bawal, Haryana",Point,"[76.572402, 28.070281]"
Andhra Pradesh,BVRT,BHIMAVARAM TOWN,SCR,"Bhimavaram, Andhra Pradesh",Point,"[81.516853, 16.547348]"
Rajasthan,BQN,BAGRI NAGAR,NWR,"Marwar, Rajasthan",Point,"[73.787801, 25.895725000000002]"
,KYR,KARUPPATTI,,,Point,"[77.94839300000001, 10.044464999999999]"
,SDN,SHOLAVANDAN,,,Point,"[77.96508200000001, 10.02227]"
Gujarat,CIO,Chikhli Road,WR,"SH 179, Gujarat",,
Bihar,BUG,BAGAHA,ECR,"Bagaha, Bihar",Point,"[84.066991, 27.130045000000003]"
Bihar,CAI,CHANPATIA,ECR,"Sikta-Mainatad Rd, Bihar",Point,"[84.53063900000001, 26.94163]"
Bihar,CAA,CHAKIA,ECR,"Chakia, Bihar",Point,"[85.04636, 26.417182]"
,CKNA,Chikna,ECR,,,
Uttar Pradesh,BXM,BELRAYAN,NER,"Tikapur, Uttar Pradesh",Point,"[80.915268, 28.379381]"
Maharashtra,BVQ,BHILAVDI,CR,"Sangli, Maharashtra",Point,"[74.51678100000001, 17.008048]"
West Bengal,ANR,ANARA,SER,"Purulia, West Bengal",Point,"[86.559763, 23.481082]"
Rajasthan,BWPL,Balwant Pura Chelasi,NWR,"Jhunjhunu, Rajasthan",Point,"[75.44328689999999, 27.9104715]"
,CATD,Chataud,SECR,,Point,"[81.73716, 21.015051]"
Madhya Pradesh,CID,Chiraidongri,SECR,"Chiraidongri, Madhya Pradesh",Point,"[80.287402, 22.411417999999998]"
,KGFR,KATHGHAR RIGHT BANK,,,Point,"[78.8082265295, 28.832108335]"
,KGFE,KATHGHAR EAST,,,Point,"[78.8095, 28.832685]"
Bihar,BHGJ,Bihariganj,ECR,"Kishanganj, Bihar",Point,"[86.992655, 25.732598999999997]"
Gujarat,HTGR,HATHIGADH,WR,"SH 115, Gujarat",Point,"[71.444628, 21.620099999999997]"
Assam,CHBN,Chandkhira Bagn,NFR,"National Highway 44, Assam",Point,"[92.287381, 24.515852]"
,YY-MMRX,YY-MMRX,,,,
Tamil Nadu,MKY,MEKKUDI,SR,"Nagappattinam - Trichy - Karur- Coimbatore - Mettupalayam - Ooty - Gundlupet Road(Vandikara Street), Tamil Nadu",Point,"[78.628737, 10.87109]"
,MIL,MILAK,,,Point,"[79.16411699999999, 28.612475]"
,NRS,NAGARIA SADAT,,,Point,"[79.205555, 28.550179]"
Haryana,BXC,Barwala,NR,"Barwala, Haryana",Point,"[75.88703100000001, 29.367534]"
,BLM,BALAMU JN,,,Point,"[80.352497, 27.167362999999998]"
,UTA,UMAR TALI,,,Point,"[80.473465, 27.086986]"
Rajasthan,CBG,Charbhuja Road,NWR,"Amet, Rajasthan",Point,"[73.946241, 25.352227999999997]"
Karnataka,HNA,HONNAVAR,KR,"Honavar, Karnataka",Point,"[74.433196, 14.316931]"
Karnataka,SEN,SENAPURA,KR,"Udupi, Karnataka",Point,"[74.6840119482, 13.717680182199999]"
Assam,CGX,Chargola,NFR,"National Highway 44, Assam",Point,"[92.416794, 24.845883999999998]"
,TMP,TAMARAIPADI,,,Point,"[78.0445917407, 10.4023417558]"
,VDM,VADAMADURA,,,Point,"[78.1021599634, 10.4363355768]"
,AYR,AYYALUR,,,Point,"[78.157049, 10.483391]"
,KFC,KALPATTICHATRAM,,,Point,"[78.2343675623, 10.518065672899999]"
,VPJ,VALYAMPATTI,,,Point,"[78.3098143988, 10.544055019]"
,CII,CHETTIYAPATTI,,,Point,"[78.3662318384, 10.575644554]"
Maharashtra,BYR,BHAYANDAR,WR,"Thane, Maharashtra",Point,"[72.85303900000001, 19.311766]"
Gujarat,BHU,BHANDU MOTIDAU,WR,"Mahesana, Gujarat",Point,"[72.38933899999999, 23.709061000000002]"
West Bengal,CG,Canning,ER,"Canning, West Bengal",Point,"[88.667458, 22.313264]"
,CGLA,Changotola,?,,Point,"[80.11878948120001, 22.2299461588]"
Punjab,CHKB,CHAKKI BANK,NR,"Pathankot, Punjab",Point,"[75.636651, 32.259653]"
,JAR,Junair Halt,,,Point,"[85.2506963452, 25.273607371900003]"
Uttar Pradesh,CH,CHANDAUSI JN,NR,"Chandausi, Uttar Pradesh",Point,"[78.780268, 28.458626000000002]"
,BSLX,BSLX,,,,
Gujarat,DGI,DUNGRI,WR,"NH 8, Gujarat",Point,"[72.949119, 20.687336000000002]"
,BIS,BISWA BRIDGE,,,Point,"[76.33919345, 20.885157149999998]"
,YAD,YEULKHED,,,Point,"[77.07497000000001, 20.724559000000003]"
,KKT,Kath Kuiyan,,,Point,"[84.0478709076, 26.8568018382]"
,BGN,BORGAON,,,Point,"[77.1796502, 20.7290593]"
Punjab,DDY,DUDWINDI,NR,"Kapurthala, Punjab",Point,"[75.258143, 31.237553]"
,KTP,KATEPURNA,,,Point,"[77.25938099999999, 20.723777]"
,SUM,SUMMIT,,,Point,"[74.3431299774, 20.2117506011]"
,LS,LASALGAON,,,Point,"[74.22597599999999, 20.154847999999998]"
Uttarakhand,DDN,DEHRADUN,NR,"Dehradun, Uttarakhand",Point,"[78.0336011, 30.3140377]"
,MZR,MURTAJAPUR,,,Point,"[77.35482499999999, 20.736468000000002]"
Rajasthan,CDSL,CHANDRESAL,WCR,"Kota, Rajasthan",Point,"[75.943986, 25.212948]"
Chandigarh,CDG,CHANDIGARH,NR,"Darua, Chandigarh",Point,"[76.82208, 30.7019773]"
,MANA,MANA,,,Point,"[77.469063, 20.761491]"
,MNDA,MANDURA,,,Point,"[77.52258400000001, 20.78015]"
Uttar Pradesh,CPJ,KAPTANGANJ JN,NER,"Captainganj, Uttar Pradesh",Point,"[83.69990700000001, 26.926388]"
Bihar,AWS,ASWANI HALT,ECR,"Bagaha, Bihar",Point,"[84.051843, 27.15958]"
,KUM,KURAM,,,Point,"[77.58733000000001, 20.808396000000002]"
,TKI,TAKLI,,,Point,"[77.65695, 20.833253]"
,KKJ,KAKORI,,,Point,"[80.79835, 26.885454000000003]"
,LNWT,LUCKNOW WEST (ALH),,,Point,"[80.909614, 26.829443]"
Bihar,DES,DESARI,ECR,"Vaishali, Bihar",Point,"[85.4087656586, 25.6683593565]"
,NR,NIPHAD,,,Point,"[74.079481, 20.096584]"
,BD,BADNERA JN,,,Point,"[77.73231969999999, 20.8567925]"
Karnataka,BKJ,BARKUR,KR,"Udupi, Karnataka",Point,"[74.75968040000001, 13.477458799999999]"
Kerala,BFR,BEKAL FORT,SR,"Pallikere, Kerala",Point,"[75.04278599999999, 12.385524]"
Chhattisgarh,DMK,Dilmili,ECoR,"National Highway 16, Chhattisgarh",Point,"[81.737851, 18.987443]"
Jharkhand,DGHR,Deoghar,ER,"Deoghar, Jharkhand",Point,"[86.69712126, 24.51178242]"
Karnataka,ALUR,Alur Halt,SWR,"Hassan - Alur Rd, Karnataka",Point,"[75.99049337, 12.98251226]"
,TMT,TIMTALA,,,Point,"[77.79476000000001, 20.812496]"
,MLR,MALKHED,,,Point,"[77.862831, 20.821793]"
,CND,CHANDUR,,,Point,"[77.9821558, 20.8045192]"
,DIP,DIPORE,,,Point,"[78.040981, 20.79317]"
,DMN,DHAMANGAON,,,Point,"[78.138054, 20.784674000000003]"
,TLN,TALNI,,,Point,"[78.230026, 20.754248]"
,PLO,PULGAON JN,,,Point,"[78.318111, 20.726734]"
,KAOT,KAOTHA,,,Point,"[78.376203, 20.737041]"
,DAE,DAHEGAON,,,Point,"[78.463093, 20.729315]"
,WR,WARDHA JN,,,Point,"[78.594157, 20.732777]"
,SEGM,SEVAGRAM,,,Point,"[78.619225, 20.739076]"
,VADR,WARUD,,,Point,"[78.65067138549999, 20.7471655405]"
,TGP,TULJAPUR,,,Point,"[78.808237, 20.800701]"
,BOK,BORKHEDI,,,Point,"[78.97444766000001, 20.860176040000002]"
,BTBR,BUTI BORI,,,Point,"[79.01362896, 20.91847276]"
Punjab,CBX,CHAND BHAN,NR,"Jaitu, Punjab",Point,"[74.88002100000001, 30.445148]"
,GMG,GUMGAON,,,Point,"[79.030314, 20.993595999999997]"
Karnataka,DEV,DEVARAYI,SWR,"State Highway 34, Karnataka",Point,"[74.57136412999999, 15.44947863]"
,KRI,KHAPTI,,,Point,"[79.048839, 21.049338]"
,AJNI,AJNI,,,Point,"[79.0825197485, 21.1268588122]"
,KP,KAMPTEE,,,Point,"[79.197947, 21.21172]"
,CGA,CHENGEL,,,Point,"[88.13891000000001, 22.486845]"
Maharashtra,DGBZ,Dongri Buzurg,SECR,"State Highway 251, Maharashtra",Point,"[79.676645, 21.573844]"
,BVA,BAURIA JN,,,Point,"[88.1635216052, 22.5035911202]"
,NALR,NALPUR,,,Point,"[88.185699, 22.529208]"
Rajasthan,DEEG,Deeg,NCR,"Bharatpur, Rajasthan",Point,"[77.32451142, 27.48655053]"
,ABB,ABADA,,,Point,"[88.19939199999999, 22.547877]"
,SEL,SANKRALL,,,Point,"[88.2090743463, 22.5613094942]"
,ADL,ANDUL,,,Point,"[88.239643, 22.575169]"
,SRC,SANTRAGACHI JN,,,Point,"[88.284011, 22.58393]"
,RMJ,RAMRAJATALA,,,Point,"[88.295438, 22.587778]"
West Bengal,DGNR,Durganagar,ER,"Kolkata, West Bengal",Point,"[88.419, 22.650758]"
,MPA,MANAPARAI,,,Point,"[78.4177652356, 10.6075620105]"
Assam,BHGN,BHILGAON,NFR,"National Highway 39, Assam",Point,"[93.926117, 26.354394000000003]"
,SMDM,SAMUDRAM,,,Point,"[78.493545, 10.652687]"
,KLS,KOLATUR,,,Point,"[78.547696, 10.700678]"
Assam,CHB,CHABUA,NFR,"Chabua, Assam",Point,"[95.1720581342, 27.481420709000002]"
Uttar Pradesh,DEO,DEOKALI,NER,"State Highway 90, Uttar Pradesh",Point,"[80.705156, 27.977317000000003]"
Jammu and Kashmir,CHNR,CHHAN ARORIAN,NR,"Chhan Arorian, Jammu and Kashmir",Point,"[75.35904533, 32.46131096]"
Jammu and Kashmir,BDHY,BUDHI,NR,"Kathua, Jammu and Kashmir",Point,"[75.432931, 32.440429]"
Punjab,CKKN,CHAK KALAN,NR,"National Highway 1A, Punjab",Point,"[75.623498, 32.083103]"
Punjab,BNGL,BHANGALA,NR,"National Highway 1A, Punjab",Point,"[75.61231335209999, 32.0195148161]"
West Bengal,CDH,Chakdaha,ER,"Chakdaha, West Bengal",Point,"[88.529672, 23.078406]"
Punjab,CGH,CHOLANG,NR,"Adda Cholang, Punjab",Point,"[75.639894, 31.617259999999998]"
Maharashtra,DIC,DAHISAR,WR,"Mumbai, Maharashtra",Point,"[72.859587, 19.250166]"
Punjab,CHN,Chhina,NR,"Ghuman Kalan Rd, Punjab",Point,"[75.271993, 31.902255]"
West Bengal,MLYA,Maliya,ER,"Maliya, West Bengal",Point,"[88.136281, 22.831668]"
West Bengal,DMU,Dhamua,ER,"Sherpur Dhamua Rd, West Bengal",Point,"[88.392178, 22.290179]"
Jharkhand,DON,DERAWAN HALT,SER,"Derawan, Jharkhand",Point,"[76.104438, 23.230256999999998]"
,BSP,BILASPUR JN,,,Point,"[82.167585, 22.057473]"
Gujarat,DMJ,Dharmaj,WR,"State Highway 6, Gujarat",,
Maharashtra,DLB,DAULATABAD,SCR,"Maharashtra., Maharashtra",Point,"[75.210494, 19.916367]"
Bihar,DHT,DHAMARA GHAT,ECR,"Bihar, Bihar",Point,"[86.599522, 25.590821]"
Maharashtra,DLGN,DHALGAON,CR,"Jath Rd, Maharashtra",Point,"[74.9887134, 17.120967200000003]"
Maharashtra,DKY,DHOKI,CR,"Dhoki Town, Maharashtra",Point,"[76.10298900000001, 18.353216]"
,DLSR,DALHOGI ROAD,?,,Point,"[75.75084299999999, 32.289064]"
,DRBR,Deoraha Baba Road,NER,,Point,"[83.87109099999999, 26.283979000000002]"
Uttar Pradesh,DLR,DULLAHAPUR,NER,"SH 67, Uttar Pradesh",Point,"[83.423264, 25.799898]"
,DCAB,DCAB,,,Point,"[81.477969, 21.226612]"
Assam,DKE,DIHAKHO,NFR,"Diakkawn Rd, Assam",Point,"[93.126587, 25.427907]"
,CABN,BHILAI CABIN,,,Point,"[81.499084, 21.236052]"
,DNEA,DANEA,ECR,,Point,"[85.658334, 23.799131]"
Rajasthan,DPLN,Diplana,NWR,"State Highway 36, Rajasthan",Point,"[74.88112287595868, 29.182572629698868]"
,KMI,KUMHARI,,,Point,"[81.516054, 21.243782]"
,DOW,Davol,WR,,Point,"[72.953112, 22.39911]"
Rajasthan,DHR,DHARNAODA,WCR,"Dharnawada, Rajasthan",Point,"[77.09925299999999, 24.592205]"
,SZB,SARONA CABIN,,,Point,"[81.5736163281, 21.2532719083]"
Punjab,DHPR,DAPPAR,NR,"National Highway 22, Punjab",Point,"[76.8075098584, 30.5176409515]"
,R,RAIPUR JN,,,Point,"[81.629328, 21.256462000000003]"
,WRC,W R S COLONY PH,,,Point,"[81.639183, 21.277967999999998]"
,URK,URKURA,,,Point,"[81.644569, 21.289034]"
Bihar,DUMR,Dumra,ECR,"NH 77, Bihar",Point,"[85.533639, 26.576993]"
Gujarat,DISA,DISA,WR,"Disa, Gujarat",Point,"[72.1796003, 24.237125199999998]"
Andhra Pradesh,CKV,CHERUKUVADA,SCR,"Cherukawada, Andhra Pradesh",Point,"[81.42156278, 16.58967159]"
,LKO,LUCKNOW,,,Point,"[80.925291, 26.830675]"
Delhi NCT,DLI,OLD DELHI,NR,"Shyama Prasad Mukherji Marg, Delhi NCT",Point,"[77.228356, 28.661815999999998]"
Gujarat,DOLK,Dholikua,WR,"Gujarat, Gujarat",,
,MDH,MANDHAR,,,Point,"[81.704606, 21.33807]"
,SLH,SILIARI,,,Point,"[81.755534, 21.426336000000003]"
,BKTH,BAIKUNTH,,,Point,"[81.7800294, 21.4976724]"
Kerala,CHV,CHARVATTUR,SR,"Kasaragod district, Kerala",Point,"[75.15435, 12.213321]"
Kerala,CDRA,CHANDERA,SR,"Kasaragod, Kerala",Point,"[75.168292, 12.179818]"
,BYL,BELHA,,,Point,"[82.077189, 21.961973]"
,PUG,PUNGGUDI,,,Point,"[78.620151, 10.748083000000001]"
,TPJ,TIRUCHIRAPPALLI,,,Point,"[78.685355, 10.794067]"
,CHBT,CHAKARBHATHA,,,Point,"[82.112168, 22.003082]"
Rajasthan,DTRD,Diyatara Road,?,"Diyatra, Rajasthan",Point,"[72.8399187915, 27.733596247399998]"
,IB,IB,,,Point,"[83.94878100000001, 21.815777]"
Bangladesh,DSNB,Darsana Border,?,"Chuadanga, Bangladesh",,
,KGP,KHARAGPUR JN,,,Point,"[87.32845599999999, 22.341431999999998]"
,FLR,PHULESWAR,,,Point,"[88.11604889590001, 22.4778756365]"
West Bengal,DHH,Dinhata,NFR,"Dinhata, West Bengal",Point,"[89.5868746, 26.0707762]"
West Bengal,DKDP,Dakshin Durgapur,ER,"Dakshin Durgapur, West Bengal",Point,"[88.399338, 22.308871]"
West Bengal,DJRZ,To Darjeeling,NFR,"Darjeeling, West Bengal",Point,"[88.3332302, 26.8521353]"
Assam,DJG,DULIAJAN,NFR,"Duliajan, Assam",Point,"[95.30695200000001, 27.367712]"
Assam,DKM,DIKOM,NFR,"A T Rd, Assam",Point,"[95.0806742816, 27.4642265659]"
Bihar,DHNA,Dhachna,NFR,"National Highway 34, Bihar",Point,"[87.9869386938, 25.6464732123]"
,JTIN,Jethian,,,Point,"[85.3141277319, 24.929548151899997]"
Madhya Pradesh,DURP,Durgapuri,NCR,"Khojeepura, Madhya Pradesh",,
Tripura,DMR,Dharmanagar,NFR,"Dharmanagar, Tripura",Point,"[92.16824700000001, 24.366946]"
West Bengal,DPDP,Dhapdhapi,ER,"Dhapdhapi, West Bengal",Point,"[88.459855, 22.315994]"
Rajasthan,ENB,Ellenabad,NWR,"State Highway 23, Rajasthan",Point,"[74.6579341054894, 29.44410399265112]"
Assam,DLCR,Dullabcherra,NFR,"Anipur Nivia Rd, Assam",Point,"[92.477671, 24.505297000000002]"
Madhya Pradesh,DVH,Devi Halt,SECR,"Devi, Madhya Pradesh",Point,"[78.86207, 21.706411]"
Assam,DGX,Dagaon,NFR,"Mathaouri Rd, Assam",Point,"[92.61368900000001, 26.444446]"
Rajasthan,DKWA,Dokwa,NWR,"National Highway 65, Rajasthan",Point,"[75.32336400000001, 28.579787000000003]"
Karnataka,DUH,Dudda,SWR,"Dudda, Karnataka",Point,"[76.2042468, 13.08842214]"
Maharashtra,DHI,Dhule,CR,"Dhule, Maharashtra",Point,"[74.768847, 20.887752]"
West Bengal,DHU,Dhubulia,ER,"Nadia, West Bengal",Point,"[88.441145, 23.483546]"
Karnataka,DOGL,Donigal,SWR,"Mangalore - Bangalore Hwy, Karnataka",Point,"[75.73412167570001, 12.9040478098]"
Tamil Nadu,DSM,DARASURAM,SR,"Kumbakonam, Tamil Nadu",Point,"[79.35638399999999, 10.944384000000001]"
Madhya Pradesh,DWX,DEWAS,WR,"Dewas, Madhya Pradesh",Point,"[76.051191, 22.977556]"
Rajasthan,DOR,DUNDARA,NWR,"Dhundhara, Rajasthan",Point,"[72.796892, 25.895799]"
Bihar,DMH,Dauram Madhepura,ECR,"Madhepura, Bihar",Point,"[86.782638, 25.908513]"
Rajasthan,DPK,Dholipal,NWR,"Dholipal, Rajasthan",Point,"[74.25159995444119, 29.76082671390587]"
Rajasthan,AHO,ADARSHNAGAR,NWR,"Ajmer, Rajasthan",Point,"[74.653432493, 26.411579930800002]"
Punjab,DNN,Dina Nagar,NR,"Dinanagar, Punjab",Point,"[75.467351, 32.134789]"
Orissa,DPC,Darliput,ECoR,"Darliput, Orissa",Point,"[82.74651899999999, 18.365186]"
Gujarat,DWK,DWARKA,WR,"Dwarka, Gujarat",Point,"[68.980434, 22.251023]"
,RJN,RAJ NANDGAON,,,Point,"[81.039019, 21.101186000000002]"
Maharashtra,DWM,Darwha Moti Bagh Junction,CR,"Darwha, Maharashtra",,
Rajasthan,DOZ,DAURAI,NWR,"Madar, Rajasthan",Point,"[74.619546, 26.395604000000002]"
,PMS,PARMALKASA,,,Point,"[81.09869, 21.140859000000003]"
Punjab,DOC,Daun Kalan,NR,"National Highway 64, Punjab",Point,"[76.4585689563, 30.3792190643]"
Chhattisgarh,MXA,MARAUDA,SECR,"Bhilai, Chhattisgarh",Point,"[81.35973, 21.15958]"
West Bengal,ER08,Kalinagar,ER,"State Highway 6, West Bengal",,
Uttar Pradesh,BQF,BARAHMUAFI,WCR,"Uttar Pradesh, Uttar Pradesh",Point,"[81.009932, 25.039892]"
Madhya Pradesh,DOE,DEORI,WCR,"Jabalpur, Madhya Pradesh",Point,"[80.009808, 23.298434999999998]"
Madhya Pradesh,DRHI,DAGARHKERI,WCR,"State Highway 15, Madhya Pradesh",Point,"[76.8264017633, 22.0812732116]"
Madhya Pradesh,DGN,DONGARGAON,CR,"Borgaon, Madhya Pradesh",Point,"[76.36406699999999, 21.641314]"
,KBSN,KASBE-SUKENE,,,Point,"[74.02714900000001, 20.072296]"
,KW,KHERVADI,,,Point,"[73.973978, 20.046948]"
,ODHA,ODHA,,,Point,"[73.910456, 20.01601]"
,NK,NASIK ROAD,,,Point,"[73.841897, 19.947627]"
,LT,LAHAVIT,,,Point,"[73.815119, 19.852905]"
,KJMG,KANJUR MARG,,,Point,"[72.928041, 19.128181]"
,GC,GHATKOPAR,,,Point,"[72.908591, 19.085984999999997]"
,LTT,LOKMANYA TILAK TERM,,,Point,"[72.89173899999999, 19.070320000000002]"
Rajasthan,DRB,Debari,NWR,"Debari, Rajasthan",Point,"[73.805352, 24.606987]"
Uttar Pradesh,FAP,FAKHARPUR HALT,NR,"Fakharpur, Uttar Pradesh",Point,"[77.293521, 28.846965]"
Delhi NCT,DSA,DELHI SHAHDARA,NR,"Circular Rd, Delhi NCT",Point,"[77.293154, 28.673098]"
Uttar Pradesh,GZT,GHAZIPUR GHAT,NER,"Ghazipur, Uttar Pradesh",Point,"[83.60480199999999, 25.600279999999998]"
Tamil Nadu,PGN,PERUGAMANI,SR,"Nagappattinam - Trichy - Karur- Coimbatore - Mettupalayam - Ooty - Gundlupet Road(Vandikara Street), Tamil Nadu",Point,"[78.54751, 10.889271]"
Nagaland,DMV,DIMAPUR,NFR,"Dimapur, Nagaland",Point,"[93.72781599999999, 25.905701999999998]"
Karnataka,DWF,DUDH SAGAR WATER FALLS,SWR,"National Highway 4A, Karnataka",Point,"[74.31403358, 15.31333714]"
Maharashtra,FSG,PHURSUNGI,CR,"Phursungi, Maharashtra",Point,"[74.026016, 18.455828999999998]"
West Bengal,FLU,Phulia,ER,"Fulia, West Bengal",Point,"[88.49634, 23.229896999999998]"
Jharkhand,DPS,Dangoaposi,SER,"Nurda, Jharkhand",Point,"[85.59273, 22.167964]"
West Bengal,DZKT,Durga Chak Town,SER,"Haldia, West Bengal",Point,"[88.136032, 22.066831]"
Maharashtra,EPR,Mumbai Elphinstone Road,WR,"Mumbai, Maharashtra",Point,"[72.835426, 19.00694]"
Assam,ELL,Eraligu,NFR,"Eraligu, Assam",Point,"[92.33263099999999, 24.665398]"
,DLN,DILDARNAGAR JN,,,Point,"[83.668324, 25.419424]"
Bihar,DNWH,Daniyawan Bazar Halt,?,"Daniawan, Bihar",Point,"[85.2908951074, 25.4345036206]"
Uttar Pradesh,AHM,AHIMANPUR,NER,"St Ravidas Nagar, Uttar Pradesh",Point,"[82.511544, 25.252404]"
Rajasthan,FA,FALNA,NWR,"Falna, Rajasthan",Point,"[73.23495299999999, 25.235808]"
Punjab,DODH,Dodh,NR,"State Highway 20, Punjab",Point,"[74.52193700000001, 30.841607]"
Uttar Pradesh,DRGJ,DARAGANJ,NER,"Allahabad, Uttar Pradesh",Point,"[81.87998999999999, 25.44265]"
Gujarat,DQN,Dhanera,NWR,"Dhanera, Gujarat",Point,"[72.032364, 24.506528]"
Jharkhand,DUMK,Dumka,ER,"Dumka, Jharkhand",Point,"[87.254975, 24.289527]"
,SRGM,SRIRANGAM,,,Point,"[78.696348, 10.857918]"
,GOC,PONMALAI GOLDEN ROCK,,,Point,"[78.709755, 10.791837]"
West Bengal,DZK,Durgachak,SER,"Haldia, West Bengal",Point,"[88.15527399999999, 22.082011]"
,TPTN,TIRUCHIRAPALI TOWN,,,Point,"[78.702834, 10.829084]"
,UKV,UTTAMARKOVIL,,,Point,"[78.702346, 10.877948]"
,BXS,PICHCHANDARKOVL,,,Point,"[78.720236, 10.881112]"
,VLDE,VALADI,,,Point,"[78.757917, 10.872869000000001]"
,MAND,MANDURAI,,,Point,"[78.78619599999999, 10.873068]"
,LLI,LALGUDI,,,Point,"[78.813672, 10.875733]"
,KTTR,KATTUR,,,Point,"[78.855173, 10.895833999999999]"
,PMB,PULLAMBADI,,,Point,"[78.91757299999999, 10.940214]"
,KKPM,KALLAKKUDI PLGH,,,Point,"[78.948759, 10.966118999999999]"
,KLGM,KALLAGAM,,,Point,"[79.00542629819999, 11.0256145326]"
,SLTH,SILLAKKUDI,,,Point,"[79.0368619916, 11.095633418]"
,ALU,ARIYALUR,,,Point,"[79.06831799999999, 11.150035]"
,OTK,OTTAKOVIL,,,Point,"[79.109674, 11.222726000000002]"
,VER,VELLUR HALT,,,Point,"[79.13844999999999, 11.242453000000001]"
,SNDI,SENDURAI,,,Point,"[79.168778, 11.256462]"
,MTUR,MATHUR,,,Point,"[79.20580299999999, 11.318107]"
,ICG,ICHCHANGADU,,,Point,"[79.2197551199, 11.371003803499999]"
,PNDM,PENNADAM,,,Point,"[79.219978, 11.397962999999999]"
,TLNR,TALANALLUR,,,Point,"[79.24125000000001, 11.436374]"
,VRT,VRIDDHACHALM TN,,,Point,"[79.279462, 11.482273000000001]"
Andhra Pradesh,DPD,DOSAPADU,SCR,"Krishna, Andhra Pradesh",Point,"[80.938771, 16.468807]"
Rajasthan,GAMI,Gogameri,NWR,"MDR 18, Rajasthan",Point,"[75.03507563844323, 29.160244032368652]"
Maharashtra,GANI,GHARNI,?,"MSH3, Maharashtra",Point,"[76.758368, 18.476969999999998]"
Maharashtra,DVN,DEVTHANA,SCR,"Nanded, Maharashtra",Point,"[77.689981, 19.274562]"
Uttar Pradesh,DXH,DUHAI,NR,"Uttar Pradesh, Uttar Pradesh",Point,"[77.480363, 28.730283]"
Bihar,DWLE,Dhauni,ER,"Dhauni, Bihar",Point,"[86.9930409827, 25.010329682000002]"
Punjab,DUI,DHURI JN,NR,"Dhuri, Punjab",Point,"[75.86660300000001, 30.372740999999998]"
Rajasthan,FPS,Fatehpur Shekhawati,NWR,"Fatehpur, Rajasthan",Point,"[74.971043, 28.000728000000002]"
Uttar Pradesh,DWJ,DWARKAGANJ,NR,"Sultanpur, Uttar Pradesh",Point,"[82.109076, 26.316418]"
,DI,DOMBIVILI,,,Point,"[73.0869, 19.218218]"
,VK,VIKHROLI,,,Point,"[72.928312, 19.11196]"
,VVH,VIDYAVIHAR,,,Point,"[72.897181, 19.079258]"
Maharashtra,VGN,VANGAON,WR,"Thane, Maharashtra",Point,"[72.76318500000001, 19.882845]"
Bihar,GALG,GoldingGanj,?,"GoldingGanj, Bihar",,
Bihar,EKR,Ekangarsarai,ECR,"Ekangar Sarai, Bihar",Point,"[85.2322638, 25.2224815]"
Haryana,GGN,GURGAON,NR,"Gurgaon, Haryana",Point,"[77.010739, 28.489165]"
Punjab,DTW,DATEWAS,NR,"Bareta, Punjab",Point,"[75.616682, 29.893255]"
West Bengal,NAI,Nangi,ER,"Kolkata, West Bengal",Point,"[88.223984, 22.500255999999997]"
Haryana,FN,Farukhnagar,NR,"Gurgaon, Haryana",Point,"[76.828486, 28.467066]"
Gujarat,GDL,GONDAL,WR,"Gondal, Gujarat",Point,"[70.79558800000001, 21.972471]"
Bihar,GAH,Gawnaha,ECR,"Pashchim Champaran, Bihar",Point,"[84.52017599999999, 27.269838999999997]"
Rajasthan,GAL,GHATLA,NWR,"State Highway 14, Rajasthan",Point,"[76.628452, 27.731813000000002]"
Gujarat,AI,ADIPUR,WR,"Dist. Kachchh, Gujarat",Point,"[70.0786586, 23.077052700000003]"
Maharashtra,CHG,MUMBAI CHINCHPOKLI,CR,"Mumbai, Maharashtra",Point,"[72.832659, 18.986789]"
Chhattisgarh,DWZ,Dantewara,ECoR,"Dantewada, Chhattisgarh",Point,"[81.35453600000001, 18.907733]"
Gujarat,DXR,DIGSAR,WR,"State Highway 17, Gujarat",Point,"[71.499375, 22.712403000000002]"
Madhya Pradesh,FTD,Fatehabad Chowk Junction,WR,"Indore, Madhya Pradesh",Point,"[75.673338, 23.009106]"
Haryana,DZB,Dahina Zainabad,NWR,"Tumna Rd, Haryana",Point,"[76.39169434200001, 28.291078574500002]"
Tamil Nadu,TMLP,TIRUMALPUR,SR,"Tirumalpur, Tamil Nadu",Point,"[79.67348799999999, 12.956333]"
Tamil Nadu,CJE,KANCHIPURAM EAST,SR,"Kanchipuram, Tamil Nadu",Point,"[79.7120436792, 12.841137186300001]"
West Bengal,DUJ,DUBRAJPUR,ER,"Dubrajpur, West Bengal",Point,"[87.378973, 23.803358]"
Assam,DGU,DIGARU,NFR,"Digaru, Assam",Point,"[91.977861, 26.173306]"
Assam,BRHU,BARAHU,NFR,"National Highway 37, Assam",Point,"[92.1395124182, 26.1204333815]"
Assam,DML,DHARAMTUL,NFR,"Dharamtul, Assam",Point,"[92.36716, 26.189127]"
Uttar Pradesh,BHGP,Bhagirathpur,NER,"National Highway 29, Uttar Pradesh",Point,"[83.38771, 27.326628]"
Assam,DHRY,DHALPUKHURI,NFR,"Hojai Rd, Assam",Point,"[92.880626, 25.981050999999997]"
Assam,BRLF,BAR LANGFER S,NFR,"Lumding, Assam",Point,"[93.225136, 25.755626]"
Assam,SLX,SELENG HAT,NFR,"National Highway 61, Assam",Point,"[94.4827626898, 26.783438032899998]"
Assam,DBRG,DIBRUGARH,NFR,"Dibrugarh, Assam",Point,"[94.93525791020001, 27.463606565899997]"
,DIL,DILAWARNAGAR,,,Point,"[80.6674744, 26.9601891]"
Uttar Pradesh,NDJ,NANDGANJ,NER,"National Highway 29, Uttar Pradesh",Point,"[83.396867, 25.54457]"
Uttar Pradesh,DYU,DIYURI,NER,"Diyuri, Uttar Pradesh",Point,"[79.87601000000001, 28.603253]"
Jammu and Kashmir,JAT,JAMMU TAWI,NR,"Jammu Cantt, Jammu and Kashmir",Point,"[74.880117, 32.706975]"
Himachal Pradesh,KNDI,KANDRORI,NR,"District Kangra Pin- 176402, Himachal Pradesh",Point,"[75.668807, 32.184403]"
Uttar Pradesh,DYP,Daryapur,NR,"National Highway 24B, Uttar Pradesh",Point,"[81.248588, 26.182799]"
Punjab,BMK,BIRANG KHERA,NWR,"MDR 105, Punjab",Point,"[74.63586428650001, 29.9125697133]"
Rajasthan,DHRR,DHIRERA,NWR,"Bikaner, Rajasthan",Point,"[73.616355, 28.363519]"
Uttar Pradesh,CBN,CHIT BARAGAON,NER,"Chitbaragaon, Uttar Pradesh",Point,"[84.00154, 25.744108999999998]"
,CPR,CHHAPRA,,,Point,"[84.725004, 25.788320000000002]"
,DRI,DUMRI JUARA,,,Point,"[84.869395, 25.748425]"
,SEE,SONPUR JN,,,Point,"[85.16685100000001, 25.696849]"
Uttar Pradesh,FRDH,Faridaha Halt,NER,"Aunrihar, Uttar Pradesh",Point,"[83.12602199999999, 25.557959]"
Gujarat,KLL,KALOL JN,WR,"Kalol, Gujarat",Point,"[72.50363, 23.244576000000002]"
Gujarat,DNW,DANGARWA,WR,"Jagudan, Gujarat",Point,"[72.44125299999999, 23.401485]"
Gujarat,CHP,CHHAPI,WR,"Banaskantha, Gujarat",Point,"[72.40022099999999, 24.034518000000002]"
Rajasthan,SOH,SIROHI ROAD,NWR,"Pindwara, Rajasthan",Point,"[73.039834, 24.791042]"
Tamil Nadu,TN,TUTICORIN,SR,"Thoothukudi, Tamil Nadu",Point,"[78.15535899999999, 8.806109000000001]"
West Bengal,GBA,GARHBETA,SER,"Medinipur, West Bengal",Point,"[87.320972, 22.844562]"
Kerala,ELM,ELIMALA,SR,"Kannur District, Kerala",Point,"[75.2308476031, 12.0686868024]"
Bihar,GARA,Garha,ECR,"NH 77, Bihar",Point,"[85.52096599999999, 26.426289]"
Rajasthan,GJN,Gajner,NWR,"National Highway 15, Rajasthan",Point,"[73.0615538, 27.9358522]"
West Bengal,GIA,Garia,ER,"Kolkata, West Bengal",Point,"[88.404673, 22.465958999999998]"
Tamil Nadu,ERL,ERANIEL,SR,"Kanyakumari, Tamil Nadu",Point,"[77.308161, 8.212549]"
,VRI,VRIDHACHALAM JN,,,Point,"[79.316073, 11.534965]"
,MPLY,MEPPULIYUR,,,Point,"[79.30663799999999, 11.676385]"
,PRKL,PARIKKAL,,,Point,"[79.370923, 11.778527]"
,KGZ,KARUNGUZHI,,,Point,"[79.91149, 12.531918999999998]"
Andhra Pradesh,PNDP,PANDILLAPALLI,SCR,"Pandillapalli Railway Station, Andhra Pradesh",Point,"[80.17023400000001, 17.171933]"
Maharashtra,GLV,GULVANCHI,CR,"Jath Rd, Maharashtra",Point,"[75.05678, 17.172707]"
Haryana,GHH,GARHI HARSARU,NR,"Gurgaon, Haryana",Point,"[76.929697, 28.43755]"
Gujarat,GOP,GOP JAM,WR,"State Highway 27, Gujarat",Point,"[69.90809078, 22.0539696502]"
Chhattisgarh,GDZ,Gundardehi,SECR,"Gundardehi, Chhattisgarh",Point,"[81.302351, 20.948836]"
Punjab,GDB,GIDDARBAHA,NR,"Giddarbaha, Punjab",Point,"[74.663342, 30.201319]"
Punjab,GJW,Gajuwala,NR,"State Highway 2, Punjab",Point,"[75.871735, 29.585509000000002]"
,GMIA,GUMIA,ECR,,Point,"[85.82892199999999, 23.802650999999997]"
Uttar Pradesh,GDHA,GODHA,NR,"Godha, Uttar Pradesh",Point,"[78.141225, 28.005897]"
West Bengal,GHUM,Ghoom,NFR,"Darjeeling, West Bengal",Point,"[88.254223, 27.008643]"
Gujarat,GNPT,Ganpatpura,WR,"Gujarat, Gujarat",,
,LRJ,LAKSAR JN,,,Point,"[78.019628, 29.754037999999998]"
Jharkhand,GSDH,GARSANDA HALT,ECR,"Garsanda, Jharkhand",Point,"[86.011307, 25.142617]"
Madhya Pradesh,GELA,Ghadela Halt,SECR,"State Highway 19, Madhya Pradesh",Point,"[78.888017, 21.714043999999998]"
Jharkhand,GHQ,GARHWA,ECR,"Garhwa, Jharkhand",Point,"[83.8132154, 24.1751953]"
Andhra Pradesh,GDV,GUDIVADA JN,SCR,"Krishna District, Andhra Pradesh",Point,"[80.987594, 16.429888]"
Madhya Pradesh,GNDI,GONDWALI,WCR,"Bargawa, Madhya Pradesh",Point,"[82.519981, 24.217437999999998]"
,KEI,KASHI,,,Point,"[83.031939, 25.326563999999998]"
,BBRM,BABA BHAGWAN RAM HALT,,,Point,"[83.0384061804, 25.315887671800002]"
,VYN,VYASNAGAR,,,Point,"[83.071351, 25.29701]"
Bihar,GNK,Garhnokha,ECR,"State Highway 12, Bihar",Point,"[84.12283778, 25.09724423]"
,BHBV,BLOCK HUT B,,,Point,"[83.102203, 25.274869]"
,BSB,VARANASI JN,,,Point,"[82.986468, 25.327281]"
Madhya Pradesh,DKI,DHARMKUNDI,WCR,"Hoshangabad, Madhya Pradesh",Point,"[77.5510144354, 22.5120383739]"
Uttar Pradesh,NGL,NANGAL,NR,"Saharanpur, Uttar Pradesh",Point,"[77.62227, 29.832554]"
Uttar Pradesh,MOZ,MUZAFFARNAGAR,NR,"MuzaffarNagar, Uttar Pradesh",Point,"[77.707807, 29.468689]"
Uttar Pradesh,DRLA,DAURALA,NR,"Meerut, Uttar Pradesh",Point,"[77.70616000000001, 29.114015000000002]"
Uttar Pradesh,MDNR,MODINAGAR,NR,"Ghaziabad, Uttar Pradesh",Point,"[77.571716, 28.827907]"
Madhya Pradesh,BRI,BHIRINGI,WCR,"Harda, Madhya Pradesh",Point,"[76.941024, 22.227752]"
West Bengal,GEDE,Gede,ER,"R 748, West Bengal",Point,"[88.786737, 23.491197]"
,THK,THAKRULI,,,Point,"[73.09767799999999, 19.225768000000002]"
Delhi NCT,GHE,GHEVRA,NR,"Ghevra, Delhi NCT",Point,"[76.99853599999999, 28.691982000000003]"
Punjab,GHA,GOLEHWALA,NR,"Golehwala, Punjab",Point,"[74.70440599999999, 30.789872]"
Uttar Pradesh,GAW,Gainjahwa,NER,"MDR 10E, Uttar Pradesh",Point,"[82.24506478820001, 27.4546557588]"
Punjab,GNZ,Gahndran Halt,NR,"Malsian Rd, Punjab",Point,"[75.424279, 31.117935]"
,MGSO,MGSO,,,,
Uttar Pradesh,GH,GHUGHULI,NER,"Ghughli Bazar, Uttar Pradesh",Point,"[83.7137745453, 27.0539516142]"
,DLWS,DLWS,,,,
Uttar Pradesh,SJGH,SARAI JAGDISH,NER,"National Highway 2, Uttar Pradesh",Point,"[82.365134, 25.30009]"
Maharashtra,KARD,KAMAN ROAD,CR,"Section 2, Maharashtra",Point,"[72.919123, 19.33655]"
Uttar Pradesh,GOV,Govindpuri,NCR,"Kanpur, Uttar Pradesh",,
Gujarat,AML,AMALSAD,WR,"Amalsad, Gujarat",Point,"[72.956092, 20.811373000000003]"
West Bengal,GPLG,Gopalpurgram,ER,"Contai Nandakumar Rd, West Bengal",,
West Bengal,GQD,Gourdaha Halt,ER,"Gourdaha, West Bengal",,
Punjab,GTQ,Gumtali Halt,NR,"Gumtali, Punjab",Point,"[75.636453, 31.065852]"
Gujarat,GLD,Ghelda,WR,"State Highway 133, Gujarat",Point,"[72.20310172849999, 23.3616934176]"
,LRJC,LAKSAR NORTH CABIN,,,Point,"[78.00175999999999, 29.767009]"
Uttar Pradesh,GCT,GHAZIPUR CITY,NER,"Ghazipur, Uttar Pradesh",Point,"[83.568045, 25.583144]"
Rajasthan,GIS,Garhi Sandra,NCR,"Dholpur, Rajasthan",Point,"[77.76513, 26.668256]"
Kerala,GUV,GURUVAYUR,SR,"Guruvayoor 0487-2556820, Kerala",Point,"[76.045457, 10.596896]"
,EOCM,EOCM,,,Point,"[83.196038, 25.315812]"
,KCA,KUCHMAN,,,Point,"[83.21503, 25.318877999999998]"
,SLD,SAKALDIHA,,,Point,"[83.289193, 25.331472]"
,TLAM,TULSI ASHRAM,,,Point,"[83.35123571720001, 25.3422743391]"
,DHA,DHEENA,,,Point,"[83.423069, 25.354392]"
Maharashtra,DTVL,DATIVLI,CR,"Kalyan Shilphata Rd, Maharashtra",Point,"[73.059049, 19.187012]"
Maharashtra,KLMG,KALAMBOLI GOODS,CR,"Navi Mumbai, Maharashtra",Point,"[73.11494900000001, 19.035116]"
,BHCL,BAHORA CHANDIL,,,Point,"[83.489726, 25.364918]"
,ZNA,ZAMANIA,,,Point,"[83.54365, 25.373856]"
,DRV,DARAULI,,,Point,"[83.60180199999999, 25.393753]"
,USK,USIA KHAS,,,Point,"[83.706967, 25.434324]"
Maharashtra,PEN,PEN,CR,"Pen, Maharashtra",Point,"[73.0867978516, 18.735604455900003]"
Bihar,GKA,Gokhula,ECR,"Dhaminaha, Bihar",Point,"[84.53976300000001, 27.069813]"
Kerala,CMC,CHEMANCHERI,SR,"Dist. Kozhikode, Kerala",Point,"[75.720039, 11.405279]"
Kerala,ETR,ELATTUR,SR,"Kozhikode district, Kerala",Point,"[75.741119, 11.346337]"
,GPBN,Gandhi Park Halt,?,,Point,"[77.893393, 18.652065999999998]"
Kerala,CLT,KOZHIKODE,SR,"Calicut, Kerala",Point,"[75.780407, 11.246234]"
Kerala,FK,FEROK,SR,"Feroke, Kerala",Point,"[75.8302845, 11.174972200000001]"
Kerala,PGI,PARPANANGADI,SR,"Parappanangadi, Kerala",Point,"[75.861006, 11.045910000000001]"
,BPZA,BHARATHAPUZHA H,,,Point,"[76.290829, 10.758913999999999]"
,VTK,VALLATHOL NAGAR,,,Point,"[76.280933, 10.731563]"
,BWH,BHADAURA,,,Point,"[83.738354, 25.4504253]"
Rajasthan,GIO,Goriyan,NWR,"National Highway 11, Rajasthan",Point,"[75.26559, 27.547928]"
Andhra Pradesh,GLA,GARLA,SCR,"Garla, Andhra Pradesh",Point,"[80.139236, 17.487076]"
Punjab,GOD,GIDARPINDI,NR,"Jalandhar, Punjab",Point,"[75.12451399999999, 31.152633]"
Rajasthan,GVH,Govind Garh,NCR,"Govindgarh, Rajasthan",Point,"[76.98805800000001, 27.499556]"
West Bengal,GRB,GARHDHRUBESWAR,SER,"Purulia, West Bengal",Point,"[86.617006, 23.509341]"
Madhya Pradesh,GNW,Gangiwara,CR,"Chhindwara, Madhya Pradesh",Point,"[78.846139, 22.097988]"
,PHLG,PHLG,,,,
Rajasthan,GRI,GURIYA,NWR,"Pali, Rajasthan",Point,"[73.955291, 25.998261]"
West Bengal,HBE,Habibpur,ER,"National Highway 34, West Bengal",Point,"[88.538423, 23.211966999999998]"
Andhra Pradesh,GWV,GOWDAVALLI,SCR,"Rangareddy, Andhra Pradesh",Point,"[78.46819099999999, 17.609541]"
Assam,GLGT,Golaghat,NFR,"Golaghat, Assam",Point,"[93.9611898, 26.508626]"
Madhya Pradesh,MDRR,MADHAVNAGAR ROA,WCR,"Madhavnagar, Madhya Pradesh",Point,"[80.3948243298, 23.7866102083]"
Madhya Pradesh,GMD,GURAMKHEDI,WCR,"Sohagpur, Madhya Pradesh",Point,"[78.0778207251, 22.682206476]"
West Bengal,HGA,Hogla,ER,"Hogla H, West Bengal",Point,"[88.452384, 22.255044]"
Madhya Pradesh,BGTA,BAGRA TAWA,WCR,"Bagra Tawa, Madhya Pradesh",Point,"[77.9937073, 22.6307113]"
Rajasthan,AIA,AJARAKA,NWR,"Ajaraka, Rajasthan",Point,"[76.56420899999999, 27.959391]"
Karnataka,GNJ,GUNJI,SWR,"Belagavi, Karnataka",Point,"[74.47936741759999, 15.5431155625]"
Karnataka,H,Venkatagiri Kote Halt,SWR,"Venkatagiri Kote, Karnataka",,
Karnataka,GPB,GHATPRABHA,SWR,"Ghatprabha, Karnataka",Point,"[74.7598229541, 16.240718896]"
Uttar Pradesh,GTRA,GOTRA HALT,NR,"Gotra, Uttar Pradesh",Point,"[77.30096, 28.807889]"
Rajasthan,GLTA,GAHLOTA,NWR,"Kishangarh, Rajasthan",Point,"[74.967556543, 26.6723715203]"
Punjab,GNA,GONEANA,NR,"Goniana, Punjab",Point,"[74.90948, 30.318715]"
Rajasthan,GJS,Gajsinghpur,NWR,"State Highway 3, Rajasthan",Point,"[73.436739, 29.658053]"
Punjab,GJUT,GANGSAR JAITU,NR,"Jaitu, Punjab",Point,"[74.87951100000001, 30.445082000000003]"
Gujarat,GUS,GHUMASAN,WR,"State Highway 41, Gujarat",Point,"[72.449853, 23.378698999999997]"
Rajasthan,GSD,Ghosunda,NWR,"Chittaurgarh, Rajasthan",Point,"[74.53452700000001, 24.871222]"
Bihar,HBP,HARPAR BOCHAHA,ECR,"Pagra Rd, Bihar",Point,"[85.75716073, 25.6034373373]"
,MRLA,MARIYAL GANGAVA,,,,
Andhra Pradesh,GLE,Gajulaguden,SCR,"Gajulaguden, Andhra Pradesh",Point,"[80.657904, 17.609727]"
Bihar,GOPG,Gopalganj,NER,"Harkhua, Bihar",Point,"[84.43554700000001, 26.454202]"
Karnataka,GOK,GOKARNA ROAD,KR,"Uttara Kannada, Karnataka",Point,"[74.36719699999999, 14.582791]"
Kerala,CS,KANNUR SOUTH,SR,"Kannur, Kerala",Point,"[75.400253, 11.866899]"
Maharashtra,GNL,Gongle,SECR,"Gondia, Maharashtra",Point,"[80.147349, 21.222011000000002]"
Kerala,ETK,ETAKKOT,SR,"NH 17, Kerala",Point,"[75.44379699999999, 11.806194999999999]"
Bihar,GQN,Garhani,ECR,"Garhani, Bihar",Point,"[84.5696156628, 25.4118931462]"
Gujarat,GNC,Gandhinagar Capital,WR,"Gandhinagar, Gujarat",Point,"[72.62916200000001, 23.233379]"
Assam,HJO,Harangajao,NFR,"North Cachar Hills, Assam",,
Jharkhand,GUA,Gua,SER,"Kiriburu, Jharkhand",Point,"[85.381896, 22.218519]"
Madhya Pradesh,HKH,Haranya Kheri,WR,"National Highway 3, Madhya Pradesh",Point,"[75.776745, 22.583661]"
Andhra Pradesh,GVL,Gudlavalleru,SCR,"Gudlavalleru, Andhra Pradesh",Point,"[81.046037, 16.348371]"
Tamil Nadu,GWYR,Greenways Road,SR,"Chennai, Tamil Nadu",Point,"[80.25171539, 13.0202759]"
Punjab,GSP,Gurdaspur,NR,"Gurdaspur, Punjab",Point,"[75.420769, 32.044111]"
Assam,HKD,Hailakandi,?,"Hailakandi, Assam",Point,"[92.56789, 24.680276000000003]"
Orissa,GNPR,Gunupur,ECoR,"Gunupur, Orissa",Point,"[83.8099599005, 19.069058897799998]"
Himachal Pradesh,GULR,GULER,NR,"State Highway 22, Himachal Pradesh",Point,"[76.151266, 32.004278]"
Punjab,GSW,GURSAR SHNEWALA,NWR,"Bagwali, Punjab",Point,"[74.8861198969, 30.138926513900003]"
Madhya Pradesh,HRD,Harsud,WCR,"Harsud, Madhya Pradesh",,
Gujarat,HAPA,HAPA,WR,"Jamnagar, Gujarat",Point,"[70.11814, 22.468974]"
Uttar Pradesh,GZN,NEW GHAZIABAD,NR,"Ghaziabad, Uttar Pradesh",Point,"[77.43800800000001, 28.674404]"
Rajasthan,HSWS,Hansiawas,NWR,"Hansiawas, Rajasthan",,
Karnataka,HPT,HOSPET JN,SWR,"Hospet, Karnataka",Point,"[76.38578, 15.286807]"
West Bengal,HLZ,Haldia,SER,"Sutahata, West Bengal",Point,"[88.06589, 22.045284]"
Maharashtra,HEM,HIMAYATNAGAR,SCR,"Nanded, Maharashtra",Point,"[77.868855, 19.416708999999997]"
Rajasthan,HTD,HATUNDI,NWR,"Ajmer, Rajasthan",Point,"[74.6445661014, 26.354279161199997]"
Karnataka,HLAR,HOLE ALUR,SWR,"Badami Rd, Karnataka",Point,"[75.64646099999999, 15.81959]"
Madhya Pradesh,HPP,HARPALPUR,NCR,"Dist - Chhatarpur, Madhya Pradesh",Point,"[79.33546100000001, 25.290501]"
West Bengal,GSL,GODAPIASAL,SER,"Godapiasal, West Bengal",Point,"[87.320806, 22.530677]"
Uttar Pradesh,HLDR,HALDAUR,NR,"State Highway 76, Uttar Pradesh",Point,"[78.275060462, 29.290081553100002]"
Maharashtra,GVD,GHOLVAD,WR,"Gholvad, Maharashtra",Point,"[72.73799100000001, 20.08688]"
West Bengal,HSA,HASIMARA,NFR,"Hasimara, West Bengal",Point,"[89.347661, 26.72689]"
Gujarat,GTT,GOMTA,WR,"Gomta, Gujarat",Point,"[70.72970199999999, 21.873814999999997]"
Uttar Pradesh,GTF,GUMTHAL,NR,"Raja Ka Sahaspur, Uttar Pradesh",Point,"[78.757645, 28.484002]"
Rajasthan,HSI,HARSAULI,NWR,"Harsoli, Rajasthan",Point,"[76.615189, 27.864848000000002]"
West Bengal,HRSR,Harish Nagar Halt,ER,"BSF Rd, West Bengal",Point,"[88.77798899999999, 23.469777]"
Haryana,GSO,GHASO,NR,"District Jind, Haryana",Point,"[76.14336899999999, 29.531288]"
Karnataka,HNK,HANAKERE,SWR,"Mandya, Karnataka",Point,"[76.979837, 12.565639000000001]"
Rajasthan,AII,AJMER JN,NWR,"Ajmer, Rajasthan",Point,"[74.63746400000001, 26.456612]"
Bihar,HIL,Hilsa,ECR,"Hilsa, Bihar",Point,"[85.277079, 25.317354]"
Haryana,GXG,Geong,NR,"Haryana, Haryana",Point,"[76.466397041, 29.8223584375]"
Assam,HBN,Haibargaon,NFR,"Nagaon, Assam",Point,"[92.672506, 26.355638]"
Rajasthan,HLW,Hirnawali,NWR,"Hirnawali, Rajasthan",Point,"[74.27241649478674, 29.710120646310926]"
Bihar,HRT,Harnaut,ECR,"Harnaut, Bihar",Point,"[85.5407224109, 25.371762836200002]"
Orissa,HBF,Hadobhangi Halt,ECoR,"Paralakhemundi, Orissa",Point,"[83.94176085389999, 18.8219370968]"
Uttar Pradesh,HRF,Hathras Kila,NCR,"Hathras(05722-242803), Uttar Pradesh",Point,"[78.05801798589528, 27.594876304064115]"
Bihar,GRPA,Garhpura,ECR,"Begusarai, Bihar",Point,"[86.209037, 25.65472]"
Haryana,HSR,Hisar,NWR,"Hisar, Haryana",Point,"[75.724305, 29.152341]"
Uttar Pradesh,GTM,Ghatampur,NCR,"Ghatampur, Uttar Pradesh",Point,"[80.174712, 26.151304]"
Jharkhand,GRMA,Ghormara,ER,"Deoghar, Jharkhand",Point,"[86.86392, 24.442298]"
Tamil Nadu,PCV,Palakkodu,SWR,"Dharmapuri, Tamil Nadu",Point,"[78.072073, 12.297417999999999]"
Karnataka,HAH,Hosa Agrahara,SWR,"Hosa Agrahara, Karnataka",Point,"[76.3618194318, 12.570459617700001]"
Bihar,HPI,Harapatti,?,"State Highway 65, Bihar",Point,"[87.092628, 25.881401999999998]"
Karnataka,IDR,INDI ROAD,SWR,"Bijapur, Karnataka",Point,"[75.919616, 17.211288999999997]"
Uttarakhand,HLDD,HALDI ROAD,NER,"NH 87, Uttarakhand",Point,"[79.45967900000001, 29.039597]"
Uttar Pradesh,IZN,IZZATNAGAR,NER,"Bareilly, Uttar Pradesh",Point,"[79.421171, 28.388265999999998]"
Punjab,HSQ,HUSAINPUR,NR,"Kapurthala, Punjab",Point,"[75.320851, 31.301125]"
Madhya Pradesh,HNM,HINAUTARAMBAN,WCR,"Satna, Madhya Pradesh",Point,"[80.94306200000001, 24.575192]"
Assam,HLX,HILARA,NFR,"Cachar, Assam",Point,"[92.62051100000001, 24.951767]"
Tamil Nadu,INDR,Indira Nagar,SR,"Chennai, Tamil Nadu",,
Andhra Pradesh,HYB,HYDERABAD DECCAN,SCR,"Hyderabad, Andhra Pradesh",Point,"[78.467377, 17.393362999999997]"
Rajasthan,JCU,JAICHOLI,WCR,"SH 1, Rajasthan",Point,"[77.397778, 27.131193]"
Maharashtra,HTK,HATKANAGALE,CR,"Hatkanangale, Maharashtra",Point,"[74.42206700000001, 16.748424]"
Gujarat,HMT,HIMMATNAGAR,WR,"Himatnagar, Gujarat",Point,"[72.960358, 23.591655]"
Gujarat,JAM,JAMNAGAR,WR,"Jamnagar, Gujarat",Point,"[70.053879, 22.493992]"
Uttar Pradesh,HGJ,HARDUAGANJ,NCR,"Aligarh, Uttar Pradesh",Point,"[78.1280258472, 27.9904756211]"
Punjab,HMI,HIMMATANA,NR,"SH 11, Punjab",Point,"[75.867119, 30.458736]"
Bihar,HRNG,HARPUR NAG HALT,ECR,"National Highway 28, Bihar",Point,"[85.07713600000001, 26.386419]"
Uttarakhand,HW,HARIDWAR JN,NR,"Haridwar, Uttarakhand",Point,"[78.15489899999999, 29.947787]"
Madhya Pradesh,INDM,Indore Junction MG,WR,"Indore, Madhya Pradesh",Point,"[75.868072, 22.717139]"
Haryana,IHP,INCHHAPURI,NR,"Gurgaon, Haryana",Point,"[76.7189807, 28.319499]"
Assam,HWX,HABAIPUR,NFR,"Station Rd, Assam",Point,"[92.98586300000001, 25.871926]"
Maharashtra,HMRR,HAMARAPUR,CR,"Raigad, Maharashtra",Point,"[73.086161, 18.81964]"
Uttar Pradesh,HIND,HIND,NR,"State Highway 57, Uttar Pradesh",Point,"[77.3634743811, 29.530388830099998]"
Karnataka,HTNL,HITNAL,SWR,"National Highway 63, Karnataka",Point,"[76.291469, 15.335637]"
Karnataka,HJL,HEJJALA,SWR,"Bengaluru, Karnataka",Point,"[77.4184168683, 12.8482854964]"
Tripura,JGNR,Jogendranagar,NFR,"Agartala, Tripura",Point,"[91.310464, 23.812162]"
Karnataka,HVR,HAVERI,SWR,"Haveri, Karnataka",Point,"[75.410686, 14.7943]"
Rajasthan,JDL,JAGDEVWALA,NWR,"Bikaner, Rajasthan",Point,"[73.455749812, 28.3108582783]"
Karnataka,HEI,HEGGERE HALT,SWR,"Heggere, Karnataka",Point,"[77.048296, 13.341342]"
Karnataka,HHL,HIREHALI,SWR,"NH 4, Karnataka",Point,"[77.1887639459, 13.2815759392]"
West Bengal,JDP,Jadabpur,ER,"Kolkata, West Bengal",Point,"[88.37469700000001, 22.495442]"
Bihar,JHD,Jehanabad,ECR,"Jahanabad, Bihar",Point,"[84.989964, 25.224705]"
Gujarat,HRM,Hadmadiya,WR,"Junagadh, Gujarat",Point,"[70.841154, 20.934947]"
Maharashtra,HDM,Hirdamali,SECR,"Gondia, Maharashtra",Point,"[80.197137, 21.342807]"
Bihar,JJPR,Jhanjharpur Bazar Halt,?,"Jhanjharpur, Bihar",,
Gujarat,JARI,Jari,NWR,"Dhanera, Gujarat",Point,"[72.061232, 24.587316]"
Bihar,HTW,Hathua,NER,"Hathua, Bihar",Point,"[84.3402527405, 26.3689018769]"
Karnataka,HLV,Haliyuru,SWR,"State Highway 48, Karnataka",Point,"[76.336804, 14.222474]"
,BETI,Bhetasi,WR,,Point,"[73.03223700000001, 22.421623999999998]"
Karnataka,KMNR,Kamalnagar,SCR,"Kamal Nagar, Karnataka",Point,"[77.178835, 18.240644]"
West Bengal,JKL,Jalal Khali,?,"State Highway 11, West Bengal",Point,"[88.513628, 23.347507999999998]"
Bihar,HPLE,Hatpuraini,ER,"Bhagalpur, Bihar",Point,"[86.9850695752, 25.1558255368]"
Punjab,JGN,Jagraon,NR,"Jagraon, Punjab",Point,"[75.47275900000001, 30.801197]"
Karnataka,HPA,Hampapura,SWR,"Hampapura, Karnataka",Point,"[76.39466399999999, 12.479685]"
,IAM,Mai Halt,?,,Point,"[84.9878194543, 25.156632436000002]"
Bihar,JHDC,Jehanabad Court,ECR,"National Highway 83, Bihar",Point,"[84.98415622680001, 25.2011434752]"
Rajasthan,JOR,Jalor,NWR,"Jalor, Rajasthan",Point,"[72.63429, 25.35418]"
Madhya Pradesh,JBP,JABALPUR,WCR,"Jabalpur, Madhya Pradesh",Point,"[79.950919, 23.164636]"
Jharkhand,IRN,Irgaon,SER,"Lohardaga, Jharkhand",Point,"[84.78325099999999, 23.421550999999997]"
Punjab,JHK,JETHUKE,NR,"Jettuke, Punjab",Point,"[75.318381, 30.288215]"
Haryana,JNA,JULANA,NR,"Julana, Haryana",Point,"[76.396508, 29.120124]"
Karnataka,IDJ,IDALHOND,SWR,"Garlgunj - Idalhond Rd, Karnataka",Point,"[74.51814539669999, 15.7079285213]"
Andhra Pradesh,IDL,INDALVAI,SCR,"Indalvai, Andhra Pradesh",Point,"[78.244351, 18.548665]"
Maharashtra,JJR,JEJURI,CR,"Pune, Maharashtra",Point,"[74.171451, 18.286557]"
Assam,JRBM,JIRIBAM,NFR,"Rd, Assam",Point,"[93.12437581, 24.79884918]"
Tripura,JRNA,Jirania,NFR,"Jirania Railway Station, Tripura",Point,"[91.43198600000001, 23.827373]"
Haryana,JCY,JIND CITY,NR,"Jind, Haryana",Point,"[76.317477, 29.309693]"
Himachal Pradesh,JDNX,JOGINDER NAGAR,NR,"Joginder Nagar, Himachal Pradesh",Point,"[76.788887, 31.988433]"
Kerala,IGL,IRINGAL,SR,"Kochi - Panavel Rd, Kerala",Point,"[75.608869, 11.548117000000001]"
Uttar Pradesh,AILM,AILAM,NR,"State Highway 57, Uttar Pradesh",Point,"[77.2915349414, 29.2719947091]"
Madhya Pradesh,JONR,Jeonara Ph,SECR,"Nainpur, Madhya Pradesh",Point,"[80.073534, 22.467657]"
Karnataka,JAK,Jakanur,SWR,"Badami Rd, Karnataka",Point,"[75.650291, 15.845019]"
West Bengal,IBL,INDRABIL,SER,"Purulia District, West Bengal",Point,"[86.78164699999999, 23.445293999999997]"
Maharashtra,JOS,JOGESHWARI,WR,"Mumbai, Maharashtra",Point,"[72.84906600000001, 19.136550999999997]"
Gujarat,JDN,JAGUDAN,WR,"Mehsana, Gujarat",Point,"[72.40164899999999, 23.521841]"
Bihar,PBS,Purab Sarai,ER,"Munger, Bihar",,
Uttar Pradesh,JGG,JANGIGANJ,NER,"Allahabad, Uttar Pradesh",Point,"[82.35067155089999, 25.3053173094]"
Maharashtra,JMNR,Jamner,CR,"Jamner, Maharashtra",Point,"[75.77482301741838, 20.80642760713478]"
Assam,JTG,Jatinga,NFR,"Jatinga, Assam",Point,"[93.00795843824744, 25.132585153047003]"
Gujarat,JMB,Jambusar Junction,WR,"Bharuch Jambusar, Gujarat",,
Gujarat,JMBC,Jambusar City,WR,"Jambusar, Gujarat",,
Gujarat,JTP,Jetpur,WR,"Jetpur, Gujarat",Point,"[70.615184, 21.735312999999998]"
Assam,JMRA,Jamira,?,"Bairabi Rd, Assam",Point,"[92.527405, 24.307199]"
Jharkhand,JONA,Jonha,SER,"State Highway 2, Jharkhand",,
Bihar,JPAH,Jagdishpur Halt,ECR,"Darbhanga, Bihar",,
Gujarat,JBB,Jambur,WR,"Jambur, Gujarat",Point,"[70.593046, 21.032797000000002]"
Jharkhand,ITKY,Itky,SER,"Ranchi, Jharkhand",Point,"[85.1270959845, 23.3522113974]"
Rajasthan,JJN,Jhunjhunun,NWR,"Jhunjhunu, Rajasthan",Point,"[75.39017865434289, 28.106884063857194]"
Gujarat,JBU,Jabugam,WR,"Vadodara, Gujarat",Point,"[73.76050000000001, 22.28593]"
Assam,JTTN,Jorhat Town,NFR,"Jorhat, Assam",Point,"[94.217106, 26.750692]"
Punjab,JBW,Jhabelwali,NR,"State Highway 16, Punjab",Point,"[74.602033, 30.510447]"
Rajasthan,JSA,Jasai,?,"State Highway 40, Rajasthan",Point,"[71.24586000000001, 25.716785]"
Gujarat,IDAR,Idar,WR,"Sabarkantha, Gujarat",Point,"[73.01088, 23.835435]"
Rajasthan,JLLO,Jhilo,NWR,"State Highway 13, Rajasthan",Point,"[75.890113, 27.850784]"
Uttar Pradesh,HZR,Hafizpur,NR,"Hafizpur, Uttar Pradesh",Point,"[77.785833, 28.671653]"
Punjab,JK,Jakolari,NR,"National Highway 15, Punjab",Point,"[75.545676, 32.218706]"
Madhya Pradesh,JPO,Jora Alapur,NCR,"Joura, Madhya Pradesh",Point,"[77.802358, 26.344599]"
Madhya Pradesh,JPV,Jamtara Paraswara,SECR,"Howbadh Jabalpur, Madhya Pradesh",Point,"[79.960351, 23.091963999999997]"
Uttar Pradesh,JRJ,JARGAON,NR,"Chandausi, Uttar Pradesh",Point,"[78.768653, 28.560472]"
Maharashtra,JTRD,JATH ROAD,CR,"State Highway 71, Maharashtra",Point,"[75.110555, 17.2166]"
Maharashtra,KCB,KUSLAMB,CR,"State Highway 77, Maharashtra",Point,"[75.777193, 18.274834000000002]"
Madhya Pradesh,KCNR,KACHNARA ROAD,WR,"State Highway 31, Madhya Pradesh",Point,"[75.101751, 23.829547]"
Rajasthan,JWO,JAWAD ROAD,WR,"National Highway 79, Rajasthan",Point,"[74.764389, 24.557577000000002]"
Rajasthan,JYM,JAI SAMAND ROAD,NWR,"Dengari, Rajasthan",Point,"[73.86827000000001, 24.22064]"
Uttar Pradesh,KEG,KARENGI,NR,"Karengi, Uttar Pradesh",Point,"[79.041353, 28.346844]"
Rajasthan,JSM,JAISALMER,NWR,"Jaisalmer, Rajasthan",Point,"[70.92823899999999, 26.91655]"
Assam,JID,JAGI ROAD,NFR,"Jagiroad, Assam",Point,"[92.197461, 26.126113999999998]"
Uttar Pradesh,JKN,JAKHANIAN,NER,"State Highway 67, Uttar Pradesh",Point,"[83.369563, 25.740942]"
Madhya Pradesh,KEQ,KACHHPURA,WCR,"Jabalpur, Madhya Pradesh",Point,"[79.903128, 23.168783]"
Gujarat,JRS,JORAVASAN,WR,"Joravasan, Gujarat",Point,"[72.96576, 20.729778]"
Gujarat,JLR,JETALSAR JN,WR,"Rajkot, Gujarat",Point,"[70.57391, 21.729374]"
Madhya Pradesh,JHT,JUNEHTA,WCR,"State Highway 22, Madhya Pradesh",Point,"[78.596143, 22.78247]"
Uttar Pradesh,KB,KHAIRATABAD,NER,"Sitapur National Highway 24, Uttar Pradesh",Point,"[80.740844, 27.521338]"
Gujarat,JIR,JIRA ROAD,WR,"SH 236, Gujarat",Point,"[71.345267, 21.450312]"
Haryana,JJT,JAI JAI WANTI,NR,"Jind, Haryana",Point,"[76.36926500000001, 29.16948]"
Uttar Pradesh,JKP,JHAREKAPUR,NER,"Sitapur, Uttar Pradesh",Point,"[80.728934, 27.680642]"
Uttar Pradesh,JSB,Yamuna South Bank,NCR,"Uttar Pradesh, Uttar Pradesh",Point,"[80.226651, 25.902334]"
West Bengal,JPH,JHANTIPAHARI,?,"Bankura District, West Bengal",Point,"[86.904491, 23.353362999999998]"
Bihar,JNKR,Janakinagar,ECR,"Chapra, Bihar",Point,"[87.116949, 25.881604]"
Punjab,KAGR,KAGANGARH,NR,"MDR 102, Punjab",Point,"[75.739115, 29.839460000000003]"
Madhya Pradesh,KFP,Kukra Khapa,SECR,"State Highway 19, Madhya Pradesh",Point,"[78.897525, 21.825569]"
Kerala,KALD,Kalanad,SR,"Kizur Rd, Kerala",,
Rajasthan,KALN,Kalana,NWR,"MDR 18, Rajasthan",,
Andhra Pradesh,KAPM,Kottapalem,ECoR,"Vishakhapatnam, Andhra Pradesh",,
Maharashtra,KBGN,Khubagaon,CR,"Khubagaon, Maharashtra",,
Orissa,JYP,JEYPORE,?,"Jeypore, Orissa",Point,"[82.55467900000001, 18.896375]"
Haryana,JKHI,Jakhod Khera,NWR,"Jakhodlkhera, Haryana",Point,"[75.57373, 29.209394]"
Uttar Pradesh,KCO,Kachhia Bridge,NER,"State Highway 33, Uttar Pradesh",Point,"[78.863805, 27.944171]"
Gujarat,KAVI,Kavi,WR,"Bharuch, Gujarat",Point,"[88.39808402583003, 22.47229104660886]"
Jharkhand,JNK,Jhinkpani,SER,"Jorapokhar, Jharkhand",Point,"[85.77066197879999, 22.4200106276]"
Rajasthan,KAI,KAIRLA,NWR,"Pali, Rajasthan",Point,"[73.1955095032, 25.8474354519]"
Tamil Nadu,JPM,JIYAPURAM,?,"NH 67, Tamil Nadu",Point,"[78.606343, 10.873546000000001]"
West Bengal,KCY,Kaichar,ER,"Kaichar, West Bengal",,
Bihar,KDRA,Kadampura,ECR,"Kadampura, Bihar",,
Orissa,JRG,Jugpura,?,"Mayurbhanj, Orissa",Point,"[86.912796, 21.668795]"
Rajasthan,JOH,Juharpura,NWR,"State Highway 69, Rajasthan",Point,"[74.84733, 28.199319000000003]"
Haryana,JOK,Jodhka,?,"Sirsa, Haryana",Point,"[75.218369, 29.493381999999997]"
,JTDM,Jatdumri Halt,?,,Point,"[85.0950627991, 25.474492932500002]"
Puducherry,VI,Villianur,SR,"NH 45A, Puducherry",Point,"[79.757506, 11.919269000000002]"
Gujarat,JKS,Jaksi,WR,"State HIghway 138, Gujarat",Point,"[72.1076480029, 23.222302523099998]"
West Bengal,KBGH,Karea Kadambagachhi,ER,"State Highway 2, West Bengal",Point,"[88.534887, 22.705299]"
Haryana,JRL,Jharili,NWR,"Jhajjar, Haryana",Point,"[76.374648, 28.50653]"
Punjab,JHWR,Jhawar,NR,"National Highway 15, Punjab",Point,"[75.377777, 32.002349]"
West Bengal,KAJ,Kaliyaganj,NFR,"RaiGanj, West Bengal",Point,"[88.330404, 25.6393]"
Uttar Pradesh,KBE,KUREBHAR,NR,"MDR 66E, Uttar Pradesh",Point,"[82.111598, 26.409469]"
Uttarakhand,KGM,KATHGODAM,NER,"Kathgodam, Uttarakhand",Point,"[79.54633, 29.266583]"
Karnataka,KDGI,KUDGI,SWR,"NH 13, Karnataka",Point,"[75.811482, 16.530215]"
Punjab,KHHJ,Khatkar Kalan,NR,"Nawan Shahar, Punjab",Point,"[76.02555000000001, 31.166967]"
Rajasthan,KDLG,KUNDALGARH,NWR,"Dungarpur, Rajasthan",Point,"[73.81051, 24.02828]"
West Bengal,KCF,KALCHINI,NFR,"NH 31C, West Bengal",Point,"[89.447487, 26.687507]"
Maharashtra,JVA,JAVALE,CR,"State Highway 71, Maharashtra",Point,"[75.157805, 17.298963]"
Uttar Pradesh,JUA,JARAUNA,NR,"Alamganj, Uttar Pradesh",Point,"[82.399136, 25.557129999999997]"
Maharashtra,JSP,JAYASINGPUR,CR,"Jaysingpur, Maharashtra",Point,"[74.551613, 16.791339]"
Karnataka,KBI,KAMBRGANVI,SWR,"State Highway 34, Karnataka",Point,"[74.875061, 15.459597]"
Gujarat,KDMR,KODIYAR MANDIR,WR,"SH 21, Gujarat",Point,"[72.00460199999999, 21.739200999999998]"
Punjab,KIQ,Khai Phemeki,NR,"State Highway 20, Punjab",Point,"[74.55121799999999, 30.901616999999998]"
Uttarakhand,JWP,JWALAPUR,NR,"Jwalapur, Uttarakhand",Point,"[78.120775, 29.928457]"
Uttar Pradesh,KBR,KABRAI,NCR,"National Highway 76, Uttar Pradesh",Point,"[80.0382402954, 25.385191218099997]"
Madhya Pradesh,KCR,KHONKER,WCR,"Shivpuri, Madhya Pradesh",Point,"[77.578988, 25.316453]"
Karnataka,KGW,KARIGANURU,SWR,"Bellary, Karnataka",Point,"[76.43343, 15.251727]"
Karnataka,KBL,KOPPAL,SWR,"Koppal, Karnataka",Point,"[76.14395900000001, 15.353868]"
Karnataka,KGI,KENGERI,SWR,"Bengaluru, Karnataka",Point,"[77.48431, 12.918047]"
Punjab,KBU,KASU BEGU,NR,"Kasu Begu, Punjab",Point,"[74.671641, 30.856795]"
Karnataka,KGX,KANGINHAL,SWR,"Gadag, Karnataka",Point,"[75.719041, 15.447816999999999]"
Maharashtra,KHAR,KHAR,WR,"Mumbai, Maharashtra",Point,"[72.840078, 19.069166]"
Maharashtra,KILE,KANDIVLI,WR,"Mumbai, Maharashtra",Point,"[72.852098, 19.204551]"
Gujarat,JTY,JETHI,NWR,"BANASKANTHA, Gujarat",Point,"[72.507154, 24.291967]"
Rajasthan,JSD,Jaisingder,?,"Barmer, Rajasthan",Point,"[70.35885900000001, 25.755537]"
Uttar Pradesh,KIE,Khiria Khurd,NER,"Shahbaznagar, Uttar Pradesh",,
Assam,KKGT,Kalkalighat,NFR,"National Highway 44, Assam",Point,"[92.2952717633, 24.5804202061]"
Karnataka,BOMN,Bommagundanakere,SWR,"Bellary-Hiriyur Rd, Karnataka",Point,"[76.68023, 14.591669999999999]"
Tamil Nadu,KAY,Karaimadai,SR,"Karamadai, Tamil Nadu",Point,"[76.957617, 11.238610999999999]"
Gujarat,KKK,Khakharia,WR,"State Highway 110, Gujarat",Point,"[70.932064, 21.653052]"
Uttar Pradesh,KALI,Kaili,NR,"State Highway 18, Uttar Pradesh",Point,"[77.75277, 28.785394]"
West Bengal,KKAE,Kaikala,ER,"State Highway 2, West Bengal",Point,"[88.09337895, 22.83998676]"
Punjab,JTH,Jhoktahal Singh,NR,"Jhoktahal Sing, Punjab",Point,"[74.495544, 30.80909]"
Assam,JRX,Juriagaon,NFR,"Mathaouri Rd, Assam",Point,"[92.644475, 26.441079000000002]"
Punjab,KGKD,Kang Khurd,NR,"Kang Khurd, Punjab",Point,"[75.213236, 31.126338]"
Uttar Pradesh,KARH,Kakraha Rest House,NER,"State Highway 26, Uttar Pradesh",Point,"[81.420529, 27.998447]"
Assam,KLCR,Katlicherra,?,"Bairabi Rd, Assam",Point,"[92.547042, 24.453018]"
West Bengal,KHGR,Kashinagar Halt,ER,"Kashinagar, West Bengal",Point,"[88.20132346, 21.90539421]"
Tamil Nadu,KCHV,Kachchanvilai,SR,"Thoothukudi, Tamil Nadu",Point,"[78.022519, 8.579343999999999]"
Gujarat,KDBM,Khed Brahma,WR,"Khedbrahma, Gujarat",Point,"[73.041259, 24.029405999999998]"
Haryana,JTS,Jatusana,NWR,"Nanagal Pathani Rd, Haryana",Point,"[76.52110400000001, 28.331448]"
Uttar Pradesh,KHNM,Kunda Harnamganj,NR,"Kunda, Uttar Pradesh",Point,"[81.509547, 25.714175]"
Andhra Pradesh,KI,KONDAPALLI,SCR,"Kondapalli, Andhra Pradesh",Point,"[80.54669299999999, 16.623242]"
Tamil Nadu,KII,KILLE,SR,"NH 45A, Tamil Nadu",Point,"[79.722552, 11.43755]"
Chhattisgarh,KLPG,KAMALPURGRAM,SECR,"National Highway 78, Chhattisgarh",Point,"[83.080298, 23.166227]"
Bihar,KFA,KOPARIA,ECR,"Bihar, Bihar",Point,"[86.59816, 25.661041]"
Gujarat,KHDI,KHANDERI,WR,"Rajkot, Gujarat",Point,"[70.716676, 22.361075999999997]"
Gujarat,KHC,KHORANA,WR,"State Highway 113, Gujarat",Point,"[70.82999099999999, 22.39349]"
Tamil Nadu,KDU,KADAMBUR,SR,"Kadambur, Tamil Nadu",Point,"[77.86363300000001, 9.002019]"
Karnataka,KDN,KUDATINI,SWR,"Bellary, Karnataka",Point,"[76.76356899999999, 15.215160000000001]"
Madhya Pradesh,KKB,KARAK BEL,WCR,"Karak Bel, Madhya Pradesh",Point,"[79.34125900000001, 22.992315]"
Karnataka,KJG,KARAJGI,SWR,"haveri, Karnataka",Point,"[75.407636, 14.851426]"
Gujarat,KEB,KARAMBELI,WR,"National Highway 8, Gujarat",Point,"[72.90153400000001, 20.316435]"
Maharashtra,KEZ,Kelzar,SECR,"Chandrapur, Maharashtra",Point,"[79.56394, 19.98294]"
Gujarat,KEP,Kelanpur,WR,"SH 11, Gujarat",Point,"[73.277017, 22.233139]"
Gujarat,KDHL,Kundhela,WR,"Vadodara, Gujarat",Point,"[73.28142, 22.227958]"
Rajasthan,KESR,Kesri Singhpur,NWR,"Kesrisinghpur, Rajasthan",Point,"[73.61854, 29.950588999999997]"
Maharashtra,KLMC,KALAMBOLI,CR,"Navi Mumbai., Maharashtra",Point,"[73.11480900000001, 19.035625]"
Kerala,KGQ,KASARAGOD,SR,"Kasaragod, Kerala",Point,"[74.987652, 12.491175]"
Gujarat,KLRD,KALI ROAD,WR,"Ahmedabad, Gujarat",Point,"[72.57787300000001, 23.097473]"
Haryana,KNGT,KARNAWAS,NWR,"Karnawas, Haryana",Point,"[76.590073, 28.130539000000002]"
Rajasthan,PSL,PARISAL,NWR,"Khairthal, Rajasthan",Point,"[76.61526599999999, 27.669476]"
Gujarat,AJE,ANJAR,WR,"Anjar, Gujarat",Point,"[70.0366109, 23.1194723]"
Madhya Pradesh,KHA,Khaigaon,WCR,"East Nimar, Madhya Pradesh",Point,"[76.48125700000001, 22.011786]"
Karnataka,KHLL,KETOHALLI,SWR,"Bengaluru, Karnataka",Point,"[77.335544, 12.758925999999999]"
Bihar,KLNA,KOLHANA HALT,?,"Kothana, Bihar",Point,"[85.188728, 24.810754]"
Madhya Pradesh,KJP,Khojeepura,NCR,"Khojeepura, Madhya Pradesh",Point,"[76.851134, 25.918097]"
Gujarat,KMB,Kalv Amba,WR,"Gujarat, Gujarat",,
West Bengal,KLKR,Kalikapur,ER,"Kalikapur Staion Rd, West Bengal",Point,"[88.47502999999999, 22.412606]"
Gujarat,KNDR,Kandari,WR,"Gujarat, Gujarat",,
Gujarat,KNGM,Kangam,WR,"Gujarat, Gujarat",,
West Bengal,KLW,Kalwan Halt,ER,"Kalwan, West Bengal",Point,"[88.256019, 22.076525]"
Chhattisgarh,KDRI,Kendri,SECR,"Kendri, Chhattisgarh",Point,"[81.729967, 21.131542]"
Rajasthan,KKNA,Khunkhuna,NWR,"State Highway 60, Rajasthan",Point,"[74.49286000000001, 27.277760999999998]"
Assam,KNBR,Kanaibazar,NFR,"National Highway 44, Assam",Point,"[92.326722, 24.638740000000002]"
Rajasthan,KHRA,Khachera,NWR,"State Highway 37, Rajasthan",Point,"[75.6489122412, 27.530759924999998]"
Maharashtra,KLOD,Kelod,SECR,"Kelod, Maharashtra",Point,"[78.891017, 21.470222]"
Rajasthan,KHTU,Khatu,NWR,"Khatu Khurd, Rajasthan",Point,"[74.331631, 27.116118]"
Kerala,KFV,Kundara East,SR,"Kollam-Tirumangalam Rd, Kerala",Point,"[76.691337, 8.969608]"
Madhya Pradesh,KLZ,Keolari,SECR,"State Highway 11A, Madhya Pradesh",Point,"[79.90885, 22.374838]"
Haryana,KLE,Kaithal,NR,"Haryana, Haryana",Point,"[76.397796, 29.792735]"
,KKNH,Karukhirharnagar Halt,ECR,,Point,"[86.61649100000001, 25.891166]"
Himachal Pradesh,SLHP,SULAH HIMACHAL PRADESH,NR,"Sulah, Himachal Pradesh",Point,"[76.475805, 32.070953]"
Kerala,KKZ,Kottarakara,SR,"Kottarakkara, Kerala",Point,"[76.765986, 9.000279]"
Haryana,KIY,Kalayat,NR,"Haryana, Haryana",Point,"[76.2281810498, 29.679483800099998]"
Orissa,KIJ,Kuldiha,SER,"Mayurbhanj, Orissa",Point,"[86.27664089999999, 22.3331028]"
Maharashtra,KMRD,KALAMB ROAD,CR,"Tadwale, Maharashtra",Point,"[76.04934, 18.371892000000003]"
Andhra Pradesh,KMC,KAMAREDDI,SCR,"Kamareddi, Andhra Pradesh",Point,"[78.335858, 18.32586]"
Uttar Pradesh,KLB,KIRAOLI,NCR,"Kiraoli, Uttar Pradesh",Point,"[77.78581199999999, 27.133898]"
Maharashtra,KNVT,KINWAT,SCR,"Kinwat, Maharashtra",Point,"[78.20243500000001, 19.618502]"
Uttar Pradesh,KJLU,KHARI JHALU,NR,"Jhalu, Uttar Pradesh",Point,"[78.21890400000001, 29.331864]"
Haryana,KHV,KARAINTHI,NR,"NH 71, Haryana",Point,"[76.4817815491, 29.0138203113]"
Haryana,KIU,KINANA,NR,"Brarkhera, Haryana",Point,"[76.336659, 29.227482]"
Haryana,KLWN,KALWAN,NR,"MDR 111, Haryana",Point,"[75.952638, 29.701333]"
Punjab,KKP,KOT KAPURA,NR,"Kotkapura, Punjab",Point,"[74.818173, 30.578495999999998]"
Tamil Nadu,KLT,KULITALAI,SR,"Kulithalai, Tamil Nadu",Point,"[78.42089299999999, 10.932727]"
Assam,KKET,KAMRUP KHETRI,NFR,"Khetri, Assam",Point,"[92.08187667179999, 26.1271784614]"
Goa,KM,KALEEM,SWR,"Kalay Railway Station, Goa",Point,"[74.18884299999999, 15.293341]"
Karnataka,KNP,KHANAPUR,SWR,"Khanapur, Karnataka",Point,"[74.49975681459999, 15.6379344079]"
Rajasthan,PRSR,Paharsar,NWR,"Paharsar, Rajasthan",Point,"[75.41038356721401, 28.764429948734062]"
Gujarat,KMLI,KAMLI,WR,"Chhapi, Gujarat",Point,"[72.375949, 23.863182]"
Maharashtra,SHIV,SHINDAWANE,CR,"Walti Goan, Maharashtra",Point,"[74.163601, 18.434555000000003]"
Maharashtra,KKW,KANKAVALI,KR,"Kankavli, Maharashtra",Point,"[73.71987089999999, 16.2587773]"
Kerala,KMQ,KUMBLA,SR,"Kumbla, Kerala",Point,"[74.943503, 12.590263]"
Tamil Nadu,KNPL,Kandanur Puduvayal,SR,"State Highway 28, Tamil Nadu",,
Gujarat,KORA,Kora,WR,"Gujarat, Gujarat",,
Gujarat,KORL,Kural,WR,"Vadodara Jambusar, Gujarat",,
Kerala,KLQ,Kilikollur,SR,"Kollam, Kerala",Point,"[76.6327939999, 8.9182952655]"
Maharashtra,KQV,Kinkhed,CR,"State Highway 201, Maharashtra",,
Gujarat,KR,Kevdi,WR,"SH 166, Gujarat",,
Rajasthan,KNDL,Khandel,NWR,"MDR 59, Rajasthan",Point,"[75.2798777728, 26.9529472159]"
Haryana,KHRK,Kharak,NWR,"kharak Village, Haryana",Point,"[76.308694, 28.83755]"
Maharashtra,KPKD,Khapri Kheda,SECR,"State Highway 243, Maharashtra",Point,"[79.11366699999999, 21.279557]"
Himachal Pradesh,KOTI,Koti,NR,"National Highway 22, Himachal Pradesh",Point,"[76.994519, 30.852821]"
Bihar,KKTA,Kollikhutaha,ER,"State Highway 19, Bihar",Point,"[86.987831, 25.18966]"
Punjab,KKRL,Kakrala,NR,"Nabha, Punjab",Point,"[76.074534, 30.367614999999997]"
Uttar Pradesh,KJY,Khurja City,NR,"Sikri, Uttar Pradesh",Point,"[77.84116100000001, 28.252454]"
Assam,KQI,KALACHAND,NFR,"Diakkawn Rd, Assam",Point,"[93.13311999999999, 25.339050999999998]"
Uttarakhand,KPV,KASHIPUR,NER,"Kashipur, Uttarakhand",Point,"[78.96071, 29.204978]"
Gujarat,KNKT,KANAKOT,WR,"State Highway 113, Gujarat",Point,"[70.876238, 22.488122]"
Maharashtra,KODI,KODI,SCR,"Ranjani, Maharashtra",Point,"[76.00525300000001, 19.710119]"
Karnataka,KNO,KUNDGOL,SWR,"Kundgol, Karnataka",Point,"[75.250168, 15.258352]"
Jammu and Kashmir,KTHU,KATHUA,NR,"Kathua, Jammu and Kashmir",Point,"[75.551922, 32.397897]"
Punjab,KTF,KOT FATTEH,NR,"Bathinda, Punjab",Point,"[75.087931, 30.120715999999998]"
Rajasthan,KRH,KHAIRTHAL,NWR,"Khairthal, Rajasthan",Point,"[76.64170412169999, 27.797324415]"
Gujarat,KODR,Kodinar,WR,"Kodinar, Gujarat",Point,"[70.695807, 20.797371000000002]"
Madhya Pradesh,KQS,Kailaras,NCR,"Kailaras, Madhya Pradesh",Point,"[77.62065939360001, 26.3046614487]"
West Bengal,KRJN,Karanjali Halt,ER,"Tengrabichi, West Bengal",,
Maharashtra,KRJT,Karanja Town,CR,"Karanja, Maharashtra",,
Karnataka,KUG,KUSUGALI,SWR,"National Highway 63, Karnataka",Point,"[75.233643, 15.392095]"
Rajasthan,KSG,KISHANGARH,NWR,"Kishangarh, Rajasthan",Point,"[74.855553, 26.588968]"
Bihar,KRJR,KARJARA,ECR,"State Highway 8, Bihar",Point,"[85.151844, 24.808297]"
,KRTR,KAROTA PATRI HALT,?,,Point,"[86.0377370813, 25.152408658800002]"
Maharashtra,KOL,KOLAD,KR,"Kolad, Maharashtra",Point,"[73.223871, 18.392294]"
Goa,KRMI,KARMALI,KR,"Karmali North, Goa",Point,"[73.9246644, 15.490212900000001]"
Tamil Nadu,KRMG,Kumaramangalam,SR,"Avur Rd, Tamil Nadu",Point,"[78.724107, 10.696433]"
Gujarat,KSAI,Kosadi Halt,WR,"Mosali, Gujarat",,
Maharashtra,KSBG,Khusta Buzurg,CR,"Amravati, Maharashtra",,
Kerala,KPQ,KANNAPURAM,SR,"Kannur District, Kerala",Point,"[75.31381, 11.984076]"
Punjab,KRHR,Kharar,NR,"Kharar, Punjab",Point,"[76.6360420268029, 30.726293624427043]"
Maharashtra,KRJA,Karanja,CR,"Karanja, Maharashtra",Point,"[77.48152183368802, 20.491825750710376]"
,KRON,Karona Halt,?,,Point,"[85.00541057619999, 25.263396537800002]"
Assam,KTGM,Kayasthagram,NFR,"National Highway 44, Assam",Point,"[92.353216, 24.721172]"
Orissa,KNGR,Kashinagar Halt,ECoR,"State Highway 34, Orissa",Point,"[83.87569620789999, 18.8568644473]"
Madhya Pradesh,KRBO,Karaboh,SECR,"SH 26, Madhya Pradesh",Point,"[79.26235799999999, 22.054579999999998]"
West Bengal,KPA,Kanchrapara,ER,"Kanchrapara, West Bengal",Point,"[88.451231, 22.946024]"
Maharashtra,KTNI,Kapustalni,CR,"Amravati, Maharashtra",,
Bihar,KTNR,Kirtyanand Nagar,ECR,"Purnea, Bihar",,
West Bengal,KRXM,Krishnamohan Halt,ER,"Krishnamohan, West Bengal",Point,"[88.449759, 22.330258]"
,KRX,Kurud,SECR,,Point,"[81.696451, 20.833165]"
Maharashtra,KRDH,Koradih,SECR,"Nagpur, Maharashtra",Point,"[79.10140100000001, 21.249152]"
Tamil Nadu,KTPM,Kotturpuram,SR,"Chennai, Tamil Nadu",Point,"[80.24820899999999, 13.013835]"
West Bengal,KRP,Krishnapur,ER,"Lalgola, West Bengal",Point,"[88.25613200000001, 24.406330999999998]"
Rajasthan,KUTL,Kuwanthal,NWR,"Pali, Rajasthan",Point,"[73.918994, 25.498041]"
West Bengal,KRKN,Karkend,SER,"Karkend, West Bengal",Point,"[86.369799, 23.765615]"
Tamil Nadu,KTBR,Kasturba Nagar,SR,"Chennai, Tamil Nadu",Point,"[80.248086, 13.005609]"
Gujarat,KNAD,Kanad,WR,"Bhavnagar, Gujarat",Point,"[71.9263402661, 21.649251036200003]"
Rajasthan,KRC,Kiroda,NWR,"Degana, Rajasthan",Point,"[74.311248, 26.991165000000002]"
Madhya Pradesh,KRO,KURAWAN,WCR,"Harda, Madhya Pradesh",Point,"[76.888706, 22.191568]"
Maharashtra,KSAE,KOSAI,SCR,"Kinwat, Maharashtra",Point,"[78.334546145, 19.6395023854]"
Gujarat,KTLA,KATKOLA JN,WR,"Katkola Junction, Gujarat",Point,"[69.8841357111, 21.8521799207]"
Gujarat,KRGA,KURANGA,WR,"Jamnagar, Gujarat",Point,"[69.171715, 22.061244]"
Rajasthan,KRCD,KHARWA CHANDA,NWR,"Kharwa Chanda, Rajasthan",Point,"[73.794095, 24.417762999999997]"
Maharashtra,VR,VIRAR,WR,"Thane, Maharashtra",Point,"[72.811737, 19.454407]"
Bihar,KTI,KANTI,ECR,"Kanti, Bihar",Point,"[85.285092, 26.198944]"
West Bengal,KSU,KUSHTAUR,SER,"Purulia, West Bengal",Point,"[86.498336, 23.430415999999997]"
Gujarat,KTGD,KOTH GANGAD,WR,"Koth, Gujarat",Point,"[72.3016887134, 22.6282749467]"
Chhattisgarh,KTO,KATORA,SECR,"Patna, Chhattisgarh",Point,"[82.7112187811, 23.3115927105]"
Gujarat,KV,Kayavarohan,WR,"Kayavarohan, Gujarat",,
Gujarat,KVO,Kevdi Road,WR,"Gujarat, Gujarat",,
Gujarat,KSD,KESHOD,WR,"Keshod, Gujarat",Point,"[70.252274, 21.297662]"
Punjab,KSA,KHASA,NR,"Khasa, Punjab",Point,"[74.714584, 31.610411]"
Assam,KQY,KHARIKATIA,NFR,"Dhodar Ali, Assam",Point,"[94.248092, 26.615923]"
Uttar Pradesh,KS,KHETA SARAI,NR,"Nawab Yousuf Rd, Uttar Pradesh",Point,"[82.6886636169, 25.965774583199998]"
Rajasthan,KTR,KOTHAR,NWR,"Pali, Rajasthan",Point,"[73.123647, 24.980982]"
West Bengal,KWDP,Kakdwip,ER,"National Highway 117, West Bengal",Point,"[88.19387900000001, 21.8796]"
Assam,NMT,NAMTIALI,NFR,"National Highway 61, Assam",Point,"[94.619336, 26.851588]"
Karnataka,KRKP,KYARKOP,SWR,"Dharwad, Karnataka",Point,"[74.96794799999999, 15.442249]"
Karnataka,KUD,KUDACHI,SWR,"Kudchi, Karnataka",Point,"[74.85868699999999, 16.62608]"
Maharashtra,KRG,KOREGAON,CR,"Koregaon, Maharashtra",Point,"[74.147622, 17.690976]"
Kerala,KQK,KOTIKULAM,SR,"Bekal, Kerala",Point,"[75.024008, 12.423507]"
Maharashtra,KTKR,Kumtha Khurd,SCR,"State Highway 217, Maharashtra",Point,"[77.0092961456, 18.4218389359]"
Kerala,KTU,KUTTIPPURAM,SR,"Kuttippuram, Kerala",Point,"[76.03339700000001, 10.845723999999999]"
Assam,KRNI,KRISHNAI,NFR,"NH 37, Assam",Point,"[90.68256799999999, 26.070884]"
Maharashtra,KUHI,Kuhi,SECR,"Nagpur, Maharashtra",Point,"[79.35072000000001, 21.007558]"
Maharashtra,KXD,Kokalda,CR,"Amravati, Maharashtra",,
West Bengal,KZPB,Kazipara Barasat,ER,"Station Rd, West Bengal",,
Gujarat,KTAL,Kathalal,WR,"Kathalal, Gujarat",Point,"[72.986389, 22.899659]"
Tamil Nadu,KUTR,Kulathur,SR,"Keeranur, Tamil Nadu",Point,"[78.79207688, 10.57217515]"
Gujarat,LAT,Lathi,WR,"Lathi, Gujarat",Point,"[71.386531, 21.73935]"
West Bengal,KWF,Katwa,ER,"Katwa, West Bengal",Point,"[88.123575, 23.639805]"
Bihar,KYH,Khairah,NER,"Saran, Bihar",Point,"[84.760114, 25.861013]"
West Bengal,KYP,Kalyanpur,ER,"Baruipur, West Bengal",Point,"[88.414597, 22.343456]"
Gujarat,KTNA,Kathana,WR,"Bhadran, Gujarat",Point,"[72.752631, 22.235720999999998]"
Tamil Nadu,KRUR,Keeranur,SR,"Keeranur, Tamil Nadu",Point,"[78.787292, 10.576654999999999]"
Haryana,KTWS,Kathuwas,NWR,"State Highway 26, Haryana",Point,"[76.3437941406, 28.1331067668]"
Andhra Pradesh,KRY,Kadiri,SCR,"Kadiri, Andhra Pradesh",Point,"[78.165591, 14.114788]"
Bihar,KUMB,KUMARBAGH,ECR,"Kumarbagh, Bihar",Point,"[84.51158, 26.874522000000002]"
Bihar,LAK,LAKHO,ECR,"Lakho, Bihar",Point,"[86.205004, 25.416359999999997]"
Maharashtra,KVK,KAVATHE MAHANKL,CR,"Jath Rd, Maharashtra",Point,"[74.94491099999999, 17.007517]"
Tamil Nadu,KXO,KUDIKADU,SR,"Poondi, Tamil Nadu",Point,"[79.241642, 10.775636]"
West Bengal,LKPR,Lakshmikantpur,ER,"Lakshmikantapur, West Bengal",Point,"[88.321958, 22.110055]"
Gujarat,LAL,LUSHALA,WR,"State Highway 99, Gujarat",Point,"[70.32629040219999, 21.3918244015]"
Punjab,KWJ,KHOJEWALA,NR,"Kapurthala, Punjab",Point,"[75.47495599999999, 31.359247]"
Punjab,KXH,KAPURTHALA,NR,"Kapurthala, Punjab",Point,"[75.38272400000001, 31.366846]"
Maharashtra,LING,Ling,CR,"Ling, Maharashtra",Point,"[87.3615834955126, 25.290391816004586]"
Uttar Pradesh,KZS,KUAKHERA HALT,NR,"Chandausi, Uttar Pradesh",Point,"[78.76651700000001, 28.546470999999997]"
Karnataka,KVE,KAVALANDE,SWR,"SH 57, Karnataka",Point,"[76.799272, 12.033304]"
Assam,KWM,KAMPUR,NFR,"Kampur, Assam",Point,"[92.6577872687, 26.1606011328]"
Punjab,KZW,KATAR SINGHWALA,NR,"State Highway 17, Punjab",Point,"[75.01084399999999, 30.154130000000002]"
Tamil Nadu,KZTW,KULITTURAI WEST,SR,"Kanyakumari, Tamil Nadu",Point,"[77.209792, 8.323734]"
Rajasthan,LNH,Lachhmangarh Sikar,NWR,"Laxmangarh, Rajasthan",Point,"[75.034114, 27.832586]"
Assam,KUTI,Khumtai,NFR,"Khumtai, Assam",Point,"[93.86427300000001, 26.626403999999997]"
Madhya Pradesh,LDE,Lokdhikhera,SECR,"Sausar, Madhya Pradesh",Point,"[78.855877, 21.582533]"
Maharashtra,LDD,Ladkhed,CR,"SH 212, Maharashtra",,
Kerala,KZC,Kulukkalur,SR,"Kulukkallur, Kerala",Point,"[76.23944300000001, 10.868287]"
Rajasthan,LDM,Ledarmer,NWR,"Jalor, Rajasthan",Point,"[72.34701899999999, 25.055439]"
Assam,LFG,Lower Haflong,NFR,"Haflong, Assam",,
Maharashtra,LGN,Lehgaon,CR,"Amravati, Maharashtra",,
Uttarakhand,LKKA,Lal Kuan,NER,"Lalkuan, Uttarakhand",,
Gujarat,LMB,Limbara,WR,"SH 166, Gujarat",,
West Bengal,KYI,Kalyani,ER,"Kalyani, West Bengal",Point,"[88.467499, 22.969219]"
Punjab,KUDN,Kudni,NR,"MDR 101, Punjab",Point,"[75.8447011951, 29.777708816700002]"
Tamil Nadu,KXT,Ketti,SR,"Granduff Rd, Tamil Nadu",Point,"[76.736915, 11.381409]"
,LIR,Lachmipur,NER,,Point,"[83.379037, 27.25415]"
Madhya Pradesh,LIG,Linga,SECR,"Linga, Madhya Pradesh",Point,"[78.936403, 21.963575000000002]"
Punjab,LDK,Ladhuka,NR,"State Highway 20, Punjab",Point,"[74.119614, 30.49849]"
Uttar Pradesh,KYBR,Khairatiya Bandh Road,NER,"Khairatiya, Uttar Pradesh",Point,"[81.081765, 28.272292]"
Assam,LEDO,Ledo,NFR,"Ledo, Assam",Point,"[95.725374, 27.288435]"
Chhattisgarh,LBO,Latabor,SECR,"Latabore, Chhattisgarh",Point,"[81.26577, 20.789828]"
Punjab,KYY,Kariha,NR,"Kariha, Punjab",Point,"[76.068043, 31.146278]"
Chhattisgarh,KYS,Kusumkasa,SECR,"Kusumkasa, Chhattisgarh",Point,"[81.087812, 20.637273]"
Tamil Nadu,KTYR,Kottaiyur,SR,"Kottaiyur, Tamil Nadu",Point,"[78.786317, 10.112077]"
West Bengal,LGL,Lalgola,ER,"Lalgola, West Bengal",Point,"[88.257513, 24.421152]"
Gujarat,KVH,Khambhel,WR,"State Highway 7, Gujarat",Point,"[72.042973, 23.610866]"
Bihar,LKN,LAKHMINIA,ECR,"Bihar, Bihar",Point,"[86.309269, 25.426072]"
Maharashtra,LNP,LANGARPETH,CR,"Jath Rd, Maharashtra",Point,"[74.96712500000001, 17.084723]"
Madhya Pradesh,LMNR,LAKSHMIBAI NAGAR,WR,"Indore, Madhya Pradesh",Point,"[75.858526, 22.742296]"
Gujarat,LHBK,LOTHAL BHURKI,WR,"State Highway 1, Gujarat",Point,"[72.222393, 22.55299]"
Delhi NCT,LPNR,LAJPAT NAGAR,NR,"Lajpat Nagar, Delhi NCT",Point,"[77.244136, 28.57927]"
Tamil Nadu,MCPK,Chepauk,SR,"Chennai, Tamil Nadu",Point,"[80.28015, 13.061372]"
Maharashtra,LSR,LASUR,SCR,"Aurangabad, Maharashtra",Point,"[75.01148900000001, 19.926081]"
Rajasthan,LNA,LAMANA,NWR,"Beawar, Rajasthan",Point,"[74.46563, 26.244934]"
Uttar Pradesh,LOG,LOHGARA,NCR,"Lohgara, Uttar Pradesh",Point,"[81.73019000000001, 25.250449999999997]"
,DTRA,DANTRA,,,Point,"[75.149207, 26.772568999999997]"
West Bengal,LBTL,Lebutala,ER,"Lebutala, West Bengal",Point,"[88.640107, 22.666791]"
Gujarat,LTD,LATHIDAD,WR,"Tajpar Rd, Gujarat",Point,"[71.702802, 22.090056]"
Punjab,LLU,LALRU,NR,"Lalru, Punjab",Point,"[76.7941, 30.479756]"
Gujarat,LPJ,LALPUR JAM,WR,"Lalpur, Gujarat",Point,"[69.9524202618, 22.194537580600002]"
Maharashtra,LPU,Lakhpuri,CR,"Lakhpuri, Maharashtra",,
Maharashtra,LSN,Lasina,CR,"Lasina, Maharashtra",,
Madhya Pradesh,LTA,Lamta,SECR,"Lamta, Madhya Pradesh",Point,"[80.1244293225, 22.1390377316]"
Punjab,LHA,LEHRA GAGA,NR,"Sangrur, Punjab",Point,"[75.810079, 29.937832]"
,RRME,RANCHI ROAD,ECR,,Point,"[85.51160300000001, 23.665992000000003]"
Andhra Pradesh,LKSH,LAKSHMINARAYANAPURAM,SCR,"L Narayanapuram, Andhra Pradesh",Point,"[81.592567, 16.600703]"
Tamil Nadu,MARD,Mavur Road,SR,"State Highway 23, Tamil Nadu",,
Tamil Nadu,MAX,Mangudi,SR,"State Highway 23, Tamil Nadu",,
Karnataka,LWR,ALNAVAR JN,SWR,"Alnavar, Karnataka",Point,"[74.738116, 15.424244]"
Gujarat,MBH,Mobha Road,WR,"Vadodara Jambusar, Gujarat",,
Gujarat,LKZ,LAKADIYA,WR,"Lakadia, Gujarat",Point,"[70.58674500000001, 23.339664]"
Gujarat,LTR,LAKHTAR,WR,"Lakhtar, Gujarat",Point,"[71.77672700000001, 22.873403]"
Gujarat,LPR,LILAPUR ROAD,WR,"State Highway 17, Gujarat",Point,"[71.862567, 22.954447]"
Gujarat,LMO,LILIYA MOTA,WR,"Liliya Mota, Gujarat",Point,"[71.372863, 21.540317]"
Uttar Pradesh,LMN,Lachhmanpur,NR,"Unchahar, Uttar Pradesh",Point,"[81.25726300000001, 26.050472]"
Assam,LPN,LAOPANI,NFR,"National Highway 37, Assam",Point,"[92.59598917299999, 26.2003076494]"
Assam,LKA,LANKA,NFR,"Lanka, Assam",Point,"[92.958001, 25.914426]"
Tamil Nadu,MCPT,Chintadripet,SR,"Chennai, Tamil Nadu",Point,"[80.274188, 13.07406]"
Assam,LKG,LAMSAKHANG,NFR,"Lamsakhan Rd, Assam",Point,"[93.046846, 25.796536]"
Assam,LCT,LANGCHOLIET,NFR,"TV Centre Road, Assam",Point,"[93.3046356757, 25.759322935]"
Assam,LPTA,LONGPATIA,NFR,"Nabhokotia Rd, Assam",Point,"[95.0953363135, 27.0797307213]"
Assam,LHL,LAHOAL,NFR,"A T Rd, Assam",Point,"[94.999525, 27.4525]"
Tripura,MANU,Manu,NFR,"Manu, Tripura",Point,"[91.9989317505, 23.9881925448]"
West Bengal,MAK,Mallikpur,ER,"Kolkata, West Bengal",Point,"[88.43331500000001, 22.396985]"
Punjab,LKW,Lakhewali,NR,"Court Rd, Punjab",Point,"[74.341781, 30.447834]"
Bihar,LNO,Lohna Road,ECR,"Naruar, Bihar",Point,"[86.229057, 26.220882]"
Rajasthan,LHW,Loharwara,NWR,"Sikar Rd, Rajasthan",Point,"[75.67687000000001, 27.19839]"
Orissa,LTK,Lathikata,SER,"Latkata, Orissa",Point,"[84.89496100000001, 22.131808]"
Andhra Pradesh,LRI,Lihuri Halt,ECoR,"Lihuri Rd, Andhra Pradesh",Point,"[83.849833, 18.913242]"
Haryana,LHLL,Lahli,NWR,"State Highway 16, Haryana",Point,"[76.44533799999999, 28.854316999999998]"
Rajasthan,MAAR,Malhar,?,"Jodhpur, Rajasthan",Point,"[72.37553642820001, 27.2041163361]"
Gujarat,LCH,Linch,WR,"State Highway 41, Gujarat",Point,"[72.3554837085, 23.526717930500002]"
Andhra Pradesh,MDR,MADHIRA,SCR,"K.Ponnavaram, Andhra Pradesh",Point,"[80.366849, 16.921826]"
Rajasthan,MDB,MANDOR,NWR,"Jodhpur, Rajasthan",Point,"[73.042126, 26.350708]"
Tamil Nadu,TUY,THIRUTHURAIYUR,SR,"Thiruthuraiyur Railway Station Rd, Tamil Nadu",Point,"[79.534813, 11.823788]"
Rajasthan,MDL,MANDAL,NWR,"Mandal, Rajasthan",Point,"[74.59395891049999, 25.439631738299997]"
Gujarat,MDPR,MODPUR,WR,"Khambhalia-Lalpur, Gujarat",Point,"[69.81170376339999, 22.2625878623]"
Gujarat,MDRA,MEDRA,WR,"National Highway 8, Gujarat",Point,"[72.712778, 23.13609]"
Madhya Pradesh,MFR,Mandla Fort,SECR,"Mandla Fort, Madhya Pradesh",Point,"[80.355908, 22.586017]"
Gujarat,MDHA,Madhada,WR,"Bhavnagar, Gujarat",Point,"[71.90539757810001, 21.608000903100002]"
Jharkhand,MDNP,Madanpur Halt,ER,"Madanpur, Jharkhand",,
Punjab,MAUR,MAUR,NR,"Maur Mandi, Punjab",Point,"[75.22772, 30.062745999999997]"
West Bengal,MDF,MURADI,SER,"Barakar, West Bengal",Point,"[86.80929, 23.593092000000002]"
Haryana,MDLA,MUNDLANA,NR,"Panipat, Haryana",Point,"[76.757452, 29.212025]"
,VU,VAGHPURA,,,Point,"[71.34996600000001, 23.781878]"
Uttar Pradesh,MEM,MAU AIMMA,NR,"Allahabad, Uttar Pradesh",Point,"[81.91377, 25.698324]"
Uttar Pradesh,MEQ,MALETHU KANAK,NR,"Bikapur, Uttar Pradesh",Point,"[82.124891, 26.60377]"
Uttar Pradesh,MBS,MADHOSINGH,NER,"SH 5, Uttar Pradesh",Point,"[82.552278, 25.249931]"
Bihar,MDVB,Mandar Vidyapith Halt,ER,"Mandar, Bihar",Point,"[87.0202584961, 24.8344029798]"
Chhattisgarh,MCF,Manik Chauree Halt,SECR,"Manikchauri, Chhattisgarh",Point,"[81.783198, 21.004164000000003]"
Andhra Pradesh,MCU,Mulacalacheruvu,SCR,"Mulakalacheruvu, Andhra Pradesh",Point,"[78.26482899999999, 13.802188000000001]"
Rajasthan,MD,MADAR,NWR,"Ajmer, Rajasthan",Point,"[74.68722700000001, 26.465014]"
Rajasthan,MBNL,Marwar Bhinmal,NWR,"Bhinmal, Rajasthan",Point,"[72.275398, 25.000632999999997]"
Maharashtra,MADR,MADURE,KR,"Sawantwadi Vengurla Rd, Maharashtra",Point,"[73.80896700000001, 15.812975]"
Karnataka,MANK,MANKI,KR,"Manki, Karnataka",Point,"[74.4932361584, 14.1744388792]"
Bihar,MGR,Munger,ER,"Munger, Bihar",,
Karnataka,MAJN,MANGALORE JN,SR,"Mangalore, Karnataka",Point,"[74.88006, 12.866193]"
Haryana,MBY,MANDI DABWALI,NWR,"Mandi Dabwali, Haryana",Point,"[74.700155, 29.966227]"
Assam,MGX,Mailongdisa,NFR,"Mailongdisa, Assam",,
Puducherry,MAHE,MAHE,SR,"Mahe, Puducherry",Point,"[75.546967, 11.699226999999999]"
Maharashtra,MDD,MALAD,WR,"Mumbai, Maharashtra",Point,"[72.84917, 19.187089]"
Tripura,MGKM,Mungiakami,NFR,"Mungiyakami, Tripura",Point,"[91.7101089758, 23.8838302513]"
Bihar,MDLE,Mandar Hill,ER,"Mandar, Bihar",Point,"[87.02615830570001, 24.8060780645]"
Punjab,AJL,Ajitwal,NR,"Ajitwal, Punjab",Point,"[75.33981800000001, 30.807611]"
West Bengal,MDBP,Madhabpur,ER,"State Highway 3, West Bengal",Point,"[88.347323, 22.119207]"
Madhya Pradesh,AJN,Ajnod,WR,"Indore, Madhya Pradesh",Point,"[75.738947, 22.931326000000002]"
Bihar,MDCR,Masaudhi Court Halt,?,"National Highway 22, Bihar",Point,"[85.0439060474, 25.366289184800003]"
Madhya Pradesh,MDGR,Manendragarh,SECR,"Manendragarh, Madhya Pradesh",Point,"[82.197734, 23.219746999999998]"
Punjab,MG,Modelgram,NR,"Ludhiana, Punjab",Point,"[75.83618299999999, 30.891527]"
,MEE,Methai,ECR,,Point,"[86.72458900000001, 25.907006000000003]"
Bihar,MEW,Marhaura,NER,"National Highway 28B, Bihar",Point,"[84.850984, 25.969081]"
Jharkhand,LYD,Layabad,SER,"Loyabad, Jharkhand",Point,"[86.351907, 23.773417]"
West Bengal,MIJ,Majhdia,ER,"Banpur-Majhdia Rd, West Bengal",Point,"[88.719031, 23.414561999999997]"
Rajasthan,MBW,Malwara,NWR,"Marwara, Rajasthan",Point,"[72.26700809939999, 24.7994691685]"
Bihar,MHC,Masrakh,NER,"Mashrakh, Bihar",Point,"[84.8085433154, 26.1022287466]"
Maharashtra,MGVK,Malegaon Vyenku,SECR,"National Highway 69, Maharashtra",Point,"[78.956134, 21.37586]"
Punjab,MFM,MAHALAM,NR,"State Highway 20, Punjab",Point,"[74.706748, 31.018428]"
Punjab,MET,MALERKOTLA,NR,"Maler Kotla, Punjab",Point,"[75.87169200000001, 30.529403]"
Madhya Pradesh,MHOW,Mhow,WR,"Mhow, Madhya Pradesh",Point,"[75.771097, 22.55518]"
Madhya Pradesh,MINA,MIYANA,WCR,"Guna, Madhya Pradesh",Point,"[77.472164, 24.85653]"
Uttar Pradesh,MIQ,MIRHAKUR,NCR,"Idgah Agra, Uttar Pradesh",Point,"[77.8660122473, 27.151203539700003]"
Gujarat,MLSR,Malsar,WR,"Sinor, Gujarat",Point,"[73.31641039811075, 21.88940753391553]"
Uttar Pradesh,MKP,MANIKPUR JN,NCR,"Manikpur, Uttar Pradesh",Point,"[81.09365700000001, 25.063492]"
Tamil Nadu,MES,MADURAI EAST,SR,"Madurai, Tamil Nadu",Point,"[78.134188, 9.908505]"
Bihar,MHRL,Mahrail,ECR,"Mahrail, Bihar",Point,"[86.284783, 26.294081000000002]"
West Bengal,MGLE,MANIGRAM,ER,"Lalgola, West Bengal",Point,"[88.107881626, 24.3428549076]"
Rajasthan,MLH,MANAKLAO,NWR,"State Highway 61, Rajasthan",Point,"[73.003204, 26.485986]"
Maharashtra,VV,VALIVADE,CR,"Valivade, Maharashtra",Point,"[74.298965, 16.703574]"
Bihar,MKI,BAPUDHAM MOTIHARI,ECR,"Motihari, Bihar",Point,"[84.90525, 26.655520000000003]"
Bihar,MHL,MAHWAL,ECR,"Muzaffarpur, Bihar",Point,"[85.12631435489999, 26.301858406599997]"
Maharashtra,MHMB,MAHIMBA,SCR,"Nanded, Maharashtra",Point,"[78.076322, 19.419884999999997]"
Karnataka,AJP,AJJAMPUR,SWR,"Ajjampur, Karnataka",Point,"[76.0097415, 13.7283327]"
Gujarat,MHDP,Mahadevpara,WR,"State Highway 9, Gujarat",Point,"[72.949202, 23.677025]"
Maharashtra,MIRA,MIRA ROAD,WR,"Mira Bhayandar, Maharashtra",Point,"[72.856072, 19.280299]"
Goa,MJO,MAJORDA,KR,"South Goa, Goa",Point,"[73.922408, 15.314045]"
Uttar Pradesh,MGRR,MAGARPUR,NCR,"Mau Ranipur, Uttar Pradesh",Point,"[78.858785, 25.322705000000003]"
West Bengal,MJE,MUJNAL,NFR,"National Highway 31C, West Bengal",Point,"[89.191957, 26.693327999999998]"
Gujarat,MKRL,Moti Koral,WR,"Maninageshwar Rd, Gujarat",,
Uttar Pradesh,MIH,MIHRAWAN,NR,"Nawab Yousuf Rd, Uttar Pradesh",Point,"[82.694333, 25.871178]"
Maharashtra,MM,MUMBAI MAHIM JN,WR,"Mumbai, Maharashtra",Point,"[72.84687600000001, 19.040547]"
Assam,MOAR,Manipur Bagan,?,"Bairabi Rd, Assam",Point,"[92.54072000000001, 24.400845]"
Kerala,MJS,MANJESHWAR,SR,"NH 17, Kerala",Point,"[74.887582, 12.724197]"
West Bengal,MGAE,Morgram,ER,"Murshidabad Distt., West Bengal",Point,"[88.018413, 24.304919]"
Karnataka,MNGT,MYSORE NEW GOOD,SWR,"Mysore, Karnataka",Point,"[76.642542, 12.338553999999998]"
Haryana,MHU,Manheru,NWR,"Bhiwani, Haryana",Point,"[76.203117, 28.701227]"
Assam,MJN,Makum Junction,NFR,"Makum, Assam",Point,"[95.440958, 27.485742]"
Tamil Nadu,MLHS,Light House,SR,"Chennai, Tamil Nadu",Point,"[80.276539, 13.044645999999998]"
West Bengal,MGM,Muragacha,ER,"Nadia, West Bengal",Point,"[88.421243, 23.529636]"
Gujarat,MNGV,Mota Miya Mangrol,WR,"Mosali, Gujarat",,
Tamil Nadu,MNLI,Manali Halt,SR,"State Highway 23, Tamil Nadu",,
Tamil Nadu,MNDY,Mandaveli,SR,"Chennai, Tamil Nadu",Point,"[80.260507, 13.027861000000001]"
Maharashtra,MHAD,Mohadi Pragane Laling,CR,"Dhule, Maharashtra",Point,"[74.77978399999999, 20.863002]"
Uttar Pradesh,MIW,Mighauna,NER,"Mighauna, Uttar Pradesh",Point,"[79.826515, 28.24322]"
Rajasthan,MIO,Molisar,NWR,"Churu, Rajasthan",Point,"[74.739025, 28.13104]"
Gujarat,MHUA,Mahudha,WR,"Madhuda, Gujarat",Point,"[72.946947, 22.817129]"
Punjab,MLKH,Mulewal Khaihra,NR,"Neewa Meianwal, Punjab",Point,"[75.29969399999999, 31.102966]"
Tamil Nadu,MNME,Manamadurai East,SR,"Manamadurai, Tamil Nadu",Point,"[78.45434999999999, 9.697777]"
,MNCR,Monacherra,?,,Point,"[92.550058, 24.611951]"
Bihar,MJV,Manjhagarh,NER,"National Highway 28, Bihar",Point,"[84.504257, 26.417226]"
Uttarakhand,MOTC,MOTICHUR,NR,"Haridwar, Uttarakhand",Point,"[78.177678, 29.981150000000003]"
Gujarat,MLHA,MALIYA HATINA,WR,"Malia, Gujarat",Point,"[70.29970100000001, 21.15957]"
Maharashtra,MLB,MODNIMB,CR,"Shetfal, Maharashtra",Point,"[75.4055439008, 17.9165477096]"
Karnataka,MNL,MINCHNAL,SWR,"Bijapur, Karnataka",Point,"[75.822432, 16.971395]"
Rajasthan,MKH,MALAKHERA,NWR,"Mala Khera, Rajasthan",Point,"[76.618982, 27.390236]"
Madhya Pradesh,MLG,MALHARGARH,WR,"Malhargarh, Madhya Pradesh",Point,"[74.972666, 24.265618]"
Madhya Pradesh,MKD,MARKUNDI,WCR,"State Highway 11, Madhya Pradesh",Point,"[80.947114, 25.017393]"
Maharashtra,MUE,MUDKHED,SCR,"Mudkhed, Maharashtra",Point,"[77.509661, 19.148087]"
Uttar Pradesh,MNDR,MANDI DHANAURA,NR,"Jyotiba Phule Nagar, Uttar Pradesh",Point,"[78.26149799999999, 28.953119]"
Andhra Pradesh,MLGT,MALLAPPA GATE,SCR,"Guntakal, Andhra Pradesh",Point,"[77.387152, 15.225027]"
Uttar Pradesh,MNQ,MAINPURI,NCR,"Mainpuri, Uttar Pradesh",Point,"[79.034774, 27.216507]"
Karnataka,MLSA,MALLASANDRA,SWR,"NH 206, Karnataka",Point,"[77.015018, 13.335173]"
Punjab,MKS,Muktsar,NR,"Muktsar, Punjab",Point,"[74.514271, 30.47821]"
Uttar Pradesh,MQW,Mallannagar,NER,"State Highway 33, Uttar Pradesh",,
Gujarat,MRD,Manund,WR,"State HIghway 55, Gujarat",,
West Bengal,MPLR,MAHIPAL ROAD,ER,"Lalgola, West Bengal",Point,"[88.1911711557, 24.2875453877]"
Haryana,MKLI,MAKRAULI,NR,"Rohtak, Haryana",Point,"[76.62755, 28.946971]"
Bihar,MNO,MEHNAR ROAD,ECR,"Bihar, Bihar",Point,"[85.504477691, 25.654307800700003]"
Maharashtra,MRU,MUMBAI MATUNGA ROAD,WR,"Mumbai, Maharashtra",Point,"[72.847143, 19.028606]"
Rajasthan,MMC,MAHAMANDIR,NWR,"Jodhpur, Rajasthan",Point,"[73.037935174, 26.3087448868]"
Rajasthan,MMY,MARWAR MATHANYA,NWR,"Mathania, Rajasthan",Point,"[72.978778, 26.532173]"
Gujarat,MTHP,MITHAPUR,WR,"Jamnagar, Gujarat",Point,"[69.00869499999999, 22.411601]"
Rajasthan,MON,Modran,NWR,"Jalor, Rajasthan",Point,"[72.447631, 25.187428]"
Uttar Pradesh,MNZ,MANANI,NR,"State Highway 57, Uttar Pradesh",Point,"[77.498609, 29.884915]"
Assam,AJRE,AUJARI,NFR,"National Highway 37, Assam",Point,"[92.266800144, 26.1446457224]"
Uttar Pradesh,MLN,MAILANI,NER,"Lakhimpur Kheri, Uttar Pradesh",Point,"[80.347318, 28.284349000000002]"
Bihar,MNS,Manshahi,NFR,"National Highway 81, Bihar",Point,"[87.5881226697, 25.4756828749]"
Bihar,MRJD,Marajdwa,ECR,"Sikta-Mainatad Rd, Bihar",Point,"[84.60191599999999, 27.043053]"
Punjab,MLX,Mullanpur,NR,"Mullanpur, Punjab",Point,"[75.66501600000001, 30.83811]"
,MPUR,New Madanpur,?,,Point,"[87.226329, 24.312218]"
Gujarat,MSQ,Marwar Ratanpur,NWR,"State Highway 128, Gujarat",Point,"[72.142853, 24.67822]"
West Bengal,MMG,Madhyamgram,ER,"Kolkata, West Bengal",Point,"[88.45225400000001, 22.693938]"
Madhya Pradesh,MPML,Mohapani Mal,SECR,"State Highway 19, Madhya Pradesh",Point,"[78.910005, 21.812143]"
Kerala,MLTR,Melattur,SR,"Melattoor, Kerala",Point,"[76.272805, 11.06543]"
Madhya Pradesh,MQQ,Markahandi U Halt,SECR,"State Highway 26, Madhya Pradesh",Point,"[79.191328, 22.049857000000003]"
Punjab,MQS,Malsian Shahkot,NR,"Shahkot-Moga Rd, Punjab",Point,"[75.354756, 31.110293]"
Madhya Pradesh,MKDN,Morkadhana,CR,"Nayagaon, Madhya Pradesh",Point,"[78.501566, 22.11073]"
Punjab,MSZ,MANSA,NR,"Mansa, Punjab",Point,"[75.402584, 29.989694999999998]"
West Bengal,MPLE,MAHIPAL,ER,"Lalgola, West Bengal",Point,"[88.162107, 24.30631]"
Maharashtra,MQL,MIRKHAL,SCR,"Purna, Maharashtra",Point,"[76.9150573724, 19.2036411097]"
Assam,MTJR,MOTERJHAR,NFR,"Dhubri Kochugaon Rd, Assam",Point,"[89.864509, 26.133968]"
,MSOD,MASODHA,NR,,Point,"[82.12533900000001, 26.709217000000002]"
Madhya Pradesh,MTJL,Motijheel,NCR,"Gwalior, Madhya Pradesh",Point,"[78.142209, 26.249743000000002]"
,MSDH,MASNADIH,ECR,,Point,"[84.832613, 26.958112]"
Uttar Pradesh,MSP,MANSURPUR,NR,"Muzaffarnagar, Uttar Pradesh",Point,"[77.719182, 29.355377]"
Rajasthan,MVJ,MAVLI JN,NWR,"Mavli, Rajasthan",Point,"[73.973721, 24.794585]"
Punjab,NBA,Nabha,NR,"Nabha, Punjab",Point,"[76.14639600000001, 30.363819]"
Uttar Pradesh,MUT,MEERUT CANT,NR,"Meerut, Uttar Pradesh",Point,"[77.686937, 29.015997000000002]"
Rajasthan,MWT,MARWAR LOHWAT,NWR,"Jodhpur, Rajasthan",Point,"[72.58927, 26.981256000000002]"
Uttar Pradesh,MTC,MEERUT CITY,NR,"Meerut, Uttar Pradesh",Point,"[77.675106, 28.977610000000002]"
Uttar Pradesh,MUD,MURADNAGAR,NR,"Ghaziabad, Uttar Pradesh",Point,"[77.506774, 28.759017]"
Uttar Pradesh,MSRP,MURHESI RAMPUR,WCR,"SH 33, Uttar Pradesh",Point,"[77.62741799999999, 27.412426]"
West Bengal,MTFA,MERTALA PHALEYA,ER,"Mertala Phaleya, West Bengal",Point,"[88.319686, 23.479665999999998]"
Gujarat,MRL,MAROLI,WR,"Maroli, Gujarat",Point,"[72.88999799999999, 21.019949]"
Tamil Nadu,MQ,Mannargudi,SR,"Mannargudi, Tamil Nadu",Point,"[79.455639, 10.674541000000001]"
Tamil Nadu,MP,MELAPPALAIYAM,SR,"Tirunelveli, Tamil Nadu",Point,"[77.7018564789, 8.7067184087]"
Maharashtra,MSD,BOMBAY MASJID,CR,"Mumbai, Maharashtra",Point,"[72.838561, 18.952385]"
West Bengal,MTAP,Matania Anantpur,ER,"Matania Anantapur Railway Station, West Bengal",,
Rajasthan,MWW,MAHWA,NWR,"Alwar, Rajasthan",Point,"[76.60887100000001, 27.483719999999998]"
Maharashtra,MX,Mumbai Mahalakshmi,WR,"Mumbai, Maharashtra",Point,"[72.823908, 18.982103]"
Tamil Nadu,MTT,Mutupet,SR,"Muthupet, Tamil Nadu",,
Karnataka,MYA,MANDYA,SWR,"Mandya, Karnataka",Point,"[76.897256, 12.529176]"
Karnataka,MULK,MULKI,KR,"Mulki, Karnataka",Point,"[74.804962, 13.068517]"
Tamil Nadu,MTMY,Thirumayilai,SR,"Chennai, Tamil Nadu",Point,"[80.267038, 13.03497]"
Punjab,MRTL,MIRTHAL,NR,"Mirthal, Punjab",Point,"[75.608482, 32.112895]"
Rajasthan,MXO,MORTHALA,NWR,"NH 14, Rajasthan",Point,"[72.8034186484, 24.502604961899998]"
Uttar Pradesh,MT,Matera,NER,"Bahraich, Uttar Pradesh",Point,"[81.55344699999999, 27.784934]"
Assam,MOBD,Moabund,NFR,"Mohbondha, Assam",Point,"[94.071748, 26.66857]"
West Bengal,MSDL,Mahisadal,SER,"Haldia Mechada via Tamluk, West Bengal",Point,"[88.010799, 22.176298999999997]"
Assam,MRG,Margherita,NFR,"Ledo, Assam",Point,"[95.6726, 27.289315000000002]"
Uttar Pradesh,MOM,Maman,NR,"National Highway 91, Uttar Pradesh",Point,"[77.86108700000001, 28.330372]"
Tamil Nadu,MTCN,Triplicane,SR,"Chennai, Tamil Nadu",Point,"[80.28020599999999, 13.054862]"
Assam,MUPA,MUPA,NFR,"Diakkawn Rd, Assam",Point,"[93.122747, 25.368686]"
Punjab,NNKR,Nanaksar,NR,"Nanaksar, Punjab",Point,"[75.419984, 30.803353]"
Maharashtra,MZRT,Murtajapur Town,CR,"Murtajapur, Maharashtra",,
Uttar Pradesh,MPUE,MAINPURI KACHRI,NCR,"Mainpuri Kachri, Uttar Pradesh",Point,"[79.06563200000001, 27.227142]"
Uttar Pradesh,MUZ,MOHIUDDINPUR,NR,"Meerut, Uttar Pradesh",Point,"[77.621531, 28.885405000000002]"
Gujarat,NADA,Nada,WR,"Mota Habipura Nada Rd, Gujarat",,
Maharashtra,NBGH,Nowbagh,CR,"Nowbagh, Maharashtra",,
Maharashtra,NEI,NEOLI,CR,"State Highway 77, Maharashtra",Point,"[76.303949, 18.387703000000002]"
Rajasthan,NKRA,Nokhra,?,"Nokhra, Rajasthan",Point,"[72.6654016473, 27.607994992800002]"
Karnataka,MWM,MALLESWARAM,SWR,"Bengaluru, Karnataka",Point,"[77.56320699999999, 13.001289]"
Rajasthan,NGLT,NAGLATULA,NCR,"Bayana, Rajasthan",Point,"[77.421273, 26.92382]"
,NDLH,Nandlalee Halt,?,,,
Maharashtra,MVO,MANWATH ROAD,SCR,"Parbhani, Maharashtra",Point,"[76.534516, 19.358161]"
Chhattisgarh,NGE,NAGAR,SECR,"National Highway 78, Chhattisgarh",Point,"[82.459164, 23.315091]"
Punjab,MXH,MAKHU,NR,"Makhnu, Punjab",Point,"[74.983505, 31.105935]"
Tamil Nadu,NCR,Nagore,SR,"Nagore, Tamil Nadu",Point,"[79.846188, 10.818430000000001]"
Andhra Pradesh,MZL,MIRZAPALI,SCR,"Medak, Andhra Pradesh",Point,"[78.41529899999999, 18.017962999999998]"
Maharashtra,KKG,KEKATUMAR,SCR,"Washim, Maharashtra",Point,"[77.10081100000001, 20.012339]"
Punjab,MWX,MALLANWALA KHAS,NR,"Mallanwala, Punjab",Point,"[74.8134271344, 31.0470049078]"
Uttar Pradesh,MXY,MAHUARIYA,ECR,"Sonebhadra, Uttar Pradesh",Point,"[83.3105186481, 24.227740021099997]"
Madhya Pradesh,MZHL,MAJHAOLI,WCR,"Bargawa, Madhya Pradesh",Point,"[82.37057999999999, 24.136642000000002]"
Andhra Pradesh,MYL,MALLIYALA,SCR,"Kurnool, Andhra Pradesh",Point,"[77.77675500000001, 15.397805]"
Karnataka,NGR,ANNIGERI,SWR,"Dist. Dharwad, Karnataka",Point,"[75.43085099999999, 15.432164]"
Madhya Pradesh,MWJ,MARWASGRAM,WCR,"Madhya Pradesh, Madhya Pradesh",Point,"[81.836685, 24.098212]"
Madhya Pradesh,NDNI,Nidhani,SECR,"Ghonsor, Madhya Pradesh",Point,"[80.008415, 22.576568]"
Bihar,MZW,MANJHWE,ECR,"Manjhwe, Bihar",Point,"[85.306631, 24.814294]"
Tamil Nadu,MYU,MAYANOOR,SR,"NH 67, Tamil Nadu",Point,"[78.23651100000001, 10.954704000000001]"
Gujarat,NGA,NINGALA JN,WR,"State Highway 117, Gujarat",Point,"[71.70935200000001, 22.0252]"
Maharashtra,NIG,NAIGAON,WR,"Naigaon West, Maharashtra",Point,"[72.845954, 19.350875]"
Maharashtra,NAN,NANDGAON ROAD,KR,"Sindhudurg, Maharashtra",Point,"[73.73056000000001, 16.387453999999998]"
Assam,MXN,MARIANI JN,NFR,"Mariani, Assam",Point,"[94.30820299999999, 26.652434999999997]"
Assam,MUGN,MAHUTGAON,NFR,"B G Rd, Assam",Point,"[94.79288199999999, 26.962757]"
Assam,NAM,NAMRUP,NFR,"Borhat, Assam",Point,"[95.313642, 27.19627]"
Orissa,MVG,MALIGURA,ECoR,"Maligura Station, Orissa",Point,"[82.638614, 18.953174999999998]"
West Bengal,NGX,Nigan,ER,"Nigan, West Bengal",,
Uttar Pradesh,MUH,Murthiha,NER,"State Highway 26, Uttar Pradesh",Point,"[81.37814700000001, 28.030462]"
Tamil Nadu,MTP,Mettupalayam,SR,"Mettupalayam, Tamil Nadu",Point,"[76.934533, 11.299729]"
West Bengal,NCP,Nishchindapur,ER,"Tengrabichi, West Bengal",Point,"[88.214325, 21.973426]"
,NERH,Ner Halt,?,,Point,"[84.97536099999999, 25.017219]"
West Bengal,MYHT,Mayurhat,ER,"Mayurhat-Taraknagar Rd, West Bengal",Point,"[88.661013, 23.363017]"
Rajasthan,NAL,Nal Halt,?,"NH 15, Rajasthan",Point,"[73.21761215939999, 28.038590055100002]"
West Bengal,NKL,Nalikul,ER,"State Highway 2, West Bengal",Point,"[88.16622600000001, 22.829712999999998]"
Karnataka,MVC,Mavinkere,SWR,"Mavinkere, Karnataka",Point,"[76.201872, 12.816193]"
Karnataka,NHY,NAGANAHALLI,SWR,"Mysore District, Karnataka",Point,"[76.651081, 12.380243]"
West Bengal,NDAE,NABADWIP DHAM,ER,"Nabadwip, West Bengal",Point,"[88.356472, 23.396593]"
Chhattisgarh,NPRD,NAGPUR ROAD,SECR,"Koria, Chhattisgarh",Point,"[82.349049, 23.279379000000002]"
Tamil Nadu,NPM,NELLAIKUPPAM,SR,"Nellikuppam, Tamil Nadu",Point,"[79.66476800000001, 11.775944]"
Andhra Pradesh,NGNT,NEW GUNTUR,SCR,"Guntur City, Andhra Pradesh",Point,"[80.4582228, 16.3100404]"
Andhra Pradesh,NLRD,NECKLACE ROAD,SCR,"Hyderabad, Andhra Pradesh",Point,"[78.46287099999999, 17.423337999999998]"
West Bengal,NBE,New Barrackpore,ER,"Kolkata, West Bengal",Point,"[88.444755, 22.687235]"
Punjab,NAS,Nasrala,NR,"Distt.Hoshiarpur, Punjab",Point,"[75.84640800000001, 31.497981000000003]"
Himachal Pradesh,NGRT,NAGROTA,NR,"Nagrota Bagwan, Himachal Pradesh",Point,"[76.38879399999999, 32.108728]"
Punjab,AJTM,AJITGILL MATTA,NR,"Kotkapura Jaitu Rd, Punjab",Point,"[74.863795, 30.483469]"
Tamil Nadu,NID,NIDUR,SR,"Neivasal, Tamil Nadu",Point,"[79.645074, 11.127231]"
Maharashtra,NED,HUZUR SAHIB NANDED,SCR,"Nanded, Maharashtra",Point,"[77.31047799999999, 19.160522]"
Maharashtra,NDE,NANDRE,CR,"Sangli, Maharashtra",Point,"[74.5590299896, 16.964028561899998]"
Tamil Nadu,NGT,NAGAPPATTINAM,SR,"Nagapattinam, Tamil Nadu",Point,"[79.845998, 10.759221]"
Tamil Nadu,NPK,NORTH PANAKUDI,SR,"Panakudi, Tamil Nadu",Point,"[77.582174, 8.315971]"
Andhra Pradesh,AKE,AKANAPET,SCR,"Medak, Andhra Pradesh",Point,"[78.39630899999999, 18.110863]"
Bihar,NPV,Narpatganj,ECR,"National Highway 57, Bihar",,
Rajasthan,NRKE,Nari Khetri,NWR,"Jhunjhunu, Rajasthan",,
Maharashtra,NDPR,NANDAPUR,SCR,"Hingoli, Maharashtra",Point,"[77.2376282849, 19.5948820434]"
West Bengal,NMZ,NEW MAL JN,NFR,"National Highway 31. 03562-255097, West Bengal",Point,"[88.724837, 26.87368]"
Gujarat,NHM,NANDOL DEHEGAM,WR,"Dehegam, Gujarat",Point,"[72.815845, 23.17417]"
Kerala,NEM,NEMEM,SR,"Thiruvananthapuram, Kerala",Point,"[77.009693, 8.455233]"
Bihar,NDU,Nadauj,ECR,"Nadaul, Bihar",Point,"[85.0173352112, 25.296538788200003]"
Gujarat,RJU,Rajula City,WR,"Distt. Amreli, Gujarat",Point,"[71.45597599999999, 21.046574999999997]"
West Bengal,NMKA,Namkhana,ER,"Namkhana, West Bengal",Point,"[88.239558, 21.772235000000002]"
Punjab,NRM,Nurmahal,NR,"Philur Nurmahal Rd, Punjab",Point,"[75.601431, 31.081588999999997]"
West Bengal,NBPH,New Balarampur Halt,ER,"New Balarampur, West Bengal",Point,"[88.24737400000001, 24.051233]"
Rajasthan,PALI,Pali,NWR,"Pali, Rajasthan",Point,"[76.450856, 28.177004]"
Madhya Pradesh,NWA,Nagarwara,SECR,"Nainpur, Madhya Pradesh",Point,"[80.12340101560001, 22.210719843299998]"
,NYM,Neyamatpur,ECR,,Point,"[84.988344, 24.937206]"
,ARNG,Arunnagar,,,Point,"[79.9789721362, 20.7084913199]"
Haryana,NNL,Narnaul,NWR,"Narnaul, Haryana",Point,"[76.123133, 28.044396]"
Assam,NGAN,Nagaon,NFR,"Nagaon, Assam",Point,"[92.67253075, 26.356211990000002]"
Bihar,NRPM,Narayanpur Murli Halt,ECR,"Saraygarh, Bihar",,
Andhra Pradesh,NVC,NAGALWANCHA,SCR,"Jagannadhapuram To Matkepalli Rd, Andhra Pradesh",Point,"[80.228517, 17.07433]"
Gujarat,NRUR,Nareshwar Road,WR,"Nareshwar Rd, Gujarat",,
Rajasthan,NRWI,Narwasi,NWR,"MDR 18, Rajasthan",,
Madhya Pradesh,NRGR,NARANJIPUR,WR,"Dewas, Madhya Pradesh",Point,"[76.00915947140001, 23.047142090399998]"
Maharashtra,NSP,NALLA SOPARA,WR,"Nallasopara station Rd, Maharashtra",Point,"[72.819464, 19.418238000000002]"
Punjab,NUPR,NURPUR ROAD,NR,"Nurpur, Punjab",Point,"[75.852903, 32.281043]"
Bihar,NUIH,Neuri Halt,ECR,"Darbhanga, Bihar",,
Uttar Pradesh,NXR,Nagsar,ECR,"Ghazipur, Uttar Pradesh",,
Andhra Pradesh,PAPM,PALAT POTARAM,SCR,"National Highway 7, Andhra Pradesh",Point,"[78.4544374475, 17.7900915824]"
Tamil Nadu,NPT,NARASINGAMPET,SR,"Thiruvavaduthurai, Tamil Nadu",Point,"[79.511398, 11.034797000000001]"
Uttar Pradesh,NSU,NISUI,NR,"Aonla- Bareilly Link Rd, Uttar Pradesh",Point,"[79.236446, 28.290931]"
Karnataka,NZH,Nidaghatta,?,"Bangalore-Mysore Rd, Karnataka",,
,P,,?,,,
Bihar,NKE,NARKATIAGANJ JN,ECR,"Narkatiaganj, Bihar",Point,"[84.464045, 27.105035]"
Maharashtra,NMGT,NIMSHIRGAON TAMDALGE,CR,"Miraj Rd, Maharashtra",Point,"[74.486113, 16.769023999999998]"
Delhi NCT,NNO,NANGLOI,NR,"JJ Colony No 1, Delhi NCT",Point,"[77.05696599999999, 28.686261000000002]"
Maharashtra,NSL,NAGARSOL,SCR,"Nashik, Maharashtra",Point,"[74.541646, 20.102455]"
Haryana,NRW,NARWANA JN,NR,"Way to Narwana, Haryana",Point,"[76.109286, 29.588632]"
Tamil Nadu,NMJ,NIDAMANGALAM,SR,"Needamangalam, Tamil Nadu",Point,"[79.412736, 10.773563999999999]"
Haryana,NLH,NAULTHA,NR,"Brahman Majra, Haryana",Point,"[76.889707, 29.318787999999998]"
Madhya Pradesh,NWB,NIWAS ROAD,WCR,"Sidhi, Madhya Pradesh",Point,"[82.013256, 24.053618]"
Punjab,NPX,NARINDARPURA,NR,"Mansa, Punjab",Point,"[75.476271, 29.951767]"
Uttar Pradesh,NTG,NURSRATABAD KHARKHAR,NR,"State Highway 57, Uttar Pradesh",Point,"[77.307785, 28.775277]"
Tripura,PASG,Panisagar,NFR,"Panisagar, Tripura",Point,"[92.149035, 24.27276]"
West Bengal,NLSF,NIYALISH PARA,ER,"Berhampore, West Bengal",Point,"[88.246367, 24.156525000000002]"
Madhya Pradesh,PDE,Pindrai,SECR,"State Highway 11A, Madhya Pradesh",Point,"[80.0462042108, 22.511799793599998]"
Tamil Nadu,NNN,NANGUNERI,SR,"Nanguneri, Tamil Nadu",Point,"[77.66259199999999, 8.4891]"
West Bengal,ODM,ONDAGRAM,SER,"Onda, West Bengal",Point,"[87.202275, 23.147973999999998]"
Karnataka,NYH,NAYANDAHALLI,SWR,"Bengaluru, Karnataka",Point,"[77.520696, 12.941162]"
Assam,NNGE,NARANGI,NFR,"Panikhaiti, Assam",Point,"[91.83577600000001, 26.182961000000002]"
Assam,NTSK,NEW TINSUKIA JN,NFR,"A T Rd, Assam",Point,"[95.334128, 27.479748]"
Maharashtra,AKI,ADARKI,CR,"Pune, Maharashtra",Point,"[74.189651, 17.918333]"
Bihar,NMA,Nirmali,ECR,"Supaul, Bihar",Point,"[86.57461500000001, 26.305325]"
Andhra Pradesh,NS,Narasapur,SCR,"Narsapur, Andhra Pradesh",Point,"[81.699909, 16.445891]"
Bihar,NLD,Nalanda,ECR,"National Highway 82, Bihar",Point,"[85.46277400000001, 25.122359]"
Uttar Pradesh,SSC,Shahi,NER,"Shahi, Uttar Pradesh",Point,"[79.69100300000001, 28.588172999999998]"
Chhattisgarh,NKX,NAKTISEMRA,ECoR,"Jagdalpur, Chhattisgarh",Point,"[82.07392999999999, 19.062273]"
Rajasthan,OTD,Ootwar,NCR,"Alwar, Rajasthan",Point,"[76.73256, 27.626063]"
Gujarat,PDRA,Padra,WR,"Padra, Gujarat",Point,"[73.09017872437835, 22.237238915003488]"
Gujarat,OD,Od,WR,"Od, Gujarat",Point,"[73.07946299999999, 22.65471]"
Rajasthan,NUA,Nua,NWR,"Jhunjhunu, Rajasthan",Point,"[75.28570594266057, 28.058125832368518]"
Kerala,TUV,Tuvvur,SR,"Thuvvur, Kerala",Point,"[76.282913, 11.120495]"
West Bengal,NSF,Nasibpur,ER,"State Highway 2, West Bengal",Point,"[88.262036, 22.804834999999997]"
West Bengal,NRPR,Narendrapur Halt,ER,"Kolkata, West Bengal",Point,"[88.41769, 22.453419999999998]"
Jharkhand,NJA,Nagjua,SER,"Ranchi, Jharkhand",Point,"[84.9668384277, 23.3782939954]"
Haryana,NNU,Nangal Mundi,NWR,"State Highway 24, Haryana",Point,"[76.499193, 28.250468]"
Orissa,BHJA,Bheja,ECoR,"Bheja Station, Orissa",Point,"[82.68546380999999, 18.47264914]"
West Bengal,NTA,Netra,ER,"National Highway 117, West Bengal",Point,"[88.25409499999999, 22.208105]"
,NZP,Niyazipur Halt,?,,Point,"[84.98843942260001, 25.143791455699997]"
West Bengal,PDPK,PADMAPUKAR,SER,"Howrah, West Bengal",Point,"[88.3062197015, 22.5683088157]"
Maharashtra,PCP,PALSAP,CR,"State Highway 77, Maharashtra",Point,"[76.191169, 18.357557]"
Karnataka,PDNR,PADNUR,SWR,"Shegao to Alagi Rd, Karnataka",Point,"[75.9846818945, 17.3223703821]"
Maharashtra,PARD,PATHRAD,SCR,"Huzur Sahib Nanded, Maharashtra",Point,"[77.39203, 19.18427]"
Tamil Nadu,PALR,PALUR,SR,"SH 58, Tamil Nadu",Point,"[79.90699699999999, 12.766651]"
Madhya Pradesh,PKRD,PAKARA ROAD,WCR,"Pakara, Madhya Pradesh",Point,"[80.505599, 24.0512]"
Tamil Nadu,PGR,PUGALUR,SR,"Karur, Tamil Nadu",Point,"[77.99070900000001, 11.051701999999999]"
Madhya Pradesh,NWR,NIWAR,WCR,"Katni, Madhya Pradesh",Point,"[80.3695901074, 23.7204627184]"
Gujarat,OKHA,OKHA,WR,"Okha, Gujarat",Point,"[69.073775, 22.470959999999998]"
Gujarat,OKD,OKHA MADHI,WR,"NH 8E, Gujarat",Point,"[69.1038005835, 22.0956416097]"
Punjab,NRO,Nakodar Junction,NR,"Nakodar, Punjab",Point,"[75.47560800000001, 31.111697]"
Karnataka,NTR,NITTUR,SWR,"NH 206, Karnataka",Point,"[76.8558716895, 13.3016546778]"
Rajasthan,PGK,PILI BANGAN,NWR,"Pilibanga, Rajasthan",Point,"[74.079282, 29.483825]"
Bihar,PEE,Paterhi,NER,"Saran, Bihar",Point,"[84.80548800000001, 25.923565]"
Rajasthan,NTZ,NATHWANA,NWR,"Malkisar, Rajasthan",Point,"[73.813703, 28.563319]"
Gujarat,NUD,NAVAGADH,WR,"Jetpur, Gujarat",Point,"[70.61672100000001, 21.764344]"
Punjab,PKZ,PIPLI PAKHI KALAN,NR,"Faridkot, Punjab",Point,"[74.732879, 30.732663]"
Rajasthan,PIH,Parhihara,NWR,"Sujangarh, Rajasthan",Point,"[74.559809, 27.926801]"
Maharashtra,NVRD,NAVADE ROAD,CR,"Ghotkamp Koyana vele, Maharashtra",Point,"[73.102716, 19.052388999999998]"
Orissa,OND,Aunlajori Junction,SER,"Mayurbhanj, Orissa",Point,"[86.16420749999999, 22.440956]"
,NAND,NANDIKUR,,,Point,"[74.806474, 13.133125]"
Karnataka,NTW,NANJANGUD TOWN,SWR,"Nanjangudu, Karnataka",Point,"[76.68442999999999, 12.12211]"
Maharashtra,PL,Mumbai Lower Parel,WR,"Mumbai, Maharashtra",Point,"[72.82961999999999, 18.994919]"
Tamil Nadu,NVL,Neyveli,SR,"SH 10, Tamil Nadu",Point,"[79.47622299999999, 11.538814]"
Uttar Pradesh,OBR,OBRA DAM,ECR,"Obra, Uttar Pradesh",Point,"[82.975949, 24.438661]"
West Bengal,PCX,Pagla Chandi,ER,"National Highway 34, West Bengal",Point,"[88.303969, 23.743195]"
Tamil Nadu,PDKT,Pudukkottai,SR,"Pudukkottai, Tamil Nadu",Point,"[78.801946, 10.372456999999999]"
Madhya Pradesh,PED,Pipardahi,SECR,"SH 26, Madhya Pradesh",Point,"[79.41266, 22.052145]"
Tamil Nadu,NZT,Nazareth,SR,"Thoothukudi, Tamil Nadu",Point,"[77.976271, 8.563997]"
Maharashtra,PHU,Pahur,CR,"Pahur, Maharashtra",,
Gujarat,PIJ,Pij,WR,"State Highway 149, Gujarat",,
Kerala,PKP,Pallikkara,SR,"Kasaragod, Kerala",,
Gujarat,PCC,Prachi Road Junction,WR,"Jambur, Gujarat",Point,"[70.68701800000001, 20.988298]"
Tamil Nadu,PKT,Pattukottai,SR,"Pattukkottai, Tamil Nadu",,
Karnataka,AKK,Akkihebbalu,SWR,"Mandya District, Karnataka",Point,"[76.37759799999999, 12.62489]"
Tripura,PEC,Pencharthal,NFR,"Pecharthal, Tripura",Point,"[92.10823, 24.196225]"
Punjab,NSS,Nawanshahr Doaba Junction,NR,"Bhaddi, Punjab",Point,"[76.108571, 31.1213]"
Punjab,KRSW,Kohar Singhwala,NR,"State Highway 20, Punjab",Point,"[74.44582399999999, 30.76024]"
Assam,PKGM,Phakhoagram,NFR,"Phakhoagram, Assam",Point,"[92.342438, 24.641534]"
Bihar,PJLE,Panjwara Road,ER,"Mandar, Bihar",Point,"[87.0136837024, 24.8770456448]"
Punjab,PHS,Ferozeshah,NR,"Firozpur Rd, Punjab",Point,"[74.78411, 30.887454]"
Uttar Pradesh,PHX,PATHAKPUR,NR,"Chandausi, Uttar Pradesh",Point,"[78.580494, 28.369685]"
Orissa,PRDP,Paradip,ECoR,"Paradip, Orissa",Point,"[86.62014099999999, 20.280364]"
West Bengal,PCR,PANCHRA,ER,"Birbhum, West Bengal",Point,"[87.330151, 23.771990000000002]"
Bihar,PMYA,PARMINIYA HALT,ECR,"Parminiya, Bihar",Point,"[86.59504241879999, 25.826562590800002]"
Gujarat,PDH,PADADHARI,WR,"Paddhari, Gujarat",Point,"[70.60534299999999, 22.429596]"
Bihar,PMI,PAIMAR,ECR,"Paimar, Bihar",Point,"[85.112409, 24.806929]"
Maharashtra,PG,PERGAON,SCR,"Parbhani, Maharashtra",Point,"[76.67346400000001, 19.294984]"
Maharashtra,PIZ,PINGLI,SCR,"Parbhani, Maharashtra",Point,"[76.8577266418, 19.21840134]"
,KRSH,KARAMGARH SDRGH,,,Point,"[74.748627, 30.213009]"
Rajasthan,PDQ,PADLA,NWR,"Padla, Rajasthan",Point,"[73.778291, 24.306134999999998]"
Gujarat,PCT,PANCHTALAVDA ROAD,WR,"SH 115, Gujarat",Point,"[71.474264, 21.662813]"
Madhya Pradesh,PGL,PAGDHAL,WCR,"Pagdhal, Madhya Pradesh",Point,"[77.351451, 22.42054]"
Assam,PHI,PANIKHAITI,NFR,"Chandrapur Rd, Assam",Point,"[91.8757005432, 26.2119648863]"
Bihar,PIRO,Piro,ECR,"Piro, Bihar",Point,"[84.4205444342, 25.321358352999997]"
Tamil Nadu,PML,PAPANASAM,SR,"Rajagiri, Tamil Nadu",Point,"[79.26854200000001, 10.922767]"
Uttar Pradesh,PMM,PARSEHRA MAL,NER,"Parsehra, Uttar Pradesh",Point,"[80.72917899999999, 27.729917]"
,PNYA,PANIAHWA,NER,,Point,"[83.933839, 27.167486]"
Tamil Nadu,PMK,PARAMAKKUDI,SR,"Paramagudi, Tamil Nadu",Point,"[78.591131, 9.539071]"
Maharashtra,PR,MUMBAI PAREL,CR,"Mumbai, Maharashtra",Point,"[72.83750400000001, 19.009045]"
West Bengal,PBA,PIARDOBA,SER,"Bankura, West Bengal",Point,"[87.322164, 22.956881]"
Kerala,PGTN,PALGHAT TOWN,SR,"Palakkad, Kerala",Point,"[76.65216699999999, 10.7753892]"
Maharashtra,PNVL,PANVEL,CR,"Panvel, Maharashtra",Point,"[73.121756, 18.990918999999998]"
Kerala,PAZ,PAYANGADI,SR,"Kannur District, Kerala",Point,"[75.2596, 12.021507999999999]"
Kerala,PEU,PERSSANNUR,SR,"Koodallur, Kerala",Point,"[76.065488, 10.840824]"
Bihar,PFT,Pothahi,ECR,"Pothahi, Bihar",Point,"[85.098643, 25.486605]"
,PNUG,Punpun Ghat Halt,?,,Point,"[85.1099123547, 25.5255878987]"
Maharashtra,PMGN,Pimpalgaon,CR,"Pimpalgaon, Maharashtra",,
Maharashtra,POHE,Pohe,CR,"Pohe, Maharashtra",,
Bihar,PPV,Pratapganj,ECR,"Pratapganj, Bihar",,
West Bengal,PLF,Piali,ER,"Champahati To Peyali Rd, West Bengal",Point,"[88.51744099999999, 22.388254]"
Maharashtra,PRGT,Pargothan,CR,"Wardha, Maharashtra",,
Gujarat,PRKA,Parikha,WR,"Gujarat, Gujarat",,
Bihar,PRNC,Purnia Court,ECR,"Purnia, Bihar",,
Andhra Pradesh,PIL,Piler,SCR,"Piler Station, Andhra Pradesh",Point,"[78.927499, 13.662347]"
Gujarat,PIT,Palitana,WR,"Palitana, Gujarat",Point,"[71.82319700000001, 21.538300999999997]"
West Bengal,PNCB,Pancheberia,ER,"Haranath Para Ln, West Bengal",Point,"[88.599435, 23.221017]"
Rajasthan,PLC,Phalodi Junction,NWR,"Phalodi, Rajasthan",Point,"[72.366743, 27.124794]"
Gujarat,PAVI,Pavi,WR,"Vadodara, Gujarat",Point,"[73.840166, 22.342282]"
Haryana,PHWR,Pehowa Road,NR,"Haryana, Haryana",Point,"[76.6204606189, 29.88477778]"
Punjab,PPB,Partabpura,NR,"Partabpura, Punjab",Point,"[75.71438400000001, 31.052119]"
Orissa,PLH,Parlakhemundi,ECoR,"Paralakhemundi, Orissa",Point,"[84.08063800000001, 18.786579]"
West Bengal,PDX,Payradanga,ER,"Payradanga, West Bengal",Point,"[88.545481, 23.128660999999997]"
Haryana,PDS,Pindarsi,NR,"Haryana, Haryana",Point,"[76.70440469360001, 29.9189828048]"
Tamil Nadu,PCO,Palayankottai,SR,"Tirunelveli, Tamil Nadu",Point,"[77.738083, 8.709862]"
Rajasthan,PMO,Pandoli,NWR,"State Highway 9, Rajasthan",Point,"[74.39939700000001, 24.866567]"
Bihar,PQE,Pawapuri Road,ECR,"Distt Nalanda, Bihar",Point,"[85.511715, 25.159209999999998]"
Assam,PNGM,PANCHGRAM,NFR,"Panchgram, Assam",Point,"[92.598318, 24.864358]"
Uttar Pradesh,PLS,PIPALSANA,NER,"State Highway 49, Uttar Pradesh",Point,"[78.83533, 28.952153]"
Maharashtra,PJR,PANGRI,CR,"State Highway 77, Maharashtra",Point,"[75.86677300480001, 18.283703174]"
Himachal Pradesh,PLMX,PALAMPUR HIMACHAL,NR,"Palampur, Himachal Pradesh",Point,"[76.54001000000001, 32.069052]"
Rajasthan,PRU,PARLU,NWR,"Parlu, Rajasthan",Point,"[72.4319, 25.823775]"
Madhya Pradesh,PJH,Pirjhalar,WR,"Ratlam, Madhya Pradesh",Point,"[75.5313135, 23.2603976]"
Gujarat,PPLI,PIPLI,WR,"Jamnagar, Gujarat",Point,"[69.934426, 22.345082]"
Uttar Pradesh,PRTP,PARTAPUR,NR,"Meerut, Uttar Pradesh",Point,"[77.648699, 28.925112000000002]"
Tamil Nadu,PYM,PANDIYAPURAM,SR,"State HIghway 75, Tamil Nadu",Point,"[77.971557, 8.855091]"
Punjab,PJA,PAJIAN,NR,"Kapurthala, Punjab",Point,"[75.288498, 31.264295]"
Madhya Pradesh,RAMP,Rampuri,SECR,"Bamhani, Madhya Pradesh",Point,"[80.259304, 22.410159]"
Rajasthan,PNGR,PINGORA,WCR,"SH 1, Rajasthan",Point,"[77.37130900000001, 27.087305999999998]"
Madhya Pradesh,PUE,Palari,SECR,"State Highway 11A, Madhya Pradesh",Point,"[79.815973, 22.301904]"
Uttar Pradesh,PUF,Pauta,NER,"Pauta, Uttar Pradesh",Point,"[79.8118731085, 28.4516032684]"
Haryana,PKDE,PILU KHERA,NR,"Jind, Haryana",Point,"[76.49388, 29.354607]"
Uttar Pradesh,PLWR,Phulwaria,NER,"Phulwaria, Uttar Pradesh",Point,"[84.255615343, 26.4688026951]"
Madhya Pradesh,PNJ,Padriganj,SECR,"Nainpur, Madhya Pradesh",Point,"[80.11383797849999, 22.3172086118]"
Madhya Pradesh,RAU,Rau,WR,"Rau, Madhya Pradesh",Point,"[75.80494999999999, 22.633145]"
,TIK,Tik,NR,,Point,"[76.52731516850001, 29.8508008993]"
Madhya Pradesh,PRDL,Paradol,SECR,"Manendragarh, Madhya Pradesh",Point,"[82.188481, 23.25057]"
Kerala,TUA,TIRUNNAVAYA,SR,"Thirunavaya, Kerala",Point,"[75.985675, 10.874721]"
Kerala,PNPR,PUNNAPURA,SR,"Alappuzha, Kerala",Point,"[76.333771, 9.449651]"
Kerala,PUPR,PUNNAPRA,SR,"Alappuzha, Kerala",Point,"[76.342348, 9.423187]"
Uttar Pradesh,PLP,PHULPUR,NR,"Phulpur, Uttar Pradesh",Point,"[82.091535, 25.552533999999998]"
Uttar Pradesh,PRG,PRAYAG,NR,"Allahabad, Uttar Pradesh",Point,"[81.867081, 25.467939]"
Rajasthan,PMY,PALI MARWAR,NWR,"Pali, Rajasthan",Point,"[73.327309, 25.790692]"
Madhya Pradesh,PRNG,Pritam Nagar,WR,"Ratlam, Madhya Pradesh",,
Bihar,PTG,Patna Ghat,ECR,"Sabalpur, Bihar",,
Maharashtra,PTRT,Pathrot,CR,"Amravati, Maharashtra",,
West Bengal,PRTL,Pirtala,ER,"Pirtala, West Bengal",Point,"[88.28058300000001, 24.359325000000002]"
Punjab,PMQ,Parna Nand,NR,"National Highway 15, Punjab",Point,"[75.49578699999999, 32.169809]"
Tamil Nadu,PVI,Peravurani,SR,"Peravurani, Tamil Nadu",,
Gujarat,RAS,Ras,WR,"Bhadran, Gujarat",,
Andhra Pradesh,PKO,Palakollu,SCR,"Palakollu, Andhra Pradesh",Point,"[81.717145, 16.522244]"
Andhra Pradesh,POA,Palikona,SCR,"Bhattiprolu, Andhra Pradesh",Point,"[80.80435100000001, 16.061989]"
Madhya Pradesh,PSK,Paradsinga Halt,SECR,"Paradsinga, Madhya Pradesh",Point,"[78.854197, 21.541244]"
Assam,PTKD,Patharkandi,NFR,"Patharkandi, Assam",Point,"[92.31911, 24.604506]"
Rajasthan,PKBS,Peeplee-ka-bas,NWR,"MDR 59, Rajasthan",Point,"[75.268809, 26.909188999999998]"
Bihar,PNSA,Punsia,ER,"Punsia, Bihar",Point,"[87.0037506653, 24.9531673111]"
Uttar Pradesh,KRSL,Krishnashilla,ECR,"Sonebhadra, Uttar Pradesh",Point,"[82.7684964, 24.1550254]"
Punjab,PTE,Patiala Cantt.,NR,"Patiala, Punjab",Point,"[76.379064, 30.341138]"
Haryana,PLT,Pirthala Llauda,NR,"Tohana, Haryana",Point,"[75.866432, 29.628831]"
Punjab,RHW,ROHIRA GHALUGHRA,NR,"Sangrur, Punjab",Point,"[75.8416662744, 30.6369312333]"
Karnataka,PRKH,PARKANHATTI,SWR,"Parakanhatti, Karnataka",Point,"[74.695447, 16.140169]"
Madhya Pradesh,RAKL,RETHORAKALAN,NCR,"Malanpur, Madhya Pradesh",Point,"[78.240156, 26.397857000000002]"
Karnataka,RDI,KARDI,SWR,"Karadi Cross, Karnataka",Point,"[76.5736995709, 13.2673774949]"
Rajasthan,RKR,RANIKUND RARAH,WCR,"Rarah, Rajasthan",Point,"[77.55550000000001, 27.324191]"
Uttar Pradesh,RMGJ,RAMGANJ,NR,"State Highway 9, Uttar Pradesh",Point,"[82.020731, 26.049173999999997]"
Haryana,PT,PATLI,NR,"Gurgaon, Haryana",Point,"[76.85347200000001, 28.399583000000003]"
Rajasthan,POR,PIPALDA ROAD,WCR,"Baren, Rajasthan",Point,"[76.616541, 24.956611]"
Haryana,PTRD,PATAUDI ROAD,NR,"Hailley Mandi, Haryana",Point,"[76.755565, 28.350738]"
Maharashtra,PSD,PARSODA,SCR,"Rotegaon, Maharashtra",Point,"[74.8751352301, 19.953696573000002]"
Maharashtra,POZ,POTUL,SCR,"Lasur, Maharashtra",Point,"[75.12177700000001, 19.918567]"
Uttar Pradesh,PRKE,PURUA KHERA,NR,"Bijnour, Uttar Pradesh",Point,"[78.94859100000001, 28.38702]"
Uttar Pradesh,RBK,REOTI BAHORA KHERA,NR,"Reoti B Khera, Uttar Pradesh",Point,"[79.107047, 28.318709]"
Andhra Pradesh,VMU,Vemuru,SCR,"Coastal Andhra Region, Andhra Pradesh",Point,"[80.743187, 16.178119]"
Tamil Nadu,RDY,REDIPALAYAM,SR,"State Highway 58, Tamil Nadu",Point,"[79.94717999999999, 12.736973]"
Uttar Pradesh,PPKD,PAPRAKUND,ECR,"Obra, Uttar Pradesh",Point,"[82.93171099999999, 24.42109]"
Maharashtra,RAJP,RAJAPUR ROAD,KR,"Ratnagiri, Maharashtra",Point,"[73.626565, 16.635175]"
Rajasthan,RANI,RANI,NWR,"Rania, Rajasthan",Point,"[73.31039, 25.347582]"
Kerala,PPNS,PAPPINISSERY,SR,"Kannur District, Kerala",Point,"[75.347422, 11.941779]"
Uttar Pradesh,PRZ,Parsa,NER,"Itwa Badhayan Rd, Uttar Pradesh",Point,"[82.908499, 27.435147999999998]"
Rajasthan,PSLI,Parsoli,WCR,"NH 76, Rajasthan",Point,"[74.875358, 25.113462000000002]"
Andhra Pradesh,RAL,Repalle,SCR,"Repalle, Andhra Pradesh",Point,"[80.828736, 16.019794]"
Madhya Pradesh,RJQ,Rajendranagar,WR,"Indore, Madhya Pradesh",Point,"[75.82954600000001, 22.670031]"
Punjab,RHU,Rahon,NR,"Rahon, Punjab",Point,"[76.10892366617918, 31.059323805951863]"
Assam,RAHA,Raha,NFR,"Roha, Assam",Point,"[92.522244, 26.225359]"
Tamil Nadu,PRES,Pattabiram East,SR,"Pattabiram, Tamil Nadu",Point,"[80.068704, 13.145847999999999]"
Orissa,RCTC,Raghunathpur,ECoR,"Raghunathpur, Orissa",Point,"[86.14960500000001, 20.351679]"
Bihar,PRBZ,Parsa Bazar,ECR,"NH 83, Bihar",Point,"[85.11887899999999, 25.550023]"
Bihar,RGV,Rathopur,ECR,"Saraygarh, Bihar",,
Orissa,PRNR,Porjanpur,?,"National Highway 215, Orissa",Point,"[85.521374, 21.789139000000002]"
Madhya Pradesh,PPCK,Pipalwali Chowk,NCR,"Pipalwali Chowk, Madhya Pradesh",Point,"[77.470826, 26.266253]"
Uttar Pradesh,RNIR,Rajnarainpur,NER,"State Highway 90, Uttar Pradesh",Point,"[80.418359, 28.313863]"
Bihar,PPN,Punpun,ECR,"Patna, Bihar",Point,"[85.09876768800001, 25.488229642500002]"
Bihar,RBN,Raghubans Nagar,ECR,"Raghubans Nagar, Bihar",Point,"[87.060056, 25.756709]"
Madhya Pradesh,RMO,Ramakona,SECR,"State Highway 19, Madhya Pradesh",Point,"[78.826509, 21.684348999999997]"
Rajasthan,RAH,Ramgarh,NCR,"Alwar, Rajasthan",Point,"[76.811256, 27.576612]"
,TNRI,Teneri Halt,?,,Point,"[85.02551828, 25.3146062619]"
Himachal Pradesh,PTRJ,PATTI RAJPURA HALT,NR,"Majhairan, Himachal Pradesh",Point,"[76.53987000000001, 32.068766000000004]"
Madhya Pradesh,PTWA,PATWARA,WCR,"Katni, Madhya Pradesh",Point,"[80.4137045734, 23.9143072844]"
Assam,PUY,Phulaguri,NFR,"National Highway 37, Assam",Point,"[92.592784, 26.270537]"
Madhya Pradesh,RENH,RENHAT,WCR,"Shivpuri, Madhya Pradesh",Point,"[77.83368499999999, 25.979937999999997]"
Haryana,RE,REWARI,NWR,"Rewari, Haryana",Point,"[76.609414, 28.202779000000003]"
Rajasthan,RHG,RAJGARH,NWR,"Rajgarh, Rajasthan",Point,"[76.607541, 27.240827]"
Rajasthan,RMH,RANGMAHAL,NWR,"Sri Ganganagar, Rajasthan",Point,"[73.974734, 29.405815999999998]"
Gujarat,RA,RAMPARDA,WR,"Surendranagar, Gujarat",Point,"[71.352035, 22.634966]"
Uttar Pradesh,RGLI,RANGAULI,NCR,"Mahoba, Uttar Pradesh",Point,"[79.887282, 25.150233]"
Uttarakhand,RMR,RAMNAGAR,NER,"Ramnagar, Uttarakhand",Point,"[79.12223900000001, 29.390223]"
West Bengal,RKI,RAMKANALI JN,SER,"Purulia, West Bengal",Point,"[86.76233599999999, 23.579891]"
Goa,QLM,KULEM,SWR,"South Goa Distt., Goa",Point,"[74.24423, 15.334036]"
Bihar,RRE,Rahul Road,ECR,"National Highway 31, Bihar",Point,"[85.5309343896, 25.274192601499998]"
Rajasthan,RMSR,RAMSINGHPUR,NWR,"Ramsinghpur, Rajasthan",Point,"[73.39886600000001, 29.185337]"
Kerala,PYOL,PAYYOLI,SR,"Payyoli, Kerala",Point,"[75.617595, 11.516715999999999]"
Assam,RPB,Rupasibari,NFR,"National Highway 44, Assam",Point,"[92.529502, 24.855344]"
Kerala,PUM,PALLIPPURAM,SR,"Palakkad, Kerala",Point,"[76.1123604352, 10.8413738184]"
Bihar,RGD,Rajgir,ECR,"Rajgir, Bihar",Point,"[85.41469699999999, 25.033068999999998]"
Rajasthan,RGS,Ringas Junction,NWR,"Ringas, Rajasthan",Point,"[75.56360400000001, 27.373379]"
Assam,RTBR,Ratabari,NFR,"Ratabari, Assam",Point,"[92.416927, 24.572086000000002]"
Assam,RGJI,RANGJULI,NFR,"Rangjuli Railway Station, Assam",Point,"[90.95595800000001, 25.988405]"
Bihar,RPLY,Rupauli,ECR,"Murliganj, Bihar",Point,"[87.057937, 25.879328]"
Rajasthan,PW,Pirwa,NWR,"Degana, Rajasthan",Point,"[74.46727399999999, 27.235415]"
Andhra Pradesh,RDG,Rayadurg,SWR,"Rayadurg, Andhra Pradesh",Point,"[76.856828, 14.705815]"
Gujarat,RPP,Ranu Pipri,WR,"Gujarat, Gujarat",,
,RSMN,Ramgovindsingh Mahuli Halt,?,,Point,"[85.11323059809999, 25.5318741843]"
Rajasthan,RJR,Rajaldesar,NWR,"Rajaldesar, Rajasthan",Point,"[74.47771200000001, 28.033672]"
Bihar,RPV,Rajapatti,NER,"Musepur To Rajapatti Railway Statipn, Bihar",Point,"[84.80838331540001, 26.1808149265]"
Assam,PUQ,Puranigudam,NFR,"Puranigudam, Assam",Point,"[92.78676899999999, 26.36319]"
Uttar Pradesh,PTRE,Patara,NCR,"Kanpur Nagar, Uttar Pradesh",Point,"[80.203446, 26.232167999999998]"
West Bengal,RGJ,RaiGanj,NFR,"Raiganj, West Bengal",Point,"[88.127696, 25.619125]"
Maharashtra,TUD,Talodhi Road,SECR,"Nagbhir, Maharashtra",Point,"[79.736073, 20.454247000000002]"
Maharashtra,RM,Rajmane,CR,"Kunzar Rd, Maharashtra",Point,"[74.941672, 20.643085]"
Punjab,RMN,Raman,NWR,"Rama Mandi, Punjab",Point,"[74.96208800000001, 29.959833999999997]"
Haryana,RPHR,Raipur Hariyana Junction,NR,"Hisar, Haryana",Point,"[75.772834, 29.158401]"
Haryana,QTP,Quatabpur,NR,"Haryana, Haryana",Point,"[76.349742, 29.763968]"
Uttar Pradesh,RBJ,Raibojha,NER,"State Highway 26, Uttar Pradesh",Point,"[81.471651, 27.971208999999998]"
Assam,RWH,Rowriah Sdg,NFR,"Jorhat, Assam",Point,"[94.17244099999999, 26.721887]"
Uttarakhand,RWL,RAIWALA,NR,"Rishikesh, Uttarakhand",Point,"[78.209877, 30.032143]"
Rajasthan,RPI,RUPAHELI,NWR,"Bhilwara, Rajasthan",Point,"[74.635807, 25.771723]"
Uttar Pradesh,RNA,ROHANA KALAN,NR,"Muzaffarnagar, Uttar Pradesh",Point,"[77.68575799999999, 29.575725]"
Maharashtra,RKD,RUKADI,CR,"Kolhapur, Maharashtra",Point,"[74.356715, 16.724871999999998]"
Maharashtra,RNE,RANJANI,SCR,"Jalna, Maharashtra",Point,"[76.107028, 19.646129]"
Nagaland,RXRX,RANGAPAHAR CRS,NFR,"Diphu Rd, Nagaland",Point,"[93.715179, 25.868228]"
Punjab,SAG,SANGRUR,NR,"Sangrur, Punjab",Point,"[75.8305174701, 30.2437913998]"
Maharashtra,SAH,SAPHALE,WR,"Thane, Maharashtra",Point,"[72.82182599999999, 19.576592]"
Gujarat,RUJ,RANUJ,WR,"Patan, Gujarat",Point,"[72.21524, 23.75937]"
Karnataka,RNR,RANIBENNUR,SWR,"Ranebennur, Karnataka",Point,"[75.635054, 14.625461]"
Karnataka,RRB,BIRUR JN,SWR,"Birur, Karnataka",Point,"[75.974749, 13.591101]"
Bihar,RIGA,RIGA,ECR,"Barahwa, Bihar",Point,"[85.425711, 26.644544]"
Tamil Nadu,VMP,VALLAMPADUGAI,SR,"Vallampadugai, Tamil Nadu",Point,"[79.708219, 11.350091]"
Tamil Nadu,RMM,RAMESWARAM,SR,"Rameshwaram, Tamil Nadu",Point,"[79.306787, 9.280973]"
Gujarat,SAZ,Samni,WR,"Samni, Gujarat",Point,"[72.92457042261958, 21.852581313966382]"
Uttar Pradesh,RPMN,RAMPURMANI HARA,NR,"Saharanpur, Uttar Pradesh",Point,"[77.4598714294, 29.8055980689]"
Punjab,SASN,SAS NAGAR MOHALI,NR,"Mohali, Punjab",Point,"[76.739952, 30.666125]"
Gujarat,RNBD,RANA BORDI,WR,"State Highway 27, Gujarat",Point,"[69.79191399999999, 21.714732]"
Haryana,RKX,RUKHI,NR,"Sonepat, Haryana",Point,"[76.679535, 29.090127000000003]"
Rajasthan,RXW,Ratangarh West,NWR,"Ratangarh, Rajasthan",Point,"[74.61020425893366, 28.072785335054363]"
Uttar Pradesh,RNQ,RENUKUT,ECR,"Sonbhadra, Uttar Pradesh",Point,"[83.039896, 24.203558]"
Maharashtra,ROHA,ROHA,CR,"Roha, Maharashtra",Point,"[73.12357712000001, 18.44649043]"
Haryana,ROK,ROHTAK JN,NR,"Rohtak, Haryana",Point,"[76.57955000000001, 28.890904]"
Punjab,RLS,ROMANA ALBEL SINGH,NR,"Kotkapura Jaitu Rd, Punjab",Point,"[74.850048, 30.510636]"
Uttar Pradesh,RRS,Raghuraj Singh,NR,"Raghuraj Singh Railway Station, Uttar Pradesh",Point,"[80.87966899999999, 26.255836]"
Gujarat,RUR,RANPUR,WR,"Ranpur, Gujarat",Point,"[71.717303, 22.359871000000002]"
Bihar,RVT,Revelganj Ghat,NER,"Ghaghra Bank, Bihar",,
Gujarat,RW,Rankua,WR,"Gujarat, Gujarat",,
Uttar Pradesh,SAHA,Sarahula,ECR,"Dildarnagar, Uttar Pradesh",,
West Bengal,SAD,Sonada,NFR,"Sonada, West Bengal",Point,"[88.273323, 26.960337]"
Uttar Pradesh,RJ,Rawat Ganj,NER,"National Highway 29, Uttar Pradesh",Point,"[83.2858752405, 26.9578306035]"
West Bengal,RGX,Raghunathbari,SER,"Panskura - Tamluk Rd, West Bengal",Point,"[87.797247, 22.353228]"
Madhya Pradesh,RNJ,Runija,WR,"Ujjain, Madhya Pradesh",Point,"[75.3768327, 23.06077]"
Madhya Pradesh,SAKA,Simariya Kajanwada,SECR,"Mandla Fort, Madhya Pradesh",Point,"[80.325116, 22.439466000000003]"
West Bengal,SBGR,Subhas Gram,ER,"Kolkata, West Bengal",Point,"[88.433753, 22.413546]"
Rajasthan,RNV,Raniwara,NWR,"Raniwara, Rajasthan",Point,"[72.204293, 24.750455]"
Punjab,RRW,Roranwala,NR,"Jandwala Bhimeshah, Punjab",Point,"[74.25620300000001, 30.444112]"
Gujarat,RXN,Ramsan,NWR,"State Highway 27, Gujarat",Point,"[72.035777, 24.405870999999998]"
Assam,SCA,SALCHAPRA,NFR,"Salchapra, Assam",Point,"[92.671939, 24.827278]"
Madhya Pradesh,RSJ,RAYSER,WCR,"Guna, Madhya Pradesh",Point,"[77.549884, 24.915225999999997]"
Delhi NCT,SDPR,SARDAR PATEL ROAD,NR,"Delhi Cantonment, Delhi NCT",Point,"[77.167107, 28.595813]"
Madhya Pradesh,SBD,SLEEMANABAD RD,WCR,"Sleemanabad, Madhya Pradesh",Point,"[80.285208, 23.614369]"
Bihar,SBM,SONBARSA KACHERI,ECR,"Bihar, Bihar",Point,"[86.59565906430001, 25.7938081327]"
Gujarat,RY,RAYAKA,WR,"SH 1 Dhandhuka to Fadara Rd, Gujarat",Point,"[72.023569, 22.413052999999998]"
Madhya Pradesh,SCN,SONDHA ROAD,NCR,"National Highway 92, Madhya Pradesh",Point,"[78.484558, 26.498827]"
Andhra Pradesh,BMPL,BRAHMANPALLI,SCR,"National Highway 7, Andhra Pradesh",Point,"[78.4501792358, 17.832927985]"
Uttarakhand,RUPC,RUDRAPUR CITY,NER,"Udham Singh Nagar, Uttarakhand",Point,"[79.379212, 28.969281]"
West Bengal,SALE,SALAR,ER,"Salar, West Bengal",Point,"[88.111097, 23.774579]"
Maharashtra,SELU,SELU,SCR,"Parbhani, Maharashtra",Point,"[76.43326400000001, 19.448059999999998]"
Gujarat,SDGM,SARDARGRAM,WR,"Ahmedabad, Gujarat",Point,"[72.641987, 23.070758]"
West Bengal,SHBA,SAHEBTALA,ER,"Sahebtala, West Bengal",Point,"[88.200996, 23.591585]"
Gujarat,SHRD,SAIJ SERTHA RD,WR,"Jhulasan, Gujarat",Point,"[72.520002, 23.2126]"
Gujarat,SINR,Sinor,WR,"Sinor, Gujarat",Point,"[73.33612949587405, 21.91134392138467]"
Uttar Pradesh,SAHR,SAHERI,NER,"National Highway 29, Uttar Pradesh",Point,"[83.44911521, 25.559103213]"
West Bengal,SIU,Singur,ER,"Singur, West Bengal",Point,"[88.228712, 22.814558]"
Maharashtra,RSYI,RASAYANI,CR,"Rasayani, Maharashtra",Point,"[73.151919, 18.894001999999997]"
Karnataka,SED,SHEDBAL,SWR,"Belagavi, Karnataka",Point,"[74.752769, 16.720293]"
Maharashtra,SDRN,Shendurni,CR,"Shendurni, Maharashtra",,
West Bengal,RSG,RAMSAGAR,SER,"Bankura, West Bengal",Point,"[87.277063, 23.106248]"
Uttar Pradesh,RZJ,RAZAGANJ,NER,"Lakhimpur Kheri, Uttar Pradesh",Point,"[80.632889, 27.994397]"
West Bengal,SGBA,Sir Gurudas Banerjee Halt,ER,"Kolkata, West Bengal",,
,AHMP,ADARSH MANPUR,,,Point,"[85.91106267820001, 25.1344757598]"
Bihar,SHKY,Saharsa Kutchery Halt,ECR,"Bihra Panchayat, Bihar",,
Rajasthan,SHRG,Sri Ramgarh Halt,NWR,"Ramgarh Railway Station, Rajasthan",,
Rajasthan,SDMK,Sidmukh,NWR,"Sidhmukh, Rajasthan",Point,"[75.290472144261, 28.893890064746117]"
Rajasthan,SALI,SALI,NWR,"Ajmer, Rajasthan",Point,"[75.031546, 26.705766999999998]"
West Bengal,SBNM,Subarnamrigi,ER,"Police Station Rd, West Bengal",Point,"[88.292124, 24.27321]"
Himachal Pradesh,SHZ,Summer Hill,NR,"Shimla, Himachal Pradesh",Point,"[77.138165, 31.107469]"
Uttar Pradesh,RTR,RAMNATHPUR,NER,"Handia, Uttar Pradesh",Point,"[82.017775, 25.412362]"
Jharkhand,SIPA,Singhookharia,SER,"National Highway 75, Jharkhand",Point,"[85.795126, 22.498243000000002]"
Bihar,RUSD,Runnisaidpur,ECR,"Runni, Bihar",Point,"[85.519694, 26.410576]"
Punjab,SDZ,Sindhar,NR,"Sindhar, Punjab",Point,"[75.241169, 31.110308]"
Rajasthan,SDF,Sudsar,NWR,"Bikaner, Rajasthan",Point,"[73.785795, 28.012356]"
Rajasthan,SIRD,Sird,?,"Jodhpur, Rajasthan",Point,"[72.5964046204, 27.5544208128]"
Rajasthan,SDLP,Sadulpur Junction,NWR,"Rajgarh, Rajasthan",Point,"[75.386989, 28.631138]"
Madhya Pradesh,SFNR,Saifinagar Halt,WR,"Indore, Madhya Pradesh",Point,"[75.85342399999999, 22.698715]"
Haryana,SAWN,Sohansra,NWR,"State Highway 24, Haryana",Point,"[75.8605782111, 28.4076088967]"
Andhra Pradesh,SJM,Sajuma,NR,"High School Rd, Andhra Pradesh",Point,"[76.296444, 29.726968]"
Uttar Pradesh,SEW,SEHAL,NER,"MDR 65W, Uttar Pradesh",Point,"[78.822659, 28.918565]"
Maharashtra,SGRE,SULGARE,CR,"Jath Rd, Maharashtra",Point,"[74.909935, 16.914611]"
Gujarat,SJS,SHAMLAJI ROAD,NWR,"State Highway 5, Gujarat",Point,"[73.335655, 23.621619]"
Madhya Pradesh,SGP,SOHAGPUR,WCR,"Sohagpur, Madhya Pradesh",Point,"[78.194338, 22.693813]"
Punjab,SEQ,SEKHA,NR,"Off Rd, Punjab",Point,"[75.643764, 30.380452]"
Madhya Pradesh,SMC,Samnapur,SECR,"State Highway 11, Madhya Pradesh",Point,"[80.1564133228, 21.9419101772]"
Himachal Pradesh,MNHL,MAJHAIRAN HIMACHAL,NR,"Majhairan, Himachal Pradesh",Point,"[76.60279299999999, 32.046378]"
Tamil Nadu,SGLM,SENGULAM,SR,"National Highway 7, Tamil Nadu",Point,"[77.682861, 8.607001]"
Uttar Pradesh,DUB,DABTARA,NR,"Bisauli, Uttar Pradesh",Point,"[78.991164, 28.368424]"
West Bengal,SHBL,SHIBLUN,ER,"State Highway 6, West Bengal",Point,"[88.082999, 23.692561]"
West Bengal,SIZ,Shrikhanda,ER,"Shrikhanda, West Bengal",,
Gujarat,SJTR,Sojitra,WR,"Anand, Gujarat",,
Bihar,SKHK,Sukhasan Kothi,ECR,"Purnia, Bihar",Point,"[87.15210099999999, 25.841387]"
Gujarat,SEJ,SARKHEJ,WR,"Ahmedabad, Gujarat",Point,"[72.497486, 22.981944000000002]"
Bihar,SHC,SAHARSA JN,ECR,"Saharsa, Bihar",Point,"[86.594953, 25.875207999999997]"
Assam,SHTT,Silghat Town,NFR,"Silghat, Assam",Point,"[92.929931, 26.608902]"
West Bengal,SGUT,SILIGURU TOWN,NFR,"Siligur, West Bengal",Point,"[88.42960699999999, 26.7073]"
West Bengal,SGUJ,SILIGURI JN,NFR,"Siligur, West Bengal",Point,"[88.413663, 26.723204]"
Rajasthan,SJSM,Salemgarhmasani,NWR,"Salemgarhmasani, Rajasthan",Point,"[74.46238562464714, 29.550109363942525]"
Gujarat,SCH,SACHIN,WR,"Sachin, Gujarat",Point,"[72.874083, 21.077673]"
Punjab,SCPD,SUCHIPIND,NR,"Jalandhar, Punjab",Point,"[75.621561, 31.343172]"
Tamil Nadu,SEV,SITHALAVAI,SR,"Krishnarayapuram, Tamil Nadu",Point,"[78.27389099999999, 10.958125]"
Maharashtra,SGR,SANGMESHWAR,KR,"NH 17, Maharashtra",Point,"[73.546234, 17.201998999999997]"
Gujarat,SGD,SONGADH,WR,"Bhavnagar, Gujarat",Point,"[71.886759, 21.728936]"
Bihar,SHK,SHEIKPURA,ECR,"Sheikhpura, Bihar",Point,"[85.854024, 25.132088]"
Gujarat,SMDR,Simodara,WR,"SH 166, Gujarat",,
Maharashtra,SMTN,Somthan,CR,"Somthan, Maharashtra",,
Madhya Pradesh,SMSR,Samaswara,SECR,"SH 26, Madhya Pradesh",Point,"[79.334804, 22.048501]"
Rajasthan,SIKR,Sikar Junction,NWR,"Sikar, Rajasthan",Point,"[75.15337799999999, 27.616275]"
Maharashtra,SHF,Shirud,CR,"Shirud, Maharashtra",Point,"[74.876271, 20.735376]"
Himachal Pradesh,SGS,Shoghi,NR,"Shoghi, Himachal Pradesh",Point,"[77.12423700000001, 31.038759000000002]"
Haryana,SHN,Suchan Kotli,NWR,"Suchan, Haryana",Point,"[75.170322, 29.515832999999997]"
West Bengal,SJPR,Surjyapur,ER,"Surjyapur F, West Bengal",Point,"[88.466557, 22.293128]"
Bihar,SMKR,Sham Kauria,NER,"National Highway 28B, Bihar",Point,"[84.8330358765, 26.035816445600002]"
Punjab,SGA,Shergarh,NWR,"Bathinda, Punjab",Point,"[74.947251, 30.080230999999998]"
Karnataka,SLGE,SULERJAVALGE,SWR,"NH 13, Karnataka",Point,"[75.974841, 17.45892]"
Andhra Pradesh,AKVD,AKIVIDU,SCR,"Coast Andhra, Andhra Pradesh",Point,"[81.36905499999999, 16.582653999999998]"
Punjab,SQR,SULTANPUR LODI,NR,"Kapurthala, Punjab",Point,"[75.203016, 31.211713]"
Maharashtra,SIF,SIRLI,SCR,"Parbhani, Maharashtra",Point,"[77.21222487729999, 19.5087818977]"
Uttar Pradesh,SKF,SAKHOTI TANDA,NR,"Meerut, Uttar Pradesh",Point,"[77.71804900000001, 29.192626]"
Uttar Pradesh,SMQL,SHAMLI,NR,"Shamli, Uttar Pradesh",Point,"[77.316231, 29.444596999999998]"
Rajasthan,SMBJ,SHRI MAHABIRJI,WCR,"Karauli, Rajasthan",Point,"[76.96766400000001, 26.684155]"
Karnataka,SLU,SASALU,SWR,"State Highway 47, Karnataka",Point,"[76.108388, 14.226683]"
Punjab,SQK,Shankar,NR,"Jalandhar, Punjab",Point,"[77.1402539871633, 28.560827504028268]"
Tamil Nadu,SMM,SALIYAMANGALAM,SR,"NH 67, Tamil Nadu",Point,"[79.275262, 10.77933]"
Gujarat,SKR,SAKHPUR,WR,"to railway station, Gujarat",Point,"[69.833241, 21.748997]"
,SONW,SONWARSA HALT,?,,Point,"[85.669157, 25.043599999999998]"
Himachal Pradesh,SLR,Salogra,NR,"NH 22, Himachal Pradesh",Point,"[77.130516, 30.934311]"
Karnataka,SOQ,SOMPUR ROAD,SWR,"Sompur, Karnataka",Point,"[75.87207, 15.421498999999999]"
Gujarat,SJN,SANJAN,WR,"Sanjan, Gujarat",Point,"[72.820594, 20.19165]"
Orissa,SKND,Sukinda Road,ECoR,"Duburi, Orissa",Point,"[86.05375, 20.971268]"
Goa,SKVL,SANKVAL,SWR,"Sancoale, Goa",Point,"[73.86771300000001, 15.370790999999999]"
Karnataka,SL,SURATHKAL,KR,"Surathkal, Karnataka",Point,"[74.80617699999999, 12.989191]"
Goa,SJDA,SANJUJE DA AREY,SWR,"CURTORIM, Goa",Point,"[75.5962538599, 15.437494047800001]"
Andhra Pradesh,SKNR,Shakar Nagar,SCR,"Bodhan, Andhra Pradesh",Point,"[77.905991, 18.659388000000003]"
West Bengal,SOF,Saota,ER,"Saota, West Bengal",,
Maharashtra,SLI,SANGLI,CR,"Sangli, Maharashtra",Point,"[74.588939, 16.858669000000003]"
Maharashtra,SIW,SHIRRAVDE,CR,"Satara, Maharashtra",Point,"[74.1573548438, 17.3606825795]"
Maharashtra,SLP,SALPA,CR,"SH 61, Maharashtra",Point,"[74.17178775389999, 17.963070994400002]"
Uttar Pradesh,SOI,Sonaripur,NER,"MDR 6C, Uttar Pradesh",Point,"[80.7274215704, 28.4746409298]"
Madhya Pradesh,SNBD,Sunderabad,WR,"Ratlam, Madhya Pradesh",,
West Bengal,SPS,Shripat Shrikhand,ER,"Shripat Shrikhand, West Bengal",,
Bihar,SQW,Sidhwalia,NER,"Saran, Bihar",Point,"[84.666995, 26.333838]"
,SNKX,Sankra,SECR,,Point,"[81.591856, 20.747436]"
Karnataka,SME,Shimoga,SWR,"State Highway 57, Karnataka",Point,"[75.592671, 13.927613]"
,SONH,Seonan Halt,?,,Point,"[85.01186038569999, 25.285709039300002]"
West Bengal,SNU,Sangrampur,ER,"State Highway 3, West Bengal",Point,"[88.32876, 22.224929]"
Bihar,SJJ,Sanjha,ER,"Sanjha, Bihar",Point,"[87.0008507605, 25.0658316907]"
Assam,SLON,Salona,NFR,"Salona, Assam",Point,"[92.990043, 26.503912999999997]"
West Bengal,SJPA,Sujalpur,?,"Digha Contai Rd, West Bengal",Point,"[87.65749699999999, 21.763167000000003]"
Bihar,SILO,Silao,ECR,"Nalanda, Bihar",Point,"[85.434638, 25.078598999999997]"
Bihar,SOW,Suhsarai,ECR,"National Highway 31, Bihar",Point,"[85.530032, 25.273946]"
Punjab,BLND,Bolinna Doaba,NR,"Patara Rd, Punjab",Point,"[75.656972, 31.342859999999998]"
Uttar Pradesh,SKTN,Shakti Nagar,ECR,"Dist. Sonebhadra, Uttar Pradesh",Point,"[82.704734, 24.122899]"
Madhya Pradesh,SOY,Sukrimangela,SECR,"Shikara - Dhooma Rd, Madhya Pradesh",Point,"[79.834297, 22.90699]"
Punjab,SQJ,Saila Khurd,NR,"Saila Khurd, Punjab",Point,"[76.07770599999999, 31.292873999999998]"
Punjab,SNB,Satnaur Badesron,NR,"Satnaur Badesron, Punjab",Point,"[76.110741, 31.257426]"
Maharashtra,SONR,Saoner Junction,SECR,"Saoner, Maharashtra",Point,"[78.925046, 21.387489000000002]"
Delhi NCT,SOJ,SAROJINI NAGAR,NR,"Sarojini Nagar, Delhi NCT",Point,"[77.196287, 28.581210000000002]"
Gujarat,SPD,SUPEDI,WR,"Supedi, Gujarat",Point,"[70.3763963708, 21.758513999399998]"
Uttar Pradesh,SNX,SANEH ROAD,NR,"Saneh Road, Uttar Pradesh",Point,"[78.4494025903, 29.689652272500002]"
Bihar,SRA,SEMRA,ECR,"National Highway 28A, Bihar",Point,"[84.8136981409, 26.711946963]"
Bihar,SRSI,Sarsi,ECR,"State Highway 77, Bihar",Point,"[87.28521798737347, 25.86331602863504]"
Rajasthan,SNPR,SINGARPUR,NCR,"Rupbas, Rajasthan",Point,"[77.72370699999999, 27.116202]"
Rajasthan,SNYN,SONIYANA,NWR,"National Highway 79, Rajasthan",Point,"[74.62566, 25.123246]"
Madhya Pradesh,SRJ,SHANKARGARH,NCR,"Shankargarh, Madhya Pradesh",Point,"[81.6190324237, 25.1813005966]"
Bihar,STF,Sikta,ECR,"Sikta, Bihar",Point,"[84.680541, 27.024365]"
Rajasthan,SRGH,Surajgarh,NWR,"Surajgarh, Rajasthan",Point,"[75.73429978452623, 28.30168415387253]"
Maharashtra,SQE,SAMRLA,SCR,"Dharmabad, Maharashtra",Point,"[77.793105, 18.921849]"
Rajasthan,SRK,SAMRAU,NWR,"State Highway 61, Rajasthan",Point,"[72.721146, 26.8662]"
Punjab,SOHL,Sohal,NR,"National Highway 15, Punjab",Point,"[75.348341, 31.974211]"
Uttar Pradesh,SRNK,Soron,NER,"Soron, Uttar Pradesh",Point,"[78.748458, 27.883353999999997]"
Gujarat,SNSN,SONASAN,WR,"Salal, Gujarat",Point,"[72.895784, 23.491604000000002]"
Madhya Pradesh,SRID,SHRIDHAM,WCR,"Shridham, Madhya Pradesh",Point,"[79.484397, 23.033843]"
Madhya Pradesh,SQL,SONTALAI,WCR,"Itarsi, Madhya Pradesh",Point,"[77.94977499999999, 22.613017999999997]"
Haryana,SPZ,SAMPLA,NR,"Sampla, Haryana",Point,"[76.773299, 28.781933000000002]"
Gujarat,SNHR,SANKHAI,WR,"Patan, Gujarat",Point,"[72.177296, 23.796393]"
Assam,SPK,SAPEKHATI,NFR,"Moran to Naharkatiya Rd, Assam",Point,"[95.160918, 27.110416]"
Rajasthan,SPRA,Sillipur,NCR,"State Highway 2, Rajasthan",Point,"[77.031581, 26.081657]"
Maharashtra,STC,SANTA CRUZ,WR,"Mumbai, Maharashtra",Point,"[72.84133899999999, 19.082018]"
Maharashtra,SSV,SASVAD ROAD,CR,"Sasvad, Maharashtra",Point,"[73.9546461121, 18.4732023111]"
Bihar,SOU,Supaul,ECR,"Supaul, Bihar",Point,"[86.603023, 26.117556999999998]"
Gujarat,SOJN,SIHOR GUJARAT,WR,"Shihor, Gujarat",Point,"[71.957197, 21.724798000000003]"
,KRNG,Kargaon Halt,,,Point,"[79.41302, 20.800933]"
Uttar Pradesh,SNDY,SANDAI,NER,"Sandai, Uttar Pradesh",Point,"[79.990982, 28.572634]"
Maharashtra,SNDD,SINDHUDURG,KR,"Oros, Maharashtra",Point,"[73.67934, 16.111322]"
Uttar Pradesh,SPGL,Sarai Gopal,NR,"Allahabad Bypass, Uttar Pradesh",Point,"[81.822277, 25.548656]"
Uttar Pradesh,STH,Sethal,NER,"Bareilly, Uttar Pradesh",Point,"[79.56736599999999, 28.543189]"
Bihar,SRMN,Semraon,ECR,"State Highway 12, Bihar",Point,"[84.52704197999999, 25.395161271299997]"
Andhra Pradesh,STPM,S NARAYANAPURAM,SCR,"Vijayawada, Andhra Pradesh",Point,"[80.647908, 16.525488]"
West Bengal,SSP,Santoshpur,ER,"Kolkata, West Bengal",Point,"[88.272502, 22.524414]"
Jharkhand,SNDT,Sindri Town,?,"Sindri, Jharkhand",Point,"[86.47988299999999, 23.660992]"
Uttar Pradesh,SRN,Soron,NER,"Soron, Uttar Pradesh",Point,"[78.748798, 27.883694]"
Gujarat,SNA,Sadanapura,WR,"Sadanapura, Gujarat",Point,"[73.01247500000001, 22.602487999999997]"
,WW,Wanabar,?,,Point,"[84.97751000000001, 25.006278000000002]"
West Bengal,SSRD,Shasan Road,ER,"Baruipur, West Bengal",Point,"[88.434523, 22.346539999999997]"
West Bengal,SMTG,Saheed Matangini,SER,"Medinipur, West Bengal",Point,"[87.90811500000001, 22.301973999999998]"
Madhya Pradesh,SOE,Sheopur Kalan,NCR,"Sheopur, Madhya Pradesh",Point,"[76.70038600000001, 25.675538]"
Rajasthan,SMNN,Shri Makri Nath Nagar,NWR,"Churu, Rajasthan",Point,"[74.824623, 28.179883999999998]"
Andhra Pradesh,AKU,ANGALAKUDURU,SCR,"Coastal Andhra Region, Andhra Pradesh",Point,"[80.609091, 16.245325]"
Uttar Pradesh,GTI,GHUTAI,NCR,"National Highway 76, Uttar Pradesh",Point,"[79.4413220264, 25.289429766]"
Rajasthan,SWAR,SEWAR,WCR,"Bharatpur, Rajasthan",Point,"[77.425499, 27.177901]"
Rajasthan,STSN,SHAITAN SINGH NAGAR,NWR,"State Highway 61, Rajasthan",Point,"[72.468139, 27.052218]"
West Bengal,MHTR,MALIHATI TALIBPUR ROAD,ER,"Rd, West Bengal",Point,"[88.126194, 23.79372]"
Rajasthan,SRRG,SURERGOTH,NWR,"State Highway 25, Rajasthan",Point,"[76.605353, 27.18282]"
Gujarat,SVKD,SAVAR KUNDLA,WR,"Savar Kundla, Gujarat",Point,"[71.31266699999999, 21.335082]"
Uttar Pradesh,SSKA,SISARKA,NR,"State Highway 43, Uttar Pradesh",Point,"[78.846279, 28.431279]"
Rajasthan,SSR,SARERI,NWR,"National Highway 79, Rajasthan",Point,"[74.624105, 25.697556000000002]"
Uttar Pradesh,SRNT,SARNATH,NER,"Varanasi, Uttar Pradesh",Point,"[83.032634, 25.375998]"
Maharashtra,SVW,SHIVNI SHIVAPUR,SCR,"Akola, Maharashtra",Point,"[77.048971, 20.674328]"
Goa,SRVX,SURAVALI,KR,"Margao, Goa",Point,"[73.939328, 15.291947]"
Gujarat,SXS,SHOBHASAN,WR,"State Highway 41, Gujarat",Point,"[72.394212, 23.542306999999997]"
Orissa,STBJ,Sitabanji,ECoR,"National Highway 215, Orissa",Point,"[85.79053, 21.500203]"
Goa,SVM,SANVERDAM CHUCH,SWR,"Curchorem, Goa",Point,"[74.10866, 15.264064]"
Karnataka,SUL,SULADHAL,SWR,"Belagavi, Karnataka",Point,"[74.67814298520001, 16.001728105999998]"
Rajasthan,SURR,Surera,NWR,"Surera, Rajasthan",,
West Bengal,SVQ,SIVOK,NFR,"Sevoke, West Bengal",Point,"[88.468742, 26.880144]"
,VMLD,VEMULURIPADU,,,Point,"[80.294121, 16.309801]"
Maharashtra,SWQ,Sangwi,CR,"Sangwi, Maharashtra",,
Punjab,SWG,Sidhwan,NR,"Sidhwan, Punjab",Point,"[75.54695000000001, 31.095558]"
Bihar,SRY,SIRARI,ECR,"State Highway 6, Bihar",Point,"[85.952587, 25.132853]"
Punjab,SWX,Saidanwala,NR,"Saidanwala, Punjab",Point,"[74.679664, 30.917223]"
Tamil Nadu,SVGA,Sivaganga,SR,"SH 33, Tamil Nadu",Point,"[78.49906899999999, 9.852970000000001]"
Haryana,SSA,Sirsa,NWR,"Sirsa, Haryana",Point,"[75.034944, 29.539153]"
,MQA,Matoda,,,Point,"[73.00914999999999, 24.11526]"
Gujarat,SVB,Savni,WR,"Maljinjava, Gujarat",Point,"[70.471495, 20.994517]"
Bihar,SVC,Siwan Kachari,NER,"Siwan, Bihar",Point,"[84.34871700000001, 26.226705]"
Tamil Nadu,SVV,Srivaikuntam,SR,"Thoothukudi, Tamil Nadu",Point,"[77.906323, 8.622475999999999]"
Andhra Pradesh,SVDC,Sivadevunichkla,SCR,"P.P.Road, Andhra Pradesh",Point,"[81.65894399999999, 16.535628999999997]"
Haryana,STNL,Satnali,NWR,"Satnali, Haryana",Point,"[75.966232, 28.382338]"
Gujarat,AEP,Amreli Para,WR,"Amreli, Gujarat",Point,"[71.2281676154, 21.6079811042]"
Maharashtra,SSF,Sirsuphal,CR,"Daund, Maharashtra",Point,"[74.572957, 18.306268]"
Madhya Pradesh,SWD,Sanawad,WR,"Sanawad, Madhya Pradesh",Point,"[76.074567, 22.17581]"
Haryana,SXE,SILA KHERI HALT,NR,"Jind, Haryana",Point,"[76.612939, 29.389883]"
Tamil Nadu,TAM,Tilaivilagam,SR,"Pattukkotai-Thiruthuraipoondi Rd, Tamil Nadu",,
West Bengal,TKF,Taki Road,ER,"Taki, West Bengal",Point,"[88.915553, 22.587179]"
Tamil Nadu,TNLR,Thondaimanallur,SR,"Nallur, Tamil Nadu",Point,"[78.746072, 10.623543]"
Maharashtra,TER,THAIR,CR,"State Highway 77, Maharashtra",Point,"[76.15003700000001, 18.352916]"
Tamil Nadu,TCT,Tiruchitrambalam,SR,"Musiri - Kulithalai - Manapparai - Pudukottai - Alangudi - Peravoorani - Sethubavachatram Rd, Tamil Nadu",,
Tamil Nadu,SY,SIRKAZHI,SR,"Sirkazhi, Tamil Nadu",Point,"[79.726353, 11.240305]"
West Bengal,TNX,Tarak Nagar,ER,"Shivniwas Rd, West Bengal",Point,"[88.680184, 23.38018]"
Punjab,TAPA,TAPA,NR,"Tapa Mandi, Punjab",Point,"[75.366053, 30.302839]"
Uttar Pradesh,SYC,SARAI CHANDI,NR,"Phulpur, Uttar Pradesh",Point,"[81.97958463810001, 25.5394209652]"
Kerala,THZI,Takazhi,SR,"Takazhi, Kerala",,
Haryana,TJNR,Taj Nagar,NR,"Gurgaon, Haryana",,
West Bengal,SXP,SANKOPARA,ER,"State Highway 5, West Bengal",Point,"[87.9344515665, 24.7176851264]"
Madhya Pradesh,TBN,TIMARNI,WCR,"Timarni, Madhya Pradesh",Point,"[77.2294, 22.375860000000003]"
Gujarat,SYQ,SINHAN,WR,"SH 6, Gujarat",Point,"[69.7297354559, 22.2346247943]"
Rajasthan,TIBI,Tibi,NWR,"Tibi, Rajasthan",Point,"[74.50160639360547, 29.54286582323833]"
Tamil Nadu,TAY,TALAIYUTHU,SR,"Thalaiyuthu, Tamil Nadu",Point,"[77.72944226749999, 8.7841938937]"
Tamil Nadu,TEN,TIRUNELVELI,SR,"Tirunelveli, Tamil Nadu",Point,"[77.707979, 8.73636]"
Uttar Pradesh,SYH,SAIYEDPUR BHTRI,NER,"Saidpur, Uttar Pradesh",Point,"[83.23297400000001, 25.539724]"
Karnataka,THN,TOLAHUNSE,SWR,"Tholahunase, Karnataka",Point,"[75.964562, 14.399208]"
Assam,SZR,SARUPATHAR,NFR,"Sarupathar Road Thana Rd, Assam",Point,"[93.862021, 26.195595]"
Rajasthan,SYL,SALPURA,WCR,"Kawari, Rajasthan",Point,"[76.733005, 24.773701]"
Rajasthan,TIW,TIVARI,NWR,"Tinwari, Rajasthan",Point,"[72.889577, 26.554730000000003]"
Kerala,TA,TANUR,SR,"Malappuram, Kerala",Point,"[75.880597, 10.97954]"
Rajasthan,TLI,Tulwara Jhil,NWR,"Tibi Railway Station, Rajasthan",,
Jharkhand,TABU,Talaburu,SER,"National Highway 75, Jharkhand",Point,"[85.75594199999999, 22.358169]"
Tamil Nadu,TNK,Tirunellikaval,SR,"State Highway 23, Tamil Nadu",,
Haryana,KGBS,Kishangarh Balawas,NWR,"Kishengarh, Haryana",Point,"[76.571554, 28.262787]"
Tripura,TBX,Tilbhum,NFR,"National Highway 44, Tripura",Point,"[92.245466, 24.465833]"
Andhra Pradesh,AL,ATTILI,SCR,"West Godavari, Andhra Pradesh",Point,"[81.61636, 16.680149999999998]"
West Bengal,TLX,Taldi,ER,"Taldi Station Rd, West Bengal",Point,"[88.60875899999999, 22.343647]"
Tamil Nadu,TKO,TAKKOLAM,SR,"Arakkonam, Tamil Nadu",Point,"[79.677055, 13.023783]"
Bihar,TEA,Taregna,ECR,"Taregna, Bihar",Point,"[85.038112915, 25.3552301906]"
Tripura,TLMR,Teliamura,NFR,"Teliamura, Tripura",Point,"[91.617734, 23.861247]"
Bihar,TELY,Telia,?,"Telia, Bihar",Point,"[87.0262456, 24.8058876]"
Rajasthan,SZ,SALAWAS,NWR,"Luni, Rajasthan",Point,"[73.01452424259999, 26.139957444700002]"
Bihar,TB,Tharbitia,ECR,"State Highway 76, Bihar",Point,"[86.657383, 26.218533]"
Bihar,TNGI,Tungi Halt,?,"Bihar Sharif, Bihar",Point,"[85.52720500000001, 25.171993]"
Tamil Nadu,TCN,Tiruchendur,SR,"Tiruchchendur, Tamil Nadu",Point,"[78.117118, 8.501774]"
Uttar Pradesh,TRG,Tarighat,ECR,"Ghazipur, Uttar Pradesh",Point,"[83.60210496000946, 25.571721452321867]"
Madhya Pradesh,TKYR,TIKARIA,WCR,"MDR 11, Madhya Pradesh",Point,"[80.86436, 24.99538]"
Madhya Pradesh,TLV,TALVADYA,WCR,"East Nimar, Madhya Pradesh",Point,"[76.4437843848, 21.9272990641]"
Rajasthan,TSD,Tahsil Bhadra,NWR,"Bhadra, Rajasthan",Point,"[75.16145411878824, 29.101436164956112]"
Maharashtra,BLNK,BELANKI,CR,"Jath Rd, Maharashtra",Point,"[74.86933565, 16.84890756]"
Maharashtra,TR,TARU,SCR,"Rotegaon Railway Station, Maharashtra",Point,"[74.590775, 20.06888]"
Uttar Pradesh,THJ,TALHERI BUZURG,NR,"SH 59, Uttar Pradesh",Point,"[77.64430899999999, 29.766916000000002]"
Bihar,TIA,TILAYA,ECR,"State Highway 8, Bihar",Point,"[85.401101, 24.821998]"
Karnataka,TTR,TIPTUR,SWR,"Tiptur, Karnataka",Point,"[76.475987, 13.256152]"
Karnataka,TK,TUMKUR,SWR,"Tumkur, Karnataka",Point,"[77.10243899999999, 13.333033]"
Haryana,TUN,TOHANA,NR,"Tohana, Haryana",Point,"[75.904581, 29.7266]"
Assam,TKC,THAKURKUCHI,NFR,"Hatisila, Assam",Point,"[91.9222836917, 26.234006114]"
Tamil Nadu,TME,TUTI MELUR,SR,"Thoothukudi, Tamil Nadu",Point,"[78.145808, 8.808373999999999]"
Assam,TTB,TITABAR,NFR,"Titabor, Assam",Point,"[94.199758, 26.602048]"
Maharashtra,TKR,TAKARI,CR,"Sangli, Maharashtra",Point,"[74.36337599999999, 17.129756]"
Tamil Nadu,TPE,TIRUCHIRAPPALLI PALAKKARAI,SR,"Tiruchirapalli, Tamil Nadu",Point,"[78.69366422, 10.80725953]"
Maharashtra,TPN,Tapona,CR,"Tapona, Maharashtra",,
Bihar,TKLE,Tikani,ER,"Tikani, Bihar",Point,"[86.9932459985, 25.108394454899997]"
Tamil Nadu,TTP,Tiruturaipudi Junction,SR,"Thiruthuraipoondi, Tamil Nadu",,
Rajasthan,SRPR,SARUPSAR JN,NWR,"MDR 103, Rajasthan",Point,"[73.694891, 29.353194]"
Bihar,AYRN,AKSHAYWAT RAI NAGAR,ECR,"Vaishali, Bihar",Point,"[85.31541102290001, 25.688767621]"
Karnataka,TLGP,Talguppa,SWR,"Talaguppa, Karnataka",Point,"[74.914093, 14.214011]"
Punjab,TWB,Talwandi,NR,"Talwandi Bhai, Punjab",Point,"[74.92363399999999, 30.861364000000002]"
Punjab,TQL,Theh Qalandar,NR,"State Highway 20, Punjab",Point,"[74.086947, 30.463401]"
Andhra Pradesh,TGU,TARIGOPPULA,SCR,"Krishna, Andhra Pradesh",Point,"[80.836307, 16.485676]"
Goa,THVM,THIVIM,KR,"North Goa, Goa",Point,"[73.87610400000001, 15.62955]"
Karnataka,TKE,Tarikere Junction,SWR,"Tarikere, Karnataka",Point,"[75.812209, 13.710886]"
Karnataka,TOK,THOKUR,KR,"Mangalore, Karnataka",Point,"[74.829167, 12.963579000000001]"
Karnataka,TKOT,TOKKOTTU,SR,"Ullal, Karnataka",Point,"[74.858222, 12.818211]"
Kerala,TLY,THALASSERY,SR,"Kannur, Kerala",Point,"[75.492987, 11.75314]"
Kerala,TIR,TIRUR,SR,"Malappuram, Kerala",Point,"[75.92186500000001, 10.917757]"
Tamil Nadu,TRMN,Taramani,SR,"Chennai, Tamil Nadu",Point,"[80.24008199999999, 12.978438]"
Orissa,TGRL,Tangiriapal,ECoR,"Orissa, Orissa",Point,"[85.925812, 21.164083]"
Bihar,THE,Thawe Junction,NER,"Gopalganj, Bihar",Point,"[84.394398, 26.438991]"
Haryana,TNDE,Thanesar City,NR,"Haryana, Haryana",Point,"[76.824336, 29.966374000000002]"
Madhya Pradesh,TTW,Titwa,SECR,"Lamta, Madhya Pradesh",Point,"[80.13844220089999, 21.9959060669]"
West Bengal,TMZ,Tamluk,SER,"Tamluk, West Bengal",Point,"[87.91914399999999, 22.275813]"
Rajasthan,TLC,Talchhapar,NWR,"Sujangarh, Rajasthan",Point,"[74.487037, 27.824805]"
Madhya Pradesh,THR,Thara,NCR,"State Highway 2, Madhya Pradesh",Point,"[77.8507402155, 26.3568878952]"
Rajasthan,THEA,Thalera,WCR,"Talera, Rajasthan",Point,"[75.73774364929999, 25.3152769684]"
Uttarakhand,ALJ,ALAI,NER,"National Highway 74, Uttarakhand",Point,"[78.932709, 29.143805999999998]"
Madhya Pradesh,UDM,UNDASA MADHAWPU,WR,"State Highway 18, Madhya Pradesh",Point,"[75.97927499999999, 23.087044000000002]"
Madhya Pradesh,TZR,TURKI ROAD,WCR,"Rewa, Madhya Pradesh",Point,"[81.11757300000001, 24.548879000000003]"
Maharashtra,UPI,UPLAI,CR,"State Highway 77, Maharashtra",Point,"[75.642724, 18.184369]"
Gujarat,TOD,TALOD,WR,"Talod, Gujarat",Point,"[72.94796099999999, 23.351347999999998]"
Haryana,BNWC,Bhiwani City,NWR,"Bhiwani, Haryana",Point,"[76.1442991, 28.825698499999998]"
Tamil Nadu,TVR,THIRUVARUR JN,SR,"Thiruvarur, Tamil Nadu",Point,"[79.63389799999999, 10.764347]"
Uttar Pradesh,TPZ,TAPRI JN,NR,"Saharanpur, Uttar Pradesh",Point,"[77.58327200000001, 29.915727999999998]"
Gujarat,UBR,UMBARGAM ROAD,WR,"Umbergaon, Gujarat",Point,"[72.79082100000001, 20.153499]"
Assam,TZTB,Tezpore,NFR,"Tezpur, Assam",Point,"[92.78774656355381, 26.617781357717547]"
Rajasthan,UTL,UTARLAI,NWR,"Barmer, Rajasthan",Point,"[71.44363799999999, 25.788344000000002]"
Tamil Nadu,TYMR,Tiruvanmiyur,SR,"Chennai, Tamil Nadu",Point,"[80.25119000000001, 12.989302]"
Assam,TPK,TIPKAI,NFR,"Dhubri, Assam",Point,"[90.047264, 26.295354]"
Tamil Nadu,TNM,TIRUVANNAMALAI,SR,"Thiruvannamalai, Tamil Nadu",Point,"[79.077782, 12.238103]"
Tamil Nadu,TVN,TIRUPPUVANAM,SR,"Tiruppuvanam, Tamil Nadu",Point,"[78.258693, 9.821456999999999]"
Himachal Pradesh,TVI,Taradevi,NR,"Shimla, Himachal Pradesh",Point,"[77.139253, 31.0758]"
Uttar Pradesh,TQN,TIKUNIA,NER,"Tikapur Municipality, Uttar Pradesh",Point,"[80.981217, 28.378823]"
West Bengal,TYAE,TENYA,ER,"Tenya, West Bengal",Point,"[88.148864, 23.822157]"
Gujarat,UMPD,Umarpada,WR,"Umarpada to Jumavadi, Gujarat",,
Gujarat,UNI,Unai Vansada Road,WR,"Gujarat, Gujarat",,
Maharashtra,AJU,Arjuni,SECR,"Gondia, Maharashtra",Point,"[80.022581618, 20.8165878335]"
Tamil Nadu,TPC,TIRUPPACHETTI,SR,"Thiruppachethi, Tamil Nadu",Point,"[78.344217489, 9.773153933800002]"
Uttar Pradesh,TRN,TARAON,NER,"Tranav Railway Station, Uttar Pradesh",Point,"[83.311179, 25.526193]"
Maharashtra,TTZ,Tukaithad,SCR,"Akot, Maharashtra",Point,"[76.670581, 21.427444]"
Tamil Nadu,VB,VILLIYAMBAKKAM,SR,"State Highway 58, Tamil Nadu",Point,"[79.929175, 12.754406]"
Punjab,UCB,UNCHI BASSI,NR,"National Highway 1A, Punjab",Point,"[75.643654, 31.860857]"
Gujarat,UJ,UJALVAV,WR,"State Highway 31, Gujarat",Point,"[71.705115, 21.905096]"
Andhra Pradesh,TNKU,TANUKU,SCR,"131, Andhra Pradesh",Point,"[81.674075, 16.752035]"
Andhra Pradesh,TNRU,TENNERU,SCR,"Manthena, Andhra Pradesh",Point,"[80.813991, 16.488886]"
Assam,TRBE,Tarabari,NFR,"Nagaon, Assam",Point,"[92.68336699999999, 26.436293]"
Assam,TTLA,TETELIA,NFR,"Tetelia-Maloibari Rd, Assam",Point,"[92.00541, 26.135912]"
Madhya Pradesh,UIH,Umaria Ispa Halt,SECR,"Umaria Ispa, Madhya Pradesh",Point,"[79.08496134640001, 22.055305150200002]"
Madhya Pradesh,ULA,Umra Nala,SECR,"Umranala Station, Madhya Pradesh",Point,"[78.879298, 21.874783]"
Karnataka,TXM,TANDAVAPURA,SWR,"Thandavapura, Karnataka",Point,"[76.678489, 12.168831]"
Himachal Pradesh,TSL,Taksal,NR,"Parwanoo, Himachal Pradesh",Point,"[76.954267, 30.845271]"
Gujarat,TWV,Thuwavi,WR,"SH 11, Gujarat",Point,"[73.381517, 22.153761]"
Assam,TSK,Tinsukia Junction,NFR,"Tinsukia, Assam",Point,"[95.356367, 27.4864]"
Orissa,KDRP,Kandarpur,ECoR,"Jagatsinghpur Rd, Orissa",Point,"[86.017399, 20.396528]"
Uttar Pradesh,UB,Uska Bazar,NER,"State Highway 1A, Uttar Pradesh",Point,"[83.12594999999999, 27.189993]"
Tamil Nadu,UAM,Udagamandalam,SR,"Ooty, Tamil Nadu",Point,"[76.694727, 11.404584999999999]"
Tamil Nadu,TPP,Toppur,SWR,"Dharmapuri, Tamil Nadu",Point,"[78.070201, 11.931538000000002]"
Gujarat,VDV,Vadiya Devli,WR,"Vadiya, Gujarat",Point,"[70.853196, 21.689791]"
West Bengal,UKA,UKHRA,ER,"Ukhra, West Bengal",Point,"[87.232537, 23.653692]"
Maharashtra,UPR,USMANPUR,SCR,"D1, Maharashtra",Point,"[76.27447, 19.532217]"
Tamil Nadu,UCP,UCHIPPULI,SR,"Uchipuli, Tamil Nadu",Point,"[79.01509300000001, 9.30813]"
Madhya Pradesh,UHR,UNCHHERA,WCR,"Unchhera, Madhya Pradesh",Point,"[80.79457, 24.38137]"
Maharashtra,UMD,USMANABAD,CR,"National Highway 211, Maharashtra",Point,"[76.022663, 18.248154]"
Madhya Pradesh,WGA,WAGHODA,CR,"East Nimar, Madhya Pradesh",Point,"[76.08875499999999, 21.255951999999997]"
Karnataka,UGR,UGAR KHURD,SWR,"Belgaum, Karnataka",Point,"[74.822126, 16.669705]"
Gujarat,VAE,Vadali,WR,"Vadali, Gujarat",Point,"[73.04360399999999, 23.948406000000002]"
Gujarat,VASO,Vaso,WR,"Rampur, Gujarat",,
Maharashtra,VDGN,VADGAON NILA,SCR,"State Highway 169, Maharashtra",Point,"[76.64117200000001, 18.929472999999998]"
Bihar,VDNP,Baijnath Andoli,ECR,"Baijnath Andoli, Bihar",,
Maharashtra,WHM,WASHIM,SCR,"Washim, Maharashtra",Point,"[77.147986, 20.103101]"
Andhra Pradesh,VEP,Velpuru Road,SCR,"Station Rd, Andhra Pradesh",,
Maharashtra,UOI,UMROLI,WR,"Boisar, Maharashtra",Point,"[72.76033699999999, 19.754447000000003]"
Maharashtra,VLP,VILE PARLE,WR,"Mumbai, Maharashtra",Point,"[72.84363, 19.099273999999998]"
Gujarat,VLC,Velachha,WR,"SH 166, Gujarat",,
Maharashtra,VLN,Vilegaon,CR,"Vilegaon, Maharashtra",,
Tamil Nadu,VMM,Valaramanikkam,SR,"State Highway 28, Tamil Nadu",,
Gujarat,VRX,VARAHI,WR,"Banaskantha, Gujarat",Point,"[71.43129599999999, 23.800674]"
Gujarat,VOL,Virol,WR,"Anand, Gujarat",,
Gujarat,VAPI,VAPI,WR,"Valsad, Gujarat",Point,"[72.90912700000001, 20.374337999999998]"
Karnataka,KRNH,Karanahalli,SWR,"Bangalore Honavar Rd, Karnataka",Point,"[75.934385, 13.667160999999998]"
Gujarat,UVD,UDVADA,WR,"Udvada, Gujarat",Point,"[72.918698, 20.461236]"
Karnataka,UD,UDUPI,KR,"Udupi, Karnataka",Point,"[74.771733, 13.336341000000001]"
Tamil Nadu,VLCY,Velachery,SR,"Chennai, Tamil Nadu",Point,"[80.21921699999999, 12.967092000000001]"
Uttar Pradesh,VNN,BHANAUR,NR,"State Highway 36, Uttar Pradesh",Point,"[82.530022, 25.573159999999998]"
Gujarat,VDH,VEDCHHA,WR,"Navsari, Gujarat",Point,"[72.93641500000001, 20.874651]"
Gujarat,VAL,VADAL,WR,"Vadal, Gujarat",Point,"[70.492663, 21.611243]"
Punjab,VKA,Verka Junction,NR,"Amritsar, Punjab",Point,"[74.931669, 31.665699]"
Haryana,UKN,Uklana,NR,"State Highway 2, Haryana",Point,"[75.883133, 29.498980000000003]"
Bihar,VPN,VIDYAPATINAGAR,ECR,"Raod For VIDYAPATI DHAM, Bihar",Point,"[85.80234268800001, 25.601974857400002]"
Andhra Pradesh,UPL,UPPALUR,SCR,"Krishna, Andhra Pradesh",Point,"[80.780125, 16.492803000000002]"
Karnataka,UNK,UNKAL,SWR,"Hubli, Karnataka",Point,"[75.12425499999999, 15.377158999999999]"
Karnataka,ULL,ULLAL,SR,"Someshwar, Karnataka",Point,"[74.85477900000001, 12.791319999999999]"
Gujarat,VTJ,VARTEJ,WR,"Bhavnagar, Gujarat",Point,"[72.05519899999999, 21.746198]"
West Bengal,UTN,Uttar Radhanagar Halt,ER,"Sherpur Dhamua Rd, West Bengal",Point,"[88.383365, 22.269458]"
Kerala,VDKS,Vadanam Kurussi Halt,SR,"Shornur Perinthalmanna Hwy, Kerala",Point,"[76.252871, 10.788139]"
Gujarat,UNA,Una,WR,"Una, Gujarat",Point,"[71.036053, 20.819025]"
Himachal Pradesh,UHL,Una Himachal,NR,"Una, Himachal Pradesh",Point,"[76.27566, 31.478782000000002]"
Gujarat,UMH,Umreth,WR,"Umreth, Gujarat",Point,"[73.119782, 22.693375999999997]"
Uttar Pradesh,UGU,Ugu,NR,"Unnao, Uttar Pradesh",Point,"[80.299391, 26.804337999999998]"
Uttarakhand,VRH,VIRBHADRA,NR,"Rishikesh, Uttarakhand",Point,"[78.251864, 30.074509]"
West Bengal,VSPR,BISHNUPRIYA,ER,"Nabadwip, West Bengal",Point,"[88.3552, 23.413186]"
Gujarat,VRJ,Vadaj,WR,"State Highway 160, Gujarat",,
Maharashtra,VRKD,Varkhedi,CR,"Jalgaon, Maharashtra",,
Gujarat,VSI,Vishvamitri,WR,"Vadodara, Gujarat",,
Tamil Nadu,VEL,Vellanur,SR,"Pudukkottai, Tamil Nadu",Point,"[78.796975, 10.46709]"
Maharashtra,YSI,YEDESHI,CR,"National Highway 211, Maharashtra",Point,"[75.97657, 18.317377999999998]"
Maharashtra,VUL,Virul,CR,"Wardha, Maharashtra",,
Tamil Nadu,VLY,VALLIYUR,SR,"Vallioor, Tamil Nadu",Point,"[77.61399, 8.376159999999999]"
Tamil Nadu,VT,VELLORE TOWN,SR,"Vellore - 632008, Tamil Nadu",Point,"[79.125213, 12.923646999999999]"
Gujarat,VKG,Vavadi Khurd,WR,"National Highway 59, Gujarat",Point,"[73.502962, 22.79511]"
Andhra Pradesh,WDR,WADIARAM,SCR,"Telangana Region, Andhra Pradesh",Point,"[78.455417, 17.972607]"
Tamil Nadu,VKP,VARAKALPATTU,SR,"State Highway 9, Tamil Nadu",Point,"[79.704026, 11.765793]"
Tamil Nadu,VTV,VALANTARAVAL,SR,"National Highway 49, Tamil Nadu",Point,"[78.911814, 9.337064]"
Gujarat,VQD,VIRAMDAD,WR,"Khambhalia-Dwarka (SH 6), Gujarat",Point,"[69.575526, 22.197917]"
Maharashtra,ABLE,AMBALE,CR,"Malshiras Rd, Maharashtra",Point,"[74.171511, 18.398719]"
Maharashtra,WRD,Warudkhed,CR,"Wardha, Maharashtra",,
Maharashtra,VTN,VAITARNA,WR,"Thane, Maharashtra",Point,"[72.849578, 19.517672]"
Bihar,XBAC,Bachharpur Halt,ECR,"Bachharpur, Bihar",,
Karnataka,VNR,DEVANUR,SWR,"National Highway 206, Karnataka",Point,"[76.08846, 13.439281999999999]"
Bihar,VKNR,VALMIKINAGAR RD,ECR,"National Highway 28B, Bihar",Point,"[84.034555, 27.195058000000003]"
Kerala,WH,WEST HILL,SR,"Calicut, Kerala",Point,"[75.765232, 11.28603]"
Gujarat,VVV,VAVERA,WR,"Rajula-Vijapadi Rd, Gujarat",Point,"[71.441677, 21.062395000000002]"
Gujarat,VLA,BAVLA,WR,"Bavla, Gujarat",Point,"[72.36512300000001, 22.833389]"
Tamil Nadu,CAPE,KANYAKUMARI,SR,"Kanyakumari, Tamil Nadu",Point,"[77.542504, 8.088028]"
,XSAD,SADIPUR HALT,?,,Point,"[85.596052, 24.932654]"
Kerala,VNB,Vaniyambalam,SR,"Vaniyambalam, Kerala",Point,"[76.260513, 11.188459]"
West Bengal,VSU,BISHNUPUR,SER,"Bishnupur, West Bengal",Point,"[87.30107100000001, 23.065499000000003]"
Kerala,VLL,VELLAYIL,SR,"Calicut, Kerala",Point,"[75.77461, 11.264509]"
Gujarat,VJK,VEJALKA,WR,"State Highway 38, Gujarat",Point,"[71.719118, 22.416769]"
Tamil Nadu,VRQ,VIRARAKKIYAM,SR,"Verarakiyam, Tamil Nadu",Point,"[78.165859, 10.939107]"
Rajasthan,ABR,ABU ROAD,NWR,"Sirohi Dist, Rajasthan",Point,"[72.775695, 24.470775]"
Gujarat,ZKV,Zankhvav,WR,"SH 166, Gujarat",Point,"[73.31783892586827, 21.45148506222334]"
Maharashtra,YTL,Yavatmal,CR,"Yavatmal, Maharashtra",Point,"[78.11973326839507, 20.387302241829445]"
Kerala,VPZ,Vailapuzha,SR,"Vallapuzha, Kerala",Point,"[76.252495, 10.842075999999999]"
Gujarat,VLDR,Valadar,WR,"Junagadh, Gujarat",Point,"[70.724646, 20.967861000000003]"
Chhattisgarh,BXA,Balod,SECR,"Balod, Chhattisgarh",Point,"[81.205261, 20.740984]"
Karnataka,YDK,Yedekumeri,SWR,"Yedukumeri Station, Karnataka",Point,"[75.622206, 12.823403]"
Andhra Pradesh,VVM,Viravasaram,SCR,"Palakollu, Andhra Pradesh",Point,"[81.63254, 16.542123999999998]"
Gujarat,VVD,Vavdi,WR,"State Highway 31, Gujarat",Point,"[70.793468, 21.714204]"
Andhra Pradesh,YP,ERRUPALEM,SCR,"Yerrupalem, Andhra Pradesh",Point,"[80.471049, 16.825374]"
Karnataka,AHD,AHERWADI,SWR,"Sholapur, Karnataka",Point,"[75.99559, 17.504915]"
Andhra Pradesh,YGL,YELGUR,SCR,"Yelgur Station, Andhra Pradesh",Point,"[79.74703099999999, 17.860901]"
Gujarat,ALMR,ALAMPUR,WR,"State Highway 31, Gujarat",Point,"[71.699156, 21.944012999999998]"
Maharashtra,WNG,WANEGAON,SCR,"Chudawa, Maharashtra",Point,"[77.2501103802, 19.1668082025]"
Maharashtra,WANI,WANI,CR,"Wani, Maharashtra",Point,"[78.962635, 20.06638]"
Karnataka,BDM,BADAMI,SWR,"Bagalkot, Karnataka",Point,"[75.6767002, 15.958918]"
Karnataka,BGK,BAGALKOT,SWR,"Bagalkot, Karnataka",Point,"[75.7002383, 16.1787931]"
Uttar Pradesh,AFR,ASAFPUR,NR,"Bijnor, Uttar Pradesh",Point,"[78.905957, 28.405553]"
Tamil Nadu,WJ,WALAJABAD,SR,"Walajabad, Tamil Nadu",Point,"[79.81836999999999, 12.797321]"
Maharashtra,WSA,Wadsa,SECR,"Chandrapur, Maharashtra",Point,"[79.96351299999999, 20.624198]"
Madhya Pradesh,BHTN,BHITONI,WCR,"Jabalpur, Madhya Pradesh",Point,"[79.6740109, 23.142728299999998]"
Uttar Pradesh,AMA,ATAMANDA,NER,"State Highway 37, Uttar Pradesh",Point,"[79.468143, 28.58606]"
Andhra Pradesh,ZPI,Zampini,SCR,"Zampani, Andhra Pradesh",Point,"[80.71400799999999, 16.199033]"
Kerala,AMVA,AMARAVILA HALT,SR,"Thiruvananthapuram, Kerala",Point,"[77.10036199999999, 8.397108999999999]"
West Bengal,ACLE,AZIMGANJ CITY,ER,"Police Station Rd, West Bengal",Point,"[88.25887100000001, 24.237941]"
Gujarat,WSJ,WANSJALIYA,WR,"Tarsai - Vansjaliya, Gujarat",Point,"[69.873569, 21.799383000000002]"
Uttar Pradesh,AHU,Ahirauli,NER,"State Highway 1A, Uttar Pradesh",Point,"[83.03422499999999, 27.30686]"
Karnataka,BAY,BELLARY JN,SWR,"Bellary, Karnataka",Point,"[76.921995, 15.145135]"
Gujarat,ALB,ALIA BADA,WR,"Jamnagar, Gujarat",Point,"[70.210367, 22.44677]"
Rajasthan,ATRU,ATRU,WCR,"Atru, Rajasthan",Point,"[76.6702185, 24.8821354]"
Bihar,WZJ,WAZERGANJ,ECR,"Gaya, Bihar",Point,"[85.225637, 24.813122]"
Madhya Pradesh,BIX,BHIND,NCR,"Bhind, Madhya Pradesh",Point,"[78.77743530000001, 26.588904900000003]"
Gujarat,WKRC,WANKANER CITY,WR,"Wankaner, Gujarat",Point,"[70.956182, 22.611810000000002]"
Jammu and Kashmir,BBMN,BARI BRAHMAN,NR,"Bari Brahmana, Jammu and Kashmir",Point,"[74.916171, 32.63896]"
Bihar,WENA,Wena,ECR,"Wena, Bihar",Point,"[85.5319560193, 25.3266239799]"
Gujarat,WAB,BALWA,WR,"SH 126, Gujarat",Point,"[69.961069, 21.895867000000003]"
,BLCA,BLOCK HUT BEAS,,,Point,"[75.61447700000001, 32.101414]"
Andhra Pradesh,ZB,Zahirabad,SCR,"Dist. Medak, Andhra Pradesh",Point,"[77.61021299999999, 17.674958]"
Haryana,ZP,Zarpur Pali,NWR,"Road to Nangal Mala, Haryana",Point,"[76.14827000000001, 28.281073000000003]"
Rajasthan,BJN,Bejnal,NWR,"Rajsamand, Rajasthan",Point,"[73.914959, 24.983198]"
Rajasthan,BGKT,BHAGAT KI KOTHI,NWR,"Jodhpur, Rajasthan",Point,"[73.0133366, 26.2484972]"
,KRNN,Karnauti Halt,,,Point,"[85.54704889770001, 25.396291565400002]"
Tamil Nadu,VXM,Vellipalayam,SR,"Nagapattinam, Tamil Nadu",Point,"[79.843856, 10.775837000000001]"
Maharashtra,AMDI,Amdi Halt,SECR,"Amadi, Maharashtra",Point,"[79.31875600000001, 21.352410000000003]"
Rajasthan,BISH,Bishengarh,NWR,"Jalor, Rajasthan",Point,"[72.5752165, 25.448874]"
Uttar Pradesh,YDV,Yadvendranagar,NER,"Yadvendranagar, Uttar Pradesh",Point,"[82.75140999999999, 25.756558]"
Andhra Pradesh,YDP,Yedapalli,SCR,"Telangana Region, Andhra Pradesh",Point,"[77.952866, 18.678662]"
Uttar Pradesh,YEAM,Yogendra Dham Halt,NER,"Yogendra Dham, Uttar Pradesh",Point,"[81.728543, 27.454598]"
Uttar Pradesh,AKW,Akora,NCR,"National Highway 86, Uttar Pradesh",Point,"[80.139995, 25.613687]"
Gujarat,ALV,Anklav,WR,"Anklav, Gujarat",Point,"[72.999264, 22.392856]"
Punjab,BSS,BAHADUR SINGH WALA,NR,"SH 11, Punjab",Point,"[75.858906, 30.319025]"
West Bengal,AZ,AZIMGANJ JN,ER,"Police Station Rd, West Bengal",Point,"[88.256764, 24.219053]"
Maharashtra,ARAG,ARAG,CR,"Jath Rd, Maharashtra",Point,"[74.79116400000001, 16.823628]"
Uttar Pradesh,BEU,Bisheshwarganj,NER,"Bisheshwarganj, Uttar Pradesh",Point,"[81.833817, 27.341282]"
Assam,BSI,BASBARI,NFR,"Dhubri Kochugaon Rd, Assam",Point,"[89.900353, 26.184354000000003]"
Uttar Pradesh,BPR,BHOJIPURA JN,NER,"SH 37, Uttar Pradesh",Point,"[79.44724, 28.4939826]"
West Bengal,APD,Alipur Duar,NFR,"Alipurduar, West Bengal",Point,"[89.520667, 26.479307000000002]"
Punjab,BHX,BULLUANA,NR,"Balluana, Punjab",Point,"[74.78304, 30.217553000000002]"
Gujarat,BIM,BILIMORA JN,WR,"Bilimora, Gujarat",Point,"[72.970474, 20.763319]"
Rajasthan,BKC,BHIKAMKOR,NWR,"Jodhpur, Rajasthan",Point,"[72.78720299999999, 26.80763]"
Andhra Pradesh,BMO,BOLARUM,SCR,"Secunderabad, Andhra Pradesh",Point,"[78.5154167, 17.5335493]"
Punjab,BLZ,BUDHLADA,NR,"Budhlada, Punjab",Point,"[75.5496866, 29.9217422]"
Karnataka,BHLK,Bhalki,SCR,"Bhalki, Karnataka",Point,"[77.228081, 18.047011100000002]"
Maharashtra,BDU,BADNAPUR,SCR,"Jalna, Maharashtra",Point,"[75.722483, 19.873979]"
Rajasthan,BMQ,BHIMARLAI,NWR,"National Highway 112, Rajasthan",Point,"[71.88173556, 25.89293086]"
Karnataka,BNP,BHANAPUR,SWR,"National Highway 63, Karnataka",Point,"[76.036416, 15.38694828]"
Rajasthan,BLT,BALOTRA JN,NWR,"Balotra, Rajasthan",Point,"[72.248683, 25.830070999999997]"
Uttar Pradesh,BFV,BAHELIA BUZURG,NER,"Bahelia Buzurg, Uttar Pradesh",Point,"[80.512537, 28.046924]"
Uttar Pradesh,BHBR,Bathua Bazar,NER,"Phulwaria, Uttar Pradesh",Point,"[84.2321793958, 26.4968303633]"
Uttar Pradesh,BTKP,BHARAT KUP,NCR,"Chitrakoot, Uttar Pradesh",Point,"[80.76767899999999, 25.217166]"
Uttar Pradesh,BIK,BHIRA KHERI,NER,"Lakhimpur Kheri, Uttar Pradesh",Point,"[80.486132, 28.334799]"
Uttar Pradesh,BAOL,BAOLI,NR,"Bagpat, Uttar Pradesh",Point,"[77.278015354, 29.140457035199997]"
Uttar Pradesh,BTX,BELA TAL,NCR,"Chhatarpur, Uttar Pradesh",Point,"[79.55448188960001, 25.2767862477]"
Rajasthan,BOM,BOMADRA,NWR,"Pali Marwar, Rajasthan",Point,"[73.43942509, 25.78029392]"
Orissa,BSPX,Banspani,SER,"National Highway 215, Orissa",Point,"[85.42341227, 22.00024281]"
Rajasthan,BIB,Birpur,NCR,"State Highway 2, Rajasthan",Point,"[77.174223, 26.155568000000002]"
Karnataka,ARU,Arasalu,SWR,"Arasalu, Karnataka",Point,"[75.314466, 13.999308999999998]"
Tamil Nadu,MPC,Muttampatti,SWR,"Dharmapuri, Tamil Nadu",Point,"[78.152895, 11.984107]"
Gujarat,BAJ,Bhalej,WR,"Bhalej, Gujarat",Point,"[73.034499, 22.633029999999998]"
Andhra Pradesh,AWM,Aswapuram,SCR,"Sarapaka, Andhra Pradesh",Point,"[80.80126, 17.821267000000002]"
Chhattisgarh,AVP,Abhanpur Junction,SECR,"Raipur, Chhattisgarh",Point,"[81.74489899999999, 21.052203000000002]"
Chhattisgarh,BDXX,Bade Arapur,ECoR,"Bade Arapur, Chhattisgarh",Point,"[81.837917, 19.011494000000003]"
West Bengal,BGRD,Beliaghata Road,ER,"State Highway 2, West Bengal",Point,"[88.607005, 22.674548]"
Madhya Pradesh,ANI,Ajanti,WR,"East Nimar, Madhya Pradesh",Point,"[76.285956, 21.893954]"
Rajasthan,BUT,BAYTU,NWR,"State Highway 40, Rajasthan",Point,"[71.76868, 25.897537999999997]"
West Bengal,BMGA,BHIMGARA,ER,"Birbhum, West Bengal",Point,"[87.28427905, 23.73804814]"
Uttar Pradesh,BLTR,BELTHARA ROAD,NER,"Belthara, Uttar Pradesh",Point,"[83.841719, 26.121418]"
Gujarat,BKNG,BHAKTI NAGAR,WR,"Rajkot, Gujarat",Point,"[70.792278, 22.282963]"
Rajasthan,DEP,Depalsar,NWR,"Churu, Rajasthan",Point,"[74.92033749999999, 28.2368573]"
Gujarat,BKD,Bhankoda,WR,"State Highway 138, Gujarat",Point,"[72.1277773999, 23.270810878299997]"
Gujarat,DHJ,DHINOJ,WR,"Dhinoj, Gujarat",Point,"[72.2818798, 23.6710024]"
Uttar Pradesh,BCY,VARANASI CITY,NER,"Varanasi, Uttar Pradesh",Point,"[83.0141142, 25.3341176]"
Madhya Pradesh,BNE,BOHANI,WCR,"Narsinghpur, Madhya Pradesh",Point,"[78.9159773981, 22.9137476381]"
Maharashtra,DDR,MUMBAI DADAR WEST,WR,"Mumbai, Maharashtra",Point,"[72.84346500000001, 19.019731]"
Karnataka,BNC,BANGALORE CANT,SWR,"Bengaluru, Karnataka",Point,"[77.59932690000001, 12.9936735]"
Haryana,BSPH,BISHANPUR HARYANA,NR,"Bishanpur, Haryana",Point,"[76.323906, 29.274012000000003]"
West Bengal,BQY,BELERHAT,ER,"State Highway 6, West Bengal",Point,"[88.28291748000001, 23.51930706]"
Rajasthan,DGW,DHIGAWARA,NWR,"Baswa, Rajasthan",Point,"[76.613599, 27.296265000000002]"
Assam,BXJ,BOKAJAN,NFR,"Bokajan, Assam",Point,"[93.779466, 26.018425999999998]"
Assam,BOJ,BHOJO,NFR,"Bhojo Railway Station, Assam",Point,"[95.03240600000001, 27.0635982]"
Maharashtra,BDTS,MUMBAI BANDRA TERMINUS,WR,"Mumbai, Maharashtra",Point,"[72.840535, 19.061911]"
Assam,BLPR,Badulipar,NFR,"Badulipar, Assam",Point,"[93.87912899999999, 26.646825]"
Rajasthan,BBC,Bhachhbar,NWR,"State Highway 40, Rajasthan",Point,"[71.044404, 25.73181]"
Uttar Pradesh,BNKJ,BANKE GANJ,NER,"Lakhimpur Kheri, Uttar Pradesh",Point,"[80.416286, 28.158478000000002]"
Rajasthan,DIA,Didwana,NWR,"Didwana, Rajasthan",Point,"[74.55765600000001, 27.406108]"
West Bengal,BNV,BINNAGURI,NFR,"National Highway 31C, West Bengal",Point,"[89.05239089999999, 26.747088299999998]"
West Bengal,DLO,DALGAON,NFR,"Birpara, West Bengal",Point,"[89.136244, 26.715384]"
Assam,BOKO,BOKO,NFR,"National Highway 37, Assam",Point,"[91.219674, 25.999791]"
Rajasthan,DKX,Dudhwakhara,NWR,"National Highway 65, Rajasthan",Point,"[75.16531499999999, 28.4587]"
Punjab,BRW,Bariwala,NR,"Mandi Bariwala, Punjab",Point,"[74.65895300000001, 30.532580000000003]"
Kerala,BRAM,BALARAMAPURAM,SR,"Balaramapuram, Kerala",Point,"[77.05132087999999, 8.430107451]"
Tamil Nadu,CBU,Chinna Babu Samudram,SR,"Villupuram, Tamil Nadu",Point,"[79.686417, 11.919465]"
Rajasthan,DKBJ,Dahar Ka Balaji,NWR,"Jaipur, Rajasthan",Point,"[75.765669, 26.944321]"
Maharashtra,CAF,Chanda Fort,SECR,"Chandrapur, Maharashtra",Point,"[79.3122585, 19.9400612]"
Orissa,BRMP,Biramitrapur,SER,"Birmitrapur, Orissa",Point,"[84.7369583, 22.3971312]"
West Bengal,BJY,Bangalbaree,NFR,"State Highway 10A, West Bengal",Point,"[88.22942499999999, 25.626454]"
Uttar Pradesh,DMW,Dalmau Junction,NR,"Dalmau, Uttar Pradesh",Point,"[81.05365, 26.075249999999997]"
Uttarakhand,BRDT,BERIA DAULAT,NER,"National Highway 74, Uttarakhand",Point,"[79.210042, 29.13221]"
Rajasthan,DUM,DHAURMUI JAGHNA,WCR,"State Highway 33, Rajasthan",Point,"[77.53653800000001, 27.292281]"
Tamil Nadu,ALK,ALAKKUDI,SR,"Alakudi, Tamil Nadu",Point,"[79.0537095, 10.77766297]"
Chhattisgarh,BHNS,Bhansi,ECoR,"Dhurli-Basenpur Rd, Chhattisgarh",Point,"[81.26535758, 18.77690197]"
Rajasthan,DY,DUMARIYA,WCR,"State Highway 1, Rajasthan",Point,"[77.234121, 26.864673]"
Rajasthan,GLNA,GULANA,NWR,"State Highway 25, Rajasthan",Point,"[76.564974, 27.10333]"
Uttar Pradesh,BWR,BARWA SAGAR,NCR,"Jhansi(0510-2440441), Uttar Pradesh",Point,"[78.731628, 25.351848]"
Madhya Pradesh,CDI,CHANDNI,CR,"East Nimar, Madhya Pradesh",Point,"[76.350657, 21.427163999999998]"
Uttar Pradesh,BUBT,BURAHA BHARTHA,NCR,"Buraha Bharthara, Uttar Pradesh",Point,"[78.67032900000001, 27.108219]"
Punjab,GHG,GHAGGHAR,NR,"National Highway 22, Punjab",Point,"[76.84804777400001, 30.6111449411]"
Rajasthan,GGR,GANGRAR,NWR,"Gangrar, Rajasthan",Point,"[74.624757, 25.061279000000003]"
Assam,DJA,DAOTUHAJA,NFR,"National Highway 54, Assam",Point,"[93.162162, 25.227501]"
Andhra Pradesh,DHP,DICHPALLI,SCR,"Dichpalli, Andhra Pradesh",Point,"[78.194667, 18.613288]"
West Bengal,DMA,DAMODAR JUNCTION,SER,"Bardhaman, West Bengal",Point,"[86.908517, 23.651021]"
Karnataka,BYD,BYADGI,SWR,"National Highway 4, Karnataka",Point,"[75.4900954675, 14.6997230018]"
Assam,ARCL,ARUNACHAL,NFR,"Cachar, Assam",Point,"[92.742995, 24.855593]"
Punjab,BZ,BHARUR,NR,"Sunam, Punjab",Point,"[75.8156104224, 30.165006839]"
Karnataka,GIN,GINIGERA,SWR,"Ginigera, Karnataka",Point,"[76.247613, 15.348226]"
Karnataka,BVR,BANAVAR,SWR,"National Highway 234, Karnataka",Point,"[76.1400537476, 13.395698823]"
Assam,DPRA,DHUP DHARA,NFR,"National Highway 37, Assam",Point,"[91.066009, 25.979779]"
Karnataka,DWR,DHARWAR,SWR,"Dharwad, Karnataka",Point,"[75.004552, 15.440386]"
Gujarat,DNPR,Dhanpura,WR,"State Highway 133, Gujarat",Point,"[72.212366, 23.453415]"
Assam,FKG,FURKATING JN,NFR,"K B Rd, Assam",Point,"[94.00269200000001, 26.465652000000002]"
Punjab,BWB,BAGWALI,NWR,"National Highway 64, Punjab",Point,"[74.772519, 30.033151999999998]"
Gujarat,BVP,BHAVANAGAR PARA,WR,"Bhavnagar, Gujarat",Point,"[72.11868199999999, 21.770889999999998]"
Gujarat,BVC,BHAVNAGAR TERMINUS,WR,"Bhavnagar, Gujarat",Point,"[72.141059, 21.781668]"
Karnataka,DOY,Dornahalli,SWR,"Dornahalli, Karnataka",Point,"[76.42625, 12.433086000000001]"
Madhya Pradesh,BXY,Bordhal,CR,"Amla, Madhya Pradesh",Point,"[78.348164, 21.997011]"
West Bengal,DGHA,Digha Flag Station,?,"State Highway 57, West Bengal",Point,"[87.507655, 21.622377]"
Karnataka,KRNR,Krishnarajanagara,SWR,"Krishnarajanagara, Karnataka",Point,"[76.38862689999999, 12.4454105]"
Uttar Pradesh,GTP,Ghatpuri,NER,"State Highway 33, Uttar Pradesh",Point,"[79.20593600000001, 28.125245999999997]"
West Bengal,DLX,Dalimgaon,NFR,"Dhankoil to Dalimgaoun, West Bengal",Point,"[88.38629999999999, 25.640548000000003]"
West Bengal,BSLA,Bhasila,ER,"Bhasila Railway Station, West Bengal",Point,"[88.65854499999999, 22.665494000000002]"
Rajasthan,DJKR,Dolaji Ka Khera,NWR,"Pali, Rajasthan",Point,"[73.882498, 25.537166]"
Andhra Pradesh,GUU,GUNDRATIMADUGU,SCR,"Mahbuababad-Badrachalam Rd, Andhra Pradesh",Point,"[80.079953, 17.532281]"
Rajasthan,FSP,FATEH SINGHPURA,WCR,"State Highway 1, Rajasthan",Point,"[77.1469610779, 26.8216101334]"
Madhya Pradesh,DRA,DULARIA,WCR,"Itarsi, Madhya Pradesh",Point,"[77.654362, 22.575660999999997]"
,SKDM,SIKRODA MINA,,,Point,"[77.002212, 26.722854]"
Karnataka,GNR,GADIGANURU,SWR,"Bellary, Karnataka",Point,"[76.599178, 15.219036000000001]"
Madhya Pradesh,DRSN,DHURWASIN,SECR,"Parasi, Madhya Pradesh",Point,"[81.845641, 23.129052]"
Assam,GUP,GAURIPUR,NFR,"Gauripur, Assam",Point,"[89.952056, 26.078321]"
West Bengal,GALE,GANKAR,ER,"Gankar, West Bengal",Point,"[88.07289439819999, 24.404804119599998]"
Rajasthan,HKL,HARKIA KHAL,WR,"State Highway 31, Rajasthan",Point,"[74.91966500000001, 24.363234000000002]"
Andhra Pradesh,GDPL,GUNDLA POCHAMPALLI,SCR,"Rangareddy, Andhra Pradesh",Point,"[78.488371, 17.568097]"
West Bengal,FLM,Falimari,NFR,"Falimari, West Bengal",Point,"[89.5868746, 26.0707762]"
Maharashtra,J,JALNA,SCR,"Jalna, Maharashtra",Point,"[75.893142, 19.830781]"
Jharkhand,JGD,Jagadishpur,ER,"Jagadishpur, Jharkhand",Point,"[86.525172, 24.273027000000003]"
Gujarat,GTWD,Ghatwad,WR,"Junagadh, Gujarat",Point,"[70.74961099999999, 20.92654]"
Karnataka,GNB,JNANA BHARTI HALT,SWR,"Mysore Road Bengaluru, Karnataka",Point,"[77.511242, 12.935329000000001]"
Haryana,GHNA,GOHANA,NR,"Gohana, Haryana",Point,"[76.68937799999999, 29.140297]"
Uttar Pradesh,DWI,DINGWAHI,NCR,"National Highway 76, Uttar Pradesh",Point,"[80.414159, 25.416805]"
Uttar Pradesh,GLBN,GUJRAN BALWA,NR,"State Highway 57, Uttar Pradesh",Point,"[77.301364624, 29.4068014069]"
Nagaland,DSR,DHANSIRI,NFR,"Bridge, Nagaland",Point,"[93.613598, 25.810836]"
Uttar Pradesh,GK,GOLA GOKARANATH,NER,"Gola, Uttar Pradesh",Point,"[80.475468, 28.084651]"
Punjab,DZA,DASUYA,NR,"Dasuya, Punjab",Point,"[75.657932, 31.80853]"
Rajasthan,SRPJ,SWARUPGANJ,NWR,"Sirohi Road, Rajasthan",Point,"[72.9319259351, 24.6581702628]"
Haryana,HNS,Hansi,NWR,"Hissar, Haryana",Point,"[75.94724099999999, 29.088276999999998]"
Rajasthan,HYL,Hadyal,NWR,"MDR 97, Rajasthan",Point,"[75.26504100000001, 28.526882999999998]"
Uttar Pradesh,GDO,Goverdhan,NCR,"Mathura District, Uttar Pradesh",Point,"[77.46164300000001, 27.520546]"
Rajasthan,JBS,Jadoli Ka Bas,NCR,"Alwar, Rajasthan",Point,"[76.880759, 27.539231]"
Punjab,FZP,Firozpur City,NR,"Firozpur, Punjab",Point,"[74.600792, 30.962007]"
Kerala,EKN,Ezhukone,SR,"Kollam-Tirumangalam Rd, Kerala",Point,"[76.715068, 8.979142999999999]"
Punjab,GSR,Garhshankar,NR,"Garhshankar, Punjab",Point,"[76.14241700000001, 31.21799]"
Madhya Pradesh,GOPA,Ghosipura,NCR,"Gwalior, Madhya Pradesh",Point,"[78.150553, 26.215133]"
Chhattisgarh,URGA,Urga,SECR,"Korba, Chhattisgarh",Point,"[82.736062, 22.265791999999998]"
West Bengal,GGV,Ghovarash Ghona,ER,"Ghoraras Ghona, West Bengal",Point,"[88.78289199999999, 22.651678]"
Uttar Pradesh,GRMR,Garhi Manikpur,NR,"Garhi Manikpur, Uttar Pradesh",Point,"[81.40315299999999, 25.786329]"
Madhya Pradesh,DTQ,Dantarda Kalan,NCR,"State Highway 6, Madhya Pradesh",Point,"[76.71403099999999, 25.763299999999997]"
Uttar Pradesh,JLQ,JALPUR,?,"MDR 65W, Uttar Pradesh",Point,"[78.870355, 29.012363999999998]"
Madhya Pradesh,HRV,HARRAD,SECR,"Shahdol, Madhya Pradesh",Point,"[81.90404000000001, 23.161136]"
Jammu and Kashmir,HRNR,HIRA NAGAR,NR,"Hiranagar, Jammu and Kashmir",Point,"[75.268733, 32.487007000000006]"
Andhra Pradesh,JKM,JANKAMPET JN,SCR,"Nizamabad, Andhra Pradesh",Point,"[78.05386, 18.70264]"
West Bengal,JOC,JOYCHANDI PAHAR,SER,"Purulia, West Bengal",Point,"[86.68033899999999, 23.516393]"
Bihar,HIR,HARINAGAR,ECR,"Ramnagar, Bihar",Point,"[84.324507, 27.156647]"
Maharashtra,JCNR,JUCHANDRA,CR,"NH 8, Maharashtra",Point,"[72.87245142, 19.35986171]"
Uttar Pradesh,JKNI,Jharkhandi,NER,"MDR 10E, Uttar Pradesh",Point,"[82.17975597290001, 27.4330507545]"
Kerala,HAD,HARIPPAD,SR,"Haripad 0479-2412714, Kerala",Point,"[76.46222900000001, 9.279602]"
Maharashtra,HMPR,HURMUJPUR HALT,CR,"Maharashtra, Maharashtra",Point,"[83.35227499999999, 25.721525]"
Gujarat,JIL,JALILA ROAD,WR,"Botad, Gujarat",Point,"[71.820315, 22.23946]"
Uttar Pradesh,ITE,Intiyathok,NER,"MDR 10E, Uttar Pradesh",Point,"[82.0254415802, 27.275552861799998]"
Gujarat,JALD,JALIYA DEVANI,WR,"Ranuja Village Rd, Gujarat",Point,"[70.399597, 22.420182999999998]"
Uttar Pradesh,KDQ,KADIPUR,NER,"National Highway 29, Uttar Pradesh",Point,"[83.09130300000001, 25.44872]"
Uttar Pradesh,IDGJ,IRADATGANJ,NCR,"Allahabad, Uttar Pradesh",Point,"[81.81928099999999, 25.317889]"
Gujarat,HM,HADMATIYA JN,WR,"State Highway 98, Gujarat",Point,"[70.47043762019999, 22.4279053359]"
Kerala,JGE,JAGANNATH TEMPLE GATE,SR,"Mahe, Kerala",Point,"[75.507837, 11.737975]"
Madhya Pradesh,HATI,HATI,WCR,"MDR 11, Madhya Pradesh",Point,"[80.843299, 24.68924]"
Karnataka,HLK,HOLALKERE,SWR,"National Highway 13, Karnataka",Point,"[76.1300544724, 14.038157957300001]"
Maharashtra,JSV,JARANDESHWAR,CR,"SH 61, Maharashtra",Point,"[74.0773198273, 17.7507667858]"
Andhra Pradesh,KCI,Kallkiri,SCR,"Punganur Rd, Andhra Pradesh",Point,"[78.801131, 13.643625]"
Karnataka,KRNU,KONANUR,SWR,"Nanjungudu-Chamarajanagara Rd, Karnataka",Point,"[76.809835, 12.025333999999999]"
Uttar Pradesh,KEX,KHEKRA,NR,"Tronica City, Uttar Pradesh",Point,"[77.288916, 28.871499999999997]"
Rajasthan,SWNI,Siwani,NWR,"National Highway 65, Rajasthan",Point,"[75.6040669287, 28.9148353709]"
Orissa,JRT,JARTI,?,"Jarti Station, Orissa",Point,"[82.66510099999999, 18.890456]"
Uttar Pradesh,HDK,HANDIA KHAS,NER,"Handia, Uttar Pradesh",Point,"[82.18941, 25.357472]"
Bihar,JJP,Jhanjharpur,?,"Madhubani, Bihar",Point,"[86.267833, 26.228493]"
Rajasthan,JRKN,Jorkian,NWR,"Hanumangarh, Rajasthan",Point,"[74.2221512, 29.8325238]"
Orissa,KCV,Krishnachandrapur,SER,"Mayurbhanj, Orissa",Point,"[86.82005, 21.824613]"
Uttar Pradesh,JSC,Jalesar City,NCR,"Jalesar, Uttar Pradesh",Point,"[78.30634, 27.459871]"
West Bengal,HRO,Harua Road,ER,"Harua Road Railway Station, West Bengal",Point,"[88.689994, 22.661628]"
,ASTG,Astegaon,,,Point,"[77.927221, 21.296402]"
Madhya Pradesh,IKR,Iklehra,CR,"Dongar Parasia, Madhya Pradesh",Point,"[78.711385, 22.207929]"
Haryana,JKZ,Jitakheri,?,"Bhiwani, Haryana",Point,"[75.9873709528, 29.0117786412]"
Karnataka,HHT,Habanghata,SWR,"Habanghata, Karnataka",Point,"[76.2495220447, 13.226848573]"
Karnataka,KLM,KADLIMATTI,SWR,"State Highway 20, Karnataka",Point,"[75.796092, 16.236489]"
Madhya Pradesh,KDHA,KARCHHA,WR,"State Highway 18, Madhya Pradesh",Point,"[75.9098425183, 23.1048189579]"
Uttar Pradesh,KDF,KHUNDAUR,NR,"Ramapur Railway Station, Uttar Pradesh",Point,"[82.01505399999999, 26.020077]"
West Bengal,KJU,KUNTIGHAT,ER,"Kuntighat Railway Station, West Bengal",Point,"[88.413149, 23.016799000000002]"
Rajasthan,KTPK,KOTHA PAKKI,NR,"National Highway 15, Rajasthan",Point,"[73.966186, 30.143767]"
Punjab,KLWL,KILANWALI PUNJAB,NR,"National Highway 15, Punjab",Point,"[74.11242, 30.137221]"
Gujarat,KHRS,KHARESHWAR ROAD,WR,"State Highway 7, Gujarat",Point,"[71.9804719385, 23.0627851439]"
Karnataka,KCP,Kalgupur,SCR,"Hulsoor, Karnataka",Point,"[77.19175, 18.163878]"
Uttar Pradesh,KJTW,KAJGAON TERHWAN,NR,"Kajgaon, Uttar Pradesh",Point,"[82.70545000000001, 25.685669]"
Haryana,KIP,KHALILPUR,NR,"State Highway 26, Haryana",Point,"[76.67836199999999, 28.274856]"
Uttar Pradesh,KHU,KHURHAND,NCR,"Atarra, Uttar Pradesh",Point,"[80.49498, 25.352584]"
Madhya Pradesh,KAW,KHAJRI,WCR,"Shivpuri, Madhya Pradesh",Point,"[77.617075, 25.563233999999998]"
Maharashtra,KOV,KIRLOSKARVADI,CR,"Sangli, Maharashtra",Point,"[74.41635799999999, 17.084152]"
Orissa,KDJR,Kendujhargarh,ECoR,"Kendujhar, Orissa",Point,"[85.62690500000001, 21.66029]"
West Bengal,TKRA,Tikra Ph,?,"State Highway 4, West Bengal",Point,"[87.531081, 21.664080000000002]"
Uttarakhand,KHMA,Khatima,NER,"Khatima, Uttarakhand",Point,"[79.969431, 28.915440999999998]"
Rajasthan,KRW,KHARWA,NWR,"Ajmer, Rajasthan",Point,"[74.42653, 26.204383999999997]"
Uttar Pradesh,KMDR,KARIMUDDIN PUR,NER,"Karimdinpur, Uttar Pradesh",Point,"[83.860581, 25.700369000000002]"
Maharashtra,KRD,KARAD,CR,"Satara, Maharashtra",Point,"[74.215686, 17.310011]"
Maharashtra,KMAH,KAMATHE,KR,"Maharashtra, Maharashtra",Point,"[73.515552, 17.477292]"
Andhra Pradesh,KLDI,KALDHARI,SCR,"Kaldhari Main Rd, Andhra Pradesh",Point,"[81.678046, 16.837853]"
Uttar Pradesh,KMP,KAMLAPUR,NER,"Kamalpur, Uttar Pradesh",Point,"[80.822278, 27.378437]"
Kerala,KN,KADALUNDI,SR,"Kozhikode district, Kerala",Point,"[75.82803299999999, 11.133481]"
Uttar Pradesh,KFK,KATKA,NER,"Mirzapur, Uttar Pradesh",Point,"[82.634249, 25.250251]"
Chhattisgarh,KKLU,Kaklur,ECoR,"Kaklur, Chhattisgarh",Point,"[81.619792, 18.883305]"
Gujarat,JVL,Jamwala,WR,"Junagadh, Gujarat",Point,"[70.772358, 20.971057]"
Rajasthan,KOF,Marwar Kori,NWR,"Jalor, Rajasthan",Point,"[72.2738395703, 24.9119408017]"
Gujarat,JTV,Jetalvad,WR,"Junagadh, Gujarat",Point,"[70.82471799999999, 21.35276]"
Punjab,KLSX,Kaulseri,NR,"Sherpur Sodhian, Punjab",Point,"[75.941435, 30.369503]"
West Bengal,KNJ,Krishnanagar City Junction,ER,"Krishnanagar, West Bengal",Point,"[88.493636, 23.388714]"
Karnataka,KTK,KYATANEAKERI RD,SWR,"Bijapur, Karnataka",Point,"[75.821206, 17.05336]"
Punjab,LNK,LOHIAN KHAS JN,NR,"Malsian Rd, Punjab",Point,"[75.196445, 31.165462]"
Gujarat,LSD,LUSADIYA,NWR,"Lusadiya, Gujarat",Point,"[73.421111, 23.685409999999997]"
Uttar Pradesh,SPPR,SHUDNIPUR,NR,"State Highway 5, Uttar Pradesh",Point,"[82.64049800000001, 25.626255]"
Assam,LGT,LANGTING,NFR,"Langting, Assam",Point,"[93.110265, 25.49759]"
Tamil Nadu,KRR,KARUR,SR,"Karur, Tamil Nadu",Point,"[78.085087, 10.965642]"
Haryana,KWMD,KUMBHAWAS MUNDA,NR,"Kumbhawas, Haryana",Point,"[76.660871, 28.255391]"
Tamil Nadu,KU,KULIKARAI,SR,"Thiruvarur - Mannargudi Rd, Tamil Nadu",Point,"[79.579324, 10.766395]"
Uttar Pradesh,KRTL,Kartauli,NER,"State Highway 33, Uttar Pradesh",Point,"[79.42761829999999, 28.3110435]"
Haryana,KUND,Kund,NWR,"State Highway 26, Haryana",Point,"[76.39848079709999, 28.145183762800002]"
Madhya Pradesh,MCQ,MIRCHADHORI,ECR,"National Highway 75, Madhya Pradesh",Point,"[82.793413, 24.291847]"
Orissa,BDO,Bahalda Road,SER,"Mayurbhanj, Orissa",,
Uttar Pradesh,KSNR,KHUSHAL NAGAR,NER,"Ghughli Bazar, Uttar Pradesh",Point,"[83.6983925134, 26.9877753343]"
Rajasthan,KYNT,KALYANKOT,NWR,"Kalyankot, Rajasthan",Point,"[73.637024, 29.298804999999998]"
Gujarat,LXR,LUNSERIYA,WR,"State Highway 113, Gujarat",Point,"[71.036258, 22.585491]"
Tamil Nadu,LP,LALAPET,SR,"NH 67, Tamil Nadu",Point,"[78.339233, 10.95132]"
Uttar Pradesh,KQL,KANDHLA,NR,"MDR 22W, Uttar Pradesh",Point,"[77.293239, 29.324701]"
Uttar Pradesh,KZI,KHANDRAWALI,NR,"State Highway 57, Uttar Pradesh",Point,"[77.2938848779, 29.382584655000002]"
Assam,KXL,KAMARBANDHA ALI,NFR,"K B Rd, Assam",Point,"[94.056352, 26.529561]"
Rajasthan,LGH,LALGARH JN,NWR,"Bikaner, Rajasthan",Point,"[73.313909, 28.043638]"
Assam,LH,LAHING,NFR,"Mudoijan, Assam",Point,"[94.4371491022, 26.7412013647]"
Kerala,KRKD,KARAKKAD,SR,"Kondayur Rd, Kerala",Point,"[76.227856, 10.782804]"
Uttar Pradesh,LMP,LAKHIMPUR,NER,"Lakhimpur, Uttar Pradesh",Point,"[80.777625, 27.947414]"
West Bengal,MBB,Murshidabad,ER,"Berhampore, West Bengal",Point,"[88.281598, 24.176963999999998]"
Madhya Pradesh,KUX,Khirsadoh Junction,CR,"Chhindwara, Madhya Pradesh",Point,"[78.798394, 22.140449999999998]"
Chhattisgarh,KWGN,Kawargaon,ECoR,"Kawargaon, Chhattisgarh",Point,"[81.53352199999999, 18.896086]"
Uttar Pradesh,LBW,Laiburwa Halt,NER,"Laiburwa, Uttar Pradesh",Point,"[82.4683445782, 27.5260420401]"
Rajasthan,MLGH,Mandalgarh,WCR,"Mandalgarh, Rajasthan",Point,"[75.08094, 25.194176]"
Rajasthan,LAU,Ladnun,NWR,"Ladnun, Rajasthan",Point,"[74.4056, 27.64255]"
Jharkhand,MLKA,Maluka,SER,"Jaipur, Jharkhand",Point,"[85.672936, 22.202912]"
Rajasthan,MLZ,MALARNA,WCR,"Sawai Madhopur, Rajasthan",Point,"[76.534634, 26.231078]"
West Bengal,MPJ,Madanpur,ER,"Madanpur, West Bengal",Point,"[88.489717, 23.005927999999997]"
Andhra Pradesh,MPT,Mangalampeta,SCR,"Naravari Palle Rd, Andhra Pradesh",Point,"[79.074022, 13.568344]"
Uttar Pradesh,MCV,MACHARYA,NR,"Kundarkhi, Uttar Pradesh",Point,"[78.80370199999999, 28.772575]"
Gujarat,MDSA,Modasa,WR,"way to railwaystation, Gujarat",Point,"[73.304944, 23.451923]"
Uttar Pradesh,MFJ,Muftiganj,NER,"Jaunpur, Uttar Pradesh",Point,"[82.827774, 25.700913]"
Karnataka,MOMU,Molakalmuru,SWR,"State Highway 19, Karnataka",Point,"[76.74572699999999, 14.709669]"
Punjab,MOT,MALOUT,NR,"Malaut, Punjab",Point,"[74.49550799999999, 30.184671]"
Tamil Nadu,MMP,MAMBALAPPATTU JN,SR,"Mambalapattu, Tamil Nadu",Point,"[79.37390499, 11.95223333]"
Uttar Pradesh,MFX,MADARAHA,NCR,"National Highway 76, Uttar Pradesh",Point,"[81.764284, 25.273637]"
Uttar Pradesh,MJHR,MAJHIARI,NCR,"National Highway 76, Uttar Pradesh",Point,"[81.5188330261, 25.1789843066]"
Madhya Pradesh,MJG,MAJHAGAWAN,WCR,"Majhgawa, Madhya Pradesh",Point,"[80.811656, 24.913389000000002]"
Gujarat,MQZ,MOTA JADRA,WR,"Mota Jadra Rd, Gujarat",Point,"[71.704462, 21.082538000000003]"
Uttar Pradesh,MNKN,MANIKALAN HALT,NR,"Nawab Yousuf Rd, Uttar Pradesh",Point,"[82.691157, 25.917549]"
Bihar,MOG,MOHIUDDINNAGAR,ECR,"Samastipur, Bihar",Point,"[85.70332322690001, 25.606296391399997]"
Maharashtra,MGC,MUGAT,SCR,"Nanded, Maharashtra",Point,"[77.427262, 19.17485]"
Gujarat,MVI,MORBI,WR,"Morbi, Gujarat",Point,"[70.829277, 22.825342]"
Andhra Pradesh,MOB,MANOHARABAD,SCR,"Medak, Andhra Pradesh",Point,"[78.45439599999999, 17.75573]"
Uttar Pradesh,MLW,Mallanwan,NR,"Mallawan, Uttar Pradesh",Point,"[80.1583349207, 27.0362379616]"
West Bengal,MPN,Madhyampur,ER,"Madhyampur Railway Station, West Bengal",Point,"[88.896007, 22.619981]"
Karnataka,MDLL,MUDDALINGAHALLI,SWR,"NH 207, Karnataka",Point,"[77.3047403595, 13.2391442032]"
Karnataka,MAQ,MANGALORE CNTL,SR,"Mangalore, Karnataka",Point,"[74.844068, 12.862325]"
Uttar Pradesh,MBP,MOHIBULLAPUR,NER,"Aliganj, Uttar Pradesh",Point,"[80.938923, 26.909235]"
Uttar Pradesh,MANW,MANWA,NER,"Manwa, Uttar Pradesh",Point,"[80.849604, 27.218852]"
Delhi NCT,MGLP,MANGOLPURI,NR,"Outter Ring Rd, Delhi NCT",Point,"[77.0905744531, 28.6832457826]"
Madhya Pradesh,MLAR,MALANPUR,NCR,"National Highway 3, Madhya Pradesh",Point,"[78.27281099999999, 26.413117999999997]"
Rajasthan,MHF,Mohari Junction,NCR,"State Highway 43, Rajasthan",Point,"[77.55378492, 26.70055271]"
Tamil Nadu,MEJ,VANCHIMANIYACHI,SR,"Thoothukudi, Tamil Nadu",Point,"[77.890651, 8.882102999999999]"
Himachal Pradesh,MTPR,Raimehatpur,NR,"Mehatpur, Himachal Pradesh",Point,"[76.32431100000001, 31.405746999999998]"
Rajasthan,MNSR,MANAKSAR,NWR,"Hanumangarh, Rajasthan",Point,"[74.383621, 29.680074]"
Assam,MRZA,MIRZA,NFR,"National Highway 37, Assam",Point,"[91.51740114900001, 26.0727512878]"
Rajasthan,MJ,MARWAR JN,NWR,"Marwar Junction, Rajasthan",Point,"[73.609301, 25.720478999999997]"
Madhya Pradesh,MRDD,Mordar,SCR,"Khandwa, Madhya Pradesh",Point,"[76.44924400000001, 21.74264]"
Maharashtra,MWK,Mordad Tanda,CR,"State Highway 22, Maharashtra",Point,"[74.904782, 20.688190000000002]"
Haryana,MHRG,Mahendragarh,NWR,"Mahendragarh, Haryana",Point,"[76.14863000000001, 28.281433000000003]"
Uttar Pradesh,MUV,MANDUADIH,NER,"Varanasi, Uttar Pradesh",Point,"[82.972079, 25.300001]"
Madhya Pradesh,MKT,Mukhtiar Balwar,WR,"SH 27, Madhya Pradesh",Point,"[75.973751, 22.398362]"
Tamil Nadu,MEKM,Melakkonnakkulam,SR,"National Highway 226, Tamil Nadu",Point,"[78.46655700000001, 9.724592999999999]"
Uttarakhand,MJZ,Majhola Pakarya,NER,"State Hiughway 29, Uttarakhand",Point,"[79.899341, 28.831681000000003]"
Punjab,MGWD,Mahngarwal Doaba,NR,"Mahngarwal Doaba, Punjab",Point,"[76.088969, 31.325405]"
Karnataka,MKM,Marikuppam,SWR,"Kolar Gold Fields, Karnataka",Point,"[78.263789, 12.918968]"
Andhra Pradesh,MVW,Mallividu,ECoR,"Coastal Andhra Region, Andhra Pradesh",Point,"[83.17285799999999, 17.971931]"
Assam,MYD,MANDERDISA,NFR,"Diakkawn Rd, Assam",Point,"[93.123109, 25.707319]"
Andhra Pradesh,NKD,NEKONDA,SCR,"Nekkonda, Andhra Pradesh",Point,"[79.80459300000001, 17.794877999999997]"
Uttar Pradesh,NRNR,Nurnagar,NR,"Meerut, Uttar Pradesh",Point,"[77.71298900000001, 28.915414000000002]"
Uttarakhand,PBW,PANTNAGAR,NER,"Pantnagar, Uttarakhand",Point,"[79.51778, 29.017708]"
Himachal Pradesh,NDBT,NANDPUR BHATAULI,NR,"Nandpur Bhatauli, Himachal Pradesh",Point,"[76.115499, 32.013177]"
Delhi NCT,NRVR,NARAINA VIHAR,NR,"Inderpuri, Delhi NCT",Point,"[77.1415966599, 28.6376790996]"
Assam,MXR,MAHUR,NFR,"North Cachar Hills, Assam",Point,"[93.126299, 25.187996]"
Uttar Pradesh,MZGI,MANZURGARHI,NCR,"Aligarh, Uttar Pradesh",Point,"[78.10663, 27.964290000000002]"
West Bengal,SURI,SIURI,ER,"Siuri, West Bengal",Point,"[87.5327, 23.890185]"
Madhya Pradesh,MTA,MATHELA,WCR,"East Nimar, Madhya Pradesh",Point,"[76.38997105099999, 21.8802561555]"
Madhya Pradesh,NLI,NAMLI,WR,"Namli, Madhya Pradesh",Point,"[75.067161, 23.455521]"
Rajasthan,NBH,NIMBAHERA,WR,"Nimbahera, Rajasthan",Point,"[74.694312, 24.623252]"
Madhya Pradesh,NNE,NONERA,NCR,"National Highway 92, Madhya Pradesh",Point,"[78.333363, 26.437569]"
Tamil Nadu,NCJ,NAGERCOIL JN,SR,"Nagercoil, Tamil Nadu",Point,"[77.44347, 8.17385]"
Maharashtra,NB,NIMBHORA,CR,"Jalgaon, Maharashtra",Point,"[75.975186, 21.160781]"
Uttar Pradesh,NEW,NIVARI,NCR,"Jhansi, Uttar Pradesh",Point,"[78.82007, 25.328061]"
,RSWN,RAMESHWAR NAGAR,,,Point,"[84.520106, 26.980403000000003]"
Karnataka,NVF,NAGAVANGALA,SWR,"Melanahalli Rd, Karnataka",Point,"[75.98716300000001, 13.661093]"
Assam,MZA,MEZENGA S,NFR,"Nazira Ali, Assam",Point,"[94.679344, 26.884475000000002]"
Rajasthan,NWH,Nawalgarh,NWR,"Jhunjhunu, Rajasthan",Point,"[75.24608317762613, 27.844017432134876]"
Assam,NHK,NAHARKATIYA,NFR,"Naharkatiya, Assam",Point,"[95.32977500000001, 27.289403]"
Bihar,NDW,Nadwan,ECR,"National Highway 83, Bihar",Point,"[85.0656737195, 25.3966869286]"
Andhra Pradesh,MUGR,Manuguru,SCR,"Telangana Region, Andhra Pradesh",Point,"[80.799034, 17.925272]"
Bihar,NNNL,NANDANI LAGUNIA,ECR,"Mahnar Bhartendunagar Rd, Bihar",Point,"[85.6313754486, 25.6254080511]"
Tamil Nadu,MTNL,MUTTARASANALLUR,SR,"Nagappattinam - Gundlupet Road(Vandikara Street), Tamil Nadu",Point,"[78.648401, 10.865860000000001]"
Rajasthan,NRI,NARAINA,NWR,"Ajmer, Rajasthan",Point,"[75.193029, 26.796463999999997]"
Maharashtra,NIDI,NIDI,CR,"Roha, Maharashtra",Point,"[73.106567, 18.472247]"
Uttar Pradesh,NTU,NIGATPUR,NER,"Mirzapur, Uttar Pradesh",Point,"[82.758511, 25.251216000000003]"
Maharashtra,NIV,NIVASAR,KR,"Ratnagiri, Maharashtra",Point,"[73.454552, 16.946588000000002]"
Karnataka,PDD,PADUBIDRI,KR,"Muloor, Karnataka",Point,"[74.76816500000001, 13.197027]"
Karnataka,NBU,NARASAMBUDHI,SWR,"Nanjangud Taluk, Karnataka",Point,"[76.70180500000001, 12.104692]"
Karnataka,NAG,NAGARGALI,SWR,"State Highway 34, Karnataka",Point,"[74.6213530695, 15.424554374700001]"
Madhya Pradesh,NGW,Nauganwan,WR,"Ratlam, Madhya Pradesh",Point,"[75.1892654, 23.414388]"
Uttar Pradesh,NUH,Naugarh,NER,"Naugarh, Uttar Pradesh",Point,"[83.08829899999999, 27.275029999999997]"
Jharkhand,PDPH,Padapahar Junction,SER,"National Highway 215, Jharkhand",Point,"[85.545961, 22.156554999999997]"
Rajasthan,NIP,Nizampur,NWR,"Nizampur, Rajasthan",Point,"[76.0107869, 27.9667684942]"
Andhra Pradesh,PPY,PAPATAPALLI,SCR,"GUDURU PADU, Andhra Pradesh",Point,"[80.175744, 17.373688]"
Himachal Pradesh,PHRH,PANCH RUKHI,NR,"National Highway 20, Himachal Pradesh",Point,"[76.564492, 32.056252]"
Punjab,PUL,RAMPURA PHUL,NR,"Rampura Phul, Punjab",Point,"[75.23737999999999, 30.269357000000003]"
Uttar Pradesh,RBGJ,ROBERTS GANJ,NCR,"Robertsganj, Uttar Pradesh",Point,"[83.077822, 24.683136]"
Uttar Pradesh,POKL,PEOKOL,NER,"Deoria, Uttar Pradesh",Point,"[83.930204, 26.340803]"
Rajasthan,RDD,RIKHABDEV ROAD,NWR,"Kalyanpur, Rajasthan",Point,"[73.74805500000001, 23.997173]"
Uttar Pradesh,PPC,PIPRAICH,NER,"Gorakhpur Bypass, Uttar Pradesh",Point,"[83.535848, 26.828307]"
Maharashtra,RGO,ROTEGAON,SCR,"Aurangabad, Maharashtra",Point,"[74.75787, 19.956132]"
Jammu and Kashmir,RMJK,RAM NAGAR J K,NR,"Jandrah, Jammu and Kashmir",Point,"[75.14542599999999, 32.863528]"
Tamil Nadu,PRL,POLUR,SR,"Polur, Tamil Nadu",Point,"[79.13055800000001, 12.511327000000001]"
Maharashtra,PMKT,PIMPALKHUTI,CR,"Pimpalkhuti, Maharashtra",Point,"[78.581025, 19.829473]"
Tamil Nadu,PRT,PANRUTI,SR,"Panruti, Tamil Nadu",Point,"[79.555153, 11.773239]"
Gujarat,PAD,PARDI,WR,"Valsad, Gujarat",Point,"[72.92431099999999, 20.513153]"
Uttar Pradesh,PFM,PHAPHAMAU JN,NR,"Phaphamau, Uttar Pradesh",Point,"[81.866406, 25.524255999999998]"
Tamil Nadu,PDV,PANDARAVADAI,SR,"Rajagiri, Tamil Nadu",Point,"[79.242126, 10.913696]"
Uttar Pradesh,PNHI,PANHAI,NCR,"Manikpur, Uttar Pradesh",Point,"[81.189495, 25.081679]"
West Bengal,NWMS,NOAPARA MAHISHA,ER,"Sagardighi Railway Station, West Bengal",Point,"[88.13727399999999, 24.323279]"
Assam,PNB,PANBARI,NFR,"Chandrapur, Assam",Point,"[91.951417, 26.226727]"
West Bengal,ODB,OODLABARI,NFR,"Udlabari, West Bengal",Point,"[88.624639, 26.866793]"
Gujarat,PNU,PALANPUR JN,WR,"Palanpur, Gujarat",Point,"[72.430172, 24.174433]"
Andhra Pradesh,PLSG,Palasingi,ECoR,"Palasingi, Andhra Pradesh",Point,"[83.805056, 19.014074]"
Madhya Pradesh,PUX,Parasia,CR,"Dongar Parasia, Madhya Pradesh",Point,"[78.76432, 22.193186]"
Kerala,PKQ,Pattikkad,SR,"Pattikad, Kerala",Point,"[76.23179499999999, 11.020627]"
Andhra Pradesh,PDSN,Peddasana,ECoR,"National Highway 5, Andhra Pradesh",Point,"[84.18448500000001, 18.593147]"
Gujarat,PTD,Petlad Junction,WR,"Petlad, Gujarat",Point,"[72.9294731, 22.5452909]"
Madhya Pradesh,PCLI,Palachauri,CR,"Dongar Parasia, Madhya Pradesh",Point,"[78.659087, 22.201012]"
Madhya Pradesh,PLA,Palia,WR,"Indore, Madhya Pradesh",Point,"[75.79984999999999, 22.829589000000002]"
Chhattisgarh,SB04,Mana,?,"Mana, Chhattisgarh",Point,"[81.689931, 21.21457]"
Uttar Pradesh,RHN,ROSHANPUR,NER,"Tanda, Uttar Pradesh",Point,"[78.887727, 29.046556]"
Rajasthan,RNT,RANTHAMBHORE,WCR,"MDR 111, Rajasthan",Point,"[76.41000100000001, 26.093062999999997]"
Madhya Pradesh,SAGM,SAGMA,WCR,"Satna, Madhya Pradesh",Point,"[80.828347, 24.622107]"
West Bengal,RUI,Rukni,SER,"Purulia, West Bengal",Point,"[86.548025, 23.551806]"
Maharashtra,RV,RAVER,CR,"Jalgaon, Maharashtra",Point,"[76.044594, 21.222201]"
Bihar,SBV,SIMRI BHAKHTIYARPUR,ECR,"Simri Bakhtiarpur, Bihar",Point,"[86.5973840167, 25.7208597875]"
Maharashtra,RJW,RAJEVADI,CR,"Malshiras Rd, Maharashtra",Point,"[74.1551290765, 18.384143186099998]"
,KMM,KANNAMANGALAM,,,Point,"[79.1611348285, 12.753547405299999]"
Gujarat,SDHR,Sandhanidhar,WR,"Junagadh, Gujarat",Point,"[70.713698, 20.942193]"
Gujarat,SAHP,SAHIJPUR,WR,"National Highway 8, Gujarat",Point,"[72.631634, 23.061366]"
West Bengal,RMRB,Ramnagar Bengal,?,"Egra Ramnagar Rd, West Bengal",Point,"[87.55405, 21.677450999999998]"
Punjab,SGF,SANGAT,NWR,"National Highway 64, Punjab",Point,"[74.83253, 30.088059]"
Madhya Pradesh,SAC,SANICHARA,NCR,"National Highway 3, Madhya Pradesh",Point,"[78.198369, 26.363371]"
Uttar Pradesh,RORA,RORA,NCR,"Jhansi, Uttar Pradesh",Point,"[79.236769, 25.293896]"
Maharashtra,SAPE,SAPE WAMNE,KR,"SH 70, Maharashtra",Point,"[73.356471, 18.085549]"
Rajasthan,RJS,RAJIYASAR,NWR,"Biradhwal, Rajasthan",Point,"[73.8421637408, 29.0674933054]"
Karnataka,SET,SETTIHALLY,SWR,"Bangalore-Mysore Rd, Karnataka",Point,"[77.1419178821, 12.6442282946]"
Jharkhand,RMF,RAMNA,ECR,"Dist. Garhwa, Jharkhand",Point,"[83.605713, 24.239748]"
Andhra Pradesh,SGKM,Srungavruksham,SCR,"Srungavruksham, Andhra Pradesh",Point,"[81.601906, 16.543756]"
West Bengal,RGA,Rajgoda,SER,"Rajgoda /RGA Railway Station, West Bengal",Point,"[87.866472, 22.324313]"
West Bengal,RVK,RAJA BHAT KHAWA,NFR,"Rajabhat Khawa, West Bengal",Point,"[89.528605351, 26.6201438112]"
Uttar Pradesh,RTB,RAJA TALAB,NER,"Mirzapur, Uttar Pradesh",Point,"[82.8507290414, 25.2639068026]"
Tamil Nadu,PYD,PALLIYADI,SR,"Kanyakumari, Tamil Nadu",Point,"[77.259683, 8.26515]"
Gujarat,SASG,Sasan Gir,WR,"SH 111, Gujarat",Point,"[70.602443, 21.168995000000002]"
West Bengal,SGV,Sargachhi,ER,"Sargachhi, West Bengal",Point,"[88.244037, 24.01772]"
Jharkhand,RJL,Rajmahal,ER,"State Highway 10, Jharkhand",Point,"[87.831451, 25.052535]"
Uttar Pradesh,RS,Risia,NER,"Risia Railway Station, Uttar Pradesh",Point,"[81.605514, 27.688822]"
Andhra Pradesh,RCA,Rentachintala,SCR,"Guntur, Andhra Pradesh",Point,"[79.549492, 16.545258999999998]"
Uttar Pradesh,RAK,Ramkot,NR,"Ramkot, Uttar Pradesh",Point,"[80.59740799999999, 27.534312]"
West Bengal,PXR,Palpara,ER,"National Highway 34, West Bengal",Point,"[88.520722, 23.059458]"
Rajasthan,SDGH,Sri Dungargarh,NWR,"Churu, Rajasthan",Point,"[74.008011, 28.070311]"
Assam,SCE,Senchoa Junction,NFR,"Senchoa, Assam",Point,"[92.6424819141, 26.3116130653]"
Madhya Pradesh,SBL,Sabalgarh,NCR,"Sabalgarh, Madhya Pradesh",Point,"[77.4087421698, 26.2512745542]"
Bihar,SKJ,SAHIBPUR KAMAL JN,ECR,"National Highway 31, Bihar",Point,"[86.4001292639, 25.4270372397]"
Punjab,SRM,Sarna,NR,"National Highway 15, Punjab",Point,"[75.57852799999999, 32.252678]"
Rajasthan,SRW,Shri Karanpur,NWR,"State Highway 7B, Rajasthan",Point,"[73.458716, 29.844419000000002]"
Uttarakhand,SKX,SARKARA,NER,"National Highway 74, Uttarakhand",Point,"[79.083308, 29.166922000000003]"
Rajasthan,SMP,SHAMBHUPURA,WR,"Shambhupura, Rajasthan",Point,"[74.641918, 24.771439]"
Tamil Nadu,SUX,SUDIYUR,SR,"Madurai-Rameshwaram Rd, Tamil Nadu",Point,"[78.48234500000001, 9.602939000000001]"
Madhya Pradesh,SNRR,SANSARPUR,WCR,"National Highway 7, Madhya Pradesh",Point,"[80.3473074512, 23.6789703455]"
Maharashtra,SVD,SARWARI,SCR,"Ranjani, Maharashtra",Point,"[75.93969899999999, 19.764637]"
Rajasthan,SZK,SUR KHAND KA KHEDA,NWR,"Kejed, Rajasthan",Point,"[73.879823, 24.118095]"
Uttar Pradesh,STZ,Satraon,NER,"Deoria, Uttar Pradesh",Point,"[83.82137900000001, 26.283587]"
West Bengal,SPLE,SUJNIPARA,ER,"National Highway 34, West Bengal",Point,"[88.03679699999999, 24.571584]"
,CHOK,Chowk,,,Point,"[73.239613, 18.902861]"
Tamil Nadu,SRT,SATUR,SR,"Sattur, Tamil Nadu",Point,"[77.92156999999999, 9.357545]"
,APRH,Alehpur Halt,,,Point,"[84.78898557980001, 26.2094647257]"
West Bengal,SOAE,SOMRA BAZAR,ER,"State Highway 6, West Bengal",Point,"[88.433032, 23.13916]"
Chhattisgarh,SJQ,SURAJPUR ROAD,SECR,"Surajpur, Chhattisgarh",Point,"[82.880146, 23.289233]"
Gujarat,SR,SABLI ROAD,WR,"State Highway 17, Gujarat",Point,"[71.9526427954, 23.0348065663]"
Himachal Pradesh,SOL,Solan,NR,"Solan, Himachal Pradesh",Point,"[77.097531, 30.907937]"
Jammu and Kashmir,SGRR,SANGAR,NR,"Jammu Cantt, Jammu and Kashmir",Point,"[75.044078, 32.80617]"
Haryana,SMF,SAMAR GOPALPUR,NR,"NH 71, Haryana",Point,"[76.51864460750001, 28.9608890803]"
Uttar Pradesh,STP,SITAPUR,NER,"Sitapur, Uttar Pradesh",Point,"[80.697762, 27.558728]"
Gujarat,STDR,Satadhar,WR,"Junagadh, Gujarat",Point,"[70.721182, 21.283915999999998]"
Gujarat,SJF,SAJANVAR ROAD,WR,"MDR, Gujarat",Point,"[71.60840800000001, 21.07527]"
Gujarat,SHH,SHAPUR JN,WR,"Vanthali-Shapur(Sorath) Rd, Gujarat",Point,"[70.37105700000001, 21.478281]"
West Bengal,SMX,Simurali,ER,"Chakdaha, West Bengal",Point,"[88.51016399999999, 23.041337]"
Rajasthan,SNAR,Srinagar Rajasthan,WCR,"Rd, Rajasthan",Point,"[75.5690913623, 25.3640471585]"
Maharashtra,SMNE,SOMTANE,CR,"Kolkhe Village, Maharashtra",Point,"[73.145524, 18.952233]"
Gujarat,SRGT,SURENDRANAGAR GATE,WR,"Surendranagar, Gujarat",Point,"[71.636053, 22.734565]"
Maharashtra,SWV,SAWANTWADI ROAD,KR,"SH123, Maharashtra",Point,"[73.785308, 15.866512]"
Rajasthan,SIM,SHRI AMIRGADH,NWR,"Amirgadh, Rajasthan",Point,"[72.643675, 24.405948]"
Madhya Pradesh,SLHA,SALHANA,WCR,"State Highway 10, Madhya Pradesh",Point,"[80.65672125239999, 23.820462097900002]"
Rajasthan,SRMT,Sirmuttra,NCR,"Sir Mathura, Rajasthan",Point,"[77.375168, 26.518904]"
Andhra Pradesh,SLM,Somalapuram,SWR,"Anantapur Rd, Andhra Pradesh",Point,"[76.86885600000001, 14.914015000000001]"
Jharkhand,SNMY,Sindri Marshalling Yard,ECR,"Pathardih, Jharkhand",Point,"[86.46617599999999, 23.667035000000002]"
Rajasthan,SRSL,Sirsala,NWR,"National Highway 65, Rajasthan",Point,"[75.1294882373, 28.4266753002]"
Jharkhand,SGPA,Sugapahari,ER,"Madhupur, Jharkhand",Point,"[86.57804878910001, 24.2790237518]"
Rajasthan,SVO,Sanvrad,NWR,"Didwana, Rajasthan",Point,"[74.518574, 27.521887]"
Bihar,SJV,Sanjhauli Halt,ECR,"State Highway 12, Bihar",Point,"[84.191033988, 25.1438922456]"
Uttar Pradesh,SNZ,Sherganj,NER,"Sherganj, Uttar Pradesh",Point,"[79.804862, 28.380488999999997]"
Karnataka,SMET,Shimoga Town,SWR,"Shimoga, Karnataka",Point,"[75.583174, 13.943036999999999]"
Jharkhand,SSNR,Satsang Nagar Halt,ER,"Deoghar, Jharkhand",Point,"[86.68168063, 24.49030743]"
Chhattisgarh,SKSO,Sikosa,SECR,"Sikosa, Chhattisgarh",Point,"[81.285568, 20.868216]"
Bihar,TIL,TILRATH,ECR,"NH 31, Bihar",Point,"[86.06853100000001, 25.441178999999998]"
Andhra Pradesh,UMM,UMRAM,SCR,"Sitagondi, Andhra Pradesh",Point,"[78.4373421246, 19.661586179100002]"
Tamil Nadu,TDR,TIRUVIDAIMARUTHUR,SR,"Thiruvidaimaruthur, Tamil Nadu",Point,"[79.453706, 10.990634]"
Orissa,TKH,Thakurtola,SER,"Mayurbhanj, Orissa",Point,"[86.97071700000001, 21.651992]"
Himachal Pradesh,TRPL,TRIPAL HALT,NR,"Tripal, Himachal Pradesh",Point,"[76.204696, 32.00601]"
Himachal Pradesh,TLRA,TALARA,NR,"Raja-ka-Talab, Himachal Pradesh",Point,"[75.903937, 32.239023]"
Andhra Pradesh,TMD,TALMADLA,SCR,"Telangana Region, Andhra Pradesh",Point,"[78.356638, 18.239215]"
Uttar Pradesh,BHKL,BHAKRAULI,NR,"State Highway 39, Uttar Pradesh",Point,"[78.474665, 28.308471]"
Madhya Pradesh,TRWT,TARAVATA,WCR,"Guna, Madhya Pradesh",Point,"[77.381391, 24.74613]"
Gujarat,WKR,WANKANER JN,WR,"Wankaner, Gujarat",Point,"[70.96561700000001, 22.622552]"
Uttar Pradesh,SWE,SIWAITH,NR,"Prayag, Uttar Pradesh",Point,"[81.86926100000001, 25.577037999999998]"
Assam,TGE,THEKERAGURI,NFR,"Ahotguri, Assam",Point,"[92.40385900000001, 26.199171]"
Jharkhand,TSAH,Tata Sijua Halt,SER,"Sijua, Jharkhand",Point,"[86.3316696973, 23.7745106829]"
Andhra Pradesh,TGL,TUGGALI,SCR,"Kurnool, Andhra Pradesh",Point,"[77.53014599999999, 15.310975000000001]"
Karnataka,UBL,HUBLI JN,SWR,"Hubli, Karnataka",Point,"[75.148104, 15.350302000000001]"
Gujarat,TID,TAGDI,WR,"Tagadi, Gujarat",Point,"[71.948621, 22.296445000000002]"
Karnataka,ARGP,ARALAGUPPE,SWR,"State Highway 74, Karnataka",Point,"[76.615439, 13.253131999999999]"
Haryana,UCA,UCHANA,NR,"District Jind, Haryana",Point,"[76.178544, 29.466064000000003]"
West Bengal,TAK,Tarakeswar,ER,"Tarkeshwar, West Bengal",Point,"[88.013437, 22.882582]"
Gujarat,UMN,AMBLIYASAN,WR,"Mehsana, Gujarat",Point,"[72.423181, 23.447386]"
Uttar Pradesh,SZP,Shahjahanpur,NER,"Shahjahanpur, Uttar Pradesh",Point,"[79.904536, 27.893402000000002]"
Tamil Nadu,TTQ,Thathankulam,SR,"Thoothukudi, Tamil Nadu",Point,"[77.875152, 8.627298]"
Gujarat,TJH,Tajgadh,WR,"Vadodara, Gujarat",Point,"[73.90478800000001, 22.350958]"
Maharashtra,UKC,UKSHI,KR,"Maharashtra, Maharashtra",Point,"[73.4559422882, 17.1297597205]"
Kerala,UAA,UPPALA,SR,"Kasaragod, Kerala",Point,"[74.906488, 12.6698]"
Kerala,TKQ,TRIKARPUR,SR,"Kannur District, Kerala",Point,"[75.176143, 12.142185]"
Kerala,VAPM,VALAPATTANAM,SR,"Kannur District, Kerala",Point,"[75.346365, 11.927728]"
West Bengal,TUNG,Tung,NFR,"NH 55, West Bengal",Point,"[88.294811, 26.921803]"
Kerala,TKT,TIKKOTTI,SR,"Thikkodi, Kerala",Point,"[75.626246, 11.490426]"
Maharashtra,UGWE,Ugwe,SCR,"State Highway 204, Maharashtra",Point,"[77.009265, 20.806248999999998]"
Madhya Pradesh,TRDI,Tirodi,SECR,"Balaghat, Madhya Pradesh",Point,"[79.724564, 21.688066]"
Uttar Pradesh,TQA,Takia,NR,"State Highway 38, Uttar Pradesh",Point,"[80.782017, 26.311678999999998]"
Uttarakhand,TPU,Tanakpur,NER,"Tanakpur, Uttarakhand",Point,"[80.10904500000001, 29.067103]"
Karnataka,DHL,Devanhalli,SWR,"Near Bellary Road Bangalore Rural Dt., Karnataka",Point,"[77.70463099999999, 13.246834]"
Gujarat,TAV,Talala Junction,WR,"Junagadh, Gujarat",Point,"[70.522164, 21.04184]"
Rajasthan,TPO,Tantpur,NCR,"Tantpur, Rajasthan",Point,"[77.47803025, 26.83193514]"
Karnataka,THKU,Thallak,SWR,"Bellary-Hiriyur Rd, Karnataka",Point,"[76.675366, 14.450854]"
Gujarat,VD,VAGDIYA,WR,"State Highway 113, Gujarat",Point,"[71.2916898169, 22.6141762638]"
Karnataka,YGA,Yerra Goppa Halt,SWR,"Yerra Goppa, Karnataka",Point,"[75.64807800000001, 15.905354]"
Madhya Pradesh,AGQ,ASIRGARH ROAD,CR,"State Highway 27, Madhya Pradesh",Point,"[76.268065, 21.378418]"
Uttar Pradesh,AA,ATARIA,NER,"Sitapur National Highway 24, Uttar Pradesh",Point,"[80.861033, 27.172456999999998]"
Maharashtra,WSD,WASUD,CR,"solapur, Maharashtra",Point,"[75.14765299999999, 17.377406]"
Uttar Pradesh,AED,AULENDA,NCR,"Kiraoli, Uttar Pradesh",Point,"[77.612583, 27.029152]"
Uttar Pradesh,ARH,AMHERA,NR,"Amhera, Uttar Pradesh",Point,"[78.28580221, 29.26223824]"
Haryana,SWDE,SIWAHA,NR,"Jind, Haryana",Point,"[76.456292, 29.340294]"
Rajasthan,BHWA,BECHHIWARA,NWR,"Bichhiwara, Rajasthan",Point,"[73.535256, 23.787792]"
Gujarat,VRV,VIRAVADA,NWR,"National Highway 8, Gujarat",Point,"[73.07902999999999, 23.612331]"
Karnataka,YLG,YALVIGI,SWR,"Yalvigi, Karnataka",Point,"[75.4094012659, 15.0342535867]"
Karnataka,ADHL,ADIHALLI,SWR,"National Highway 206, Karnataka",Point,"[76.3472840454, 13.2834201678]"
Uttar Pradesh,WRGN,WARIGAON NEWADA,NR,"Warigaon, Uttar Pradesh",Point,"[82.56831600000001, 25.586146]"
Maharashtra,APTA,APTA,CR,"Raigad, Maharashtra",Point,"[73.152629, 18.863471]"
Gujarat,WC,WADHWAN CITY,WR,"Surendranagar, Gujarat",Point,"[71.67236, 22.702931]"
West Bengal,ADRA,ADRA JN,SER,"Purulia.Div HQ SER, West Bengal",Point,"[86.67466499999999, 23.495992]"
Maharashtra,AKOT,Akot,SCR,"Akola, Maharashtra",Point,"[77.047217, 21.095661]"
Gujarat,BHUJ,BHUJ,WR,"Bhuj, Gujarat",Point,"[69.6778278, 23.2660225]"
Kerala,VLI,VALLIKUNNU,SR,"Vallikkunnu, Kerala",Point,"[75.85165099999999, 11.09046]"
Uttar Pradesh,ATRR,ATRAURA,NER,"Handia, Uttar Pradesh",Point,"[82.314016, 25.316112]"
Andhra Pradesh,VPU,VELPURU,SCR,"Velupuru, Andhra Pradesh",Point,"[81.662635, 16.725963999999998]"
Jammu and Kashmir,VJPJ,VIJAYPUR JAMMU,NR,"Gadwal, Jammu and Kashmir",Point,"[75.020996, 32.57197]"
Uttar Pradesh,ZNP,Zindpura,NER,"State Highway 29, Uttar Pradesh",Point,"[79.849699, 28.191347]"
Punjab,BHRL,BHAROLI JUNCTION,NR,"Bharoli, Punjab",Point,"[75.61637323000001, 32.27104809]"
Gujarat,PQT,Puniyavant,WR,"Vadodara, Gujarat",Point,"[73.95733100000001, 22.332118]"
Tamil Nadu,VRA,Valavanur,SR,"Vallavanur, Tamil Nadu",Point,"[79.573803, 11.917402000000001]"
Bihar,XBKJ,Bikramganj,ECR,"Bikramganj, Bihar",Point,"[84.27373100000001, 25.218913999999998]"
West Bengal,VTG,Bhetaguri,NFR,"Bhetaguri, West Bengal",Point,"[89.6653098, 26.3029681]"
Uttar Pradesh,ATKS,Atwa Kursath,NR,"Atwa Kursath, Uttar Pradesh",Point,"[80.2672099268, 27.134570267199997]"
Punjab,WDJ,Wanderjatana,NR,"State Highway 16, Punjab",Point,"[74.740729, 30.564802]"
Maharashtra,AMI,Amravati,CR,"Amravati, Maharashtra",Point,"[77.7577863, 20.930082900000002]"
Rajasthan,BIPR,Bheempura,NWR,"Jalor, Rajasthan",Point,"[72.39224899999999, 25.129644]"
Uttar Pradesh,ARP,Atrampur,NR,"Atrampur Railway Station, Uttar Pradesh",Point,"[81.745663, 25.572021]"
Tamil Nadu,WEL,Wellington,SR,"Wellington, Tamil Nadu",Point,"[76.786078, 11.3559]"
Uttar Pradesh,ARKA,Arkha,NR,"Lucknow Allahabad Rd, Uttar Pradesh",Point,"[81.331277, 25.867316000000002]"
Rajasthan,BAMA,BIRAMBAD,NCR,"Dumariya, Rajasthan",Point,"[77.32494000000001, 26.922783000000003]"
Uttar Pradesh,AUR,ATRAULI ROAD,NR,"Dibai, Uttar Pradesh",Point,"[78.2201080066, 28.0971879576]"
Jharkhand,BCB,Bhowra Junction,SER,"KUSTORE, Jharkhand",Point,"[86.417009, 23.67077]"
Maharashtra,BHBK,BODHADI BUJRUG,SCR,"Kinwat, Maharashtra",Point,"[78.1952487683, 19.4962759853]"
Gujarat,BDHA,BADHADA,WR,"Badhada, Gujarat",Point,"[71.33741400000001, 21.2703]"
Gujarat,BHET,BHESTAN,WR,"Surat, Gujarat",Point,"[72.8613128, 21.1278829]"
West Bengal,BFZ,BHANDARTIKURI,ER,"State Highway 6, West Bengal",Point,"[88.32981731, 23.43319157]"
Madhya Pradesh,BATL,BAIHATOLA,SECR,"Boridand, Madhya Pradesh",Point,"[82.05862, 23.231203999999998]"
Uttar Pradesh,BGQ,BHONGAON,NCR,"Mainpuri, Uttar Pradesh",Point,"[79.1657234, 27.2590416]"
Andhra Pradesh,BGHU,Borraguhallu,ECoR,"Way to Rly Station, Andhra Pradesh",Point,"[83.040289, 18.275624]"
Madhya Pradesh,BELD,BELKHERA,WCR,"State Highway 22, Madhya Pradesh",Point,"[79.299879, 22.981891]"
Madhya Pradesh,BIF,BHAIRONPUR,WCR,"State Highway 15, Madhya Pradesh",Point,"[77.420409, 22.432086]"
Madhya Pradesh,BAU,BURHANPUR,CR,"Burhanpur, Madhya Pradesh",Point,"[76.1986787, 21.3343976]"
Rajasthan,BJK,BIJORA,WCR,"Antah, Rajasthan",Point,"[76.3956989, 25.145112400000002]"
Assam,BDT,BORDUBI ROAD,NFR,"Madhubon to Naoholia Rd, Assam",Point,"[95.314595, 27.399181]"
Punjab,BPRS,BHOGPUR SIRWAL,NR,"Bhogpur, Punjab",Point,"[75.6452234, 31.556593699999997]"
Uttar Pradesh,BIP,BAHILPURWA,NCR,"National Highway 76, Uttar Pradesh",Point,"[80.998599, 25.137088000000002]"
Karnataka,BGWD,BAGEWADI,SWR,"Gokak TQ, Karnataka",Point,"[74.75360002999999, 16.30777084]"
Uttar Pradesh,BGAN,Bangain,NER,"Bangain, Uttar Pradesh",Point,"[81.90592400000001, 27.238993]"
Karnataka,BID,BIDADI,SWR,"Bengaluru District, Karnataka",Point,"[77.39029839999999, 12.8004252]"
Rajasthan,BNDI,Barundini,WCR,"National Highway 76, Rajasthan",Point,"[74.93010100000001, 25.173406]"
Andhra Pradesh,BDCR,Bhadrachalam Road,SCR,"Kottagudem, Andhra Pradesh",Point,"[80.616024, 17.550365]"
,KISN,KALISEN,,,Point,"[87.1624991003, 23.1816003962]"
Assam,AYU,ABHAYAPURI ASSAM,NFR,"Abhayapuri, Assam",Point,"[90.641696, 26.356599]"
West Bengal,BFT,Bhabta,ER,"Bhabta, West Bengal",Point,"[88.241584, 23.9869677]"
Uttar Pradesh,BHLP,BHULANPUR,NER,"Varanasi, Uttar Pradesh",Point,"[82.9575192, 25.2878753]"
Uttar Pradesh,BAHP,Band Hamirpur,NR,"State Highway 38, Uttar Pradesh",Point,"[80.744382, 26.32975]"
Rajasthan,BLSD,Balsamand,NWR,"Didwana, Rajasthan",Point,"[74.473873, 27.581307]"
Assam,BEE,Bebejia,NFR,"National Highway 37, Assam",Point,"[92.640956, 26.310185]"
West Bengal,BAA,Barala,ER,"Murshidabad District, West Bengal",Point,"[88.039851, 24.300532]"
West Bengal,BDZ,Badkulla,ER,"State Highway 11, West Bengal",Point,"[88.526557, 23.3046657]"
Rajasthan,BIGA,Bigga,NWR,"National Highway 11, Rajasthan",Point,"[74.20137015629999, 28.0474529072]"
Gujarat,BAYD,Beyad,WR,"Sabarkantha, Gujarat",Point,"[73.20732600000001, 23.216364]"
West Bengal,BBLA,Bhyabla Halt,ER,"Basirhat, West Bengal",Point,"[88.854932, 22.654259999999997]"
Gujarat,BHAN,Bhoyani,WR,"State Highway 133, Gujarat",Point,"[72.234682, 23.358779]"
Rajasthan,BK,Bakra Road,NWR,"Jalor, Rajasthan",Point,"[72.487603, 25.2130523]"
Uttar Pradesh,BBJ,Babaganj,NER,"Babaganj, Uttar Pradesh",Point,"[81.568611, 27.964290000000002]"
West Bengal,BBT,Birati,ER,"Kolkata, West Bengal",Point,"[88.42761300000001, 22.66472]"
Maharashtra,AWH,Alewahi,SECR,"Palasgaon, Maharashtra",Point,"[79.71014699999999, 20.38793]"
Bihar,BDMA,Budhma,ECR,"National Highway 107, Bihar",Point,"[86.85700899999999, 25.902768]"
Assam,BGLI,Bargolai,NFR,"Ledo, Assam",Point,"[95.703548, 27.287485999999998]"
Madhya Pradesh,BLAX,BARLAI,WR,"Indore, Madhya Pradesh",Point,"[75.962109, 22.894163]"
West Bengal,BSAE,BANSH BARIA,ER,"Bansberia, West Bengal",Point,"[88.395641, 22.957288000000002]"
Himachal Pradesh,BRHL,BARYAL HIMACHAL,NR,"Baryal, Himachal Pradesh",Point,"[76.100072, 32.025465000000004]"
Karnataka,CHKE,Challakere,SWR,"Chitradurga, Karnataka",Point,"[76.66001700000001, 14.315154000000001]"
Madhya Pradesh,BRND,BORIDAND,SECR,"Shahdol, Madhya Pradesh",Point,"[82.178765, 23.267799]"
Chhattisgarh,CHRM,Chirmiri,SECR,"Chirimiri, Chhattisgarh",Point,"[82.34955079999999, 23.1894855]"
Gujarat,BPKA,BHOPALKA,WR,"Jamnagar, Gujarat",Point,"[69.3687405, 22.122780300000002]"
Karnataka,BNKH,BHAIRANAYAKANAH,SWR,"State Highway 74, Karnataka",Point,"[77.38339300000001, 13.194258]"
Maharashtra,ALN,ALANDI,CR,"Ramdara Rd, Maharashtra",Point,"[74.09309499999999, 18.451229]"
Madhya Pradesh,BRLA,BRAYLA CHAURASI,WR,"Badayla Chorasi Rd, Madhya Pradesh",Point,"[75.0927610413, 23.5556827445]"
West Bengal,BQG,Bhagwangola,ER,"Station Rd, West Bengal",Point,"[88.309816, 24.333178]"
Madhya Pradesh,BQM,Barelipur,CR,"Nayagaon, Madhya Pradesh",Point,"[78.407732, 22.051583]"
Karnataka,BNA,BANNI KOPPA,SWR,"National Highway 63, Karnataka",Point,"[75.94180892, 15.40662732]"
Andhra Pradesh,BKU,BHIKNUR,SCR,"Nizamabad, Andhra Pradesh",Point,"[78.39915082280001, 18.1644907169]"
Maharashtra,BLSA,BOLSA,SCR,"Dharmabad, Maharashtra",Point,"[77.7029205847, 19.0012905282]"
Maharashtra,BMBE,BIMBARI,SCR,"Bhokar, Maharashtra",Point,"[77.631226, 19.164065]"
Maharashtra,BOKR,BHOKAR,SCR,"Bhokar, Maharashtra",Point,"[77.666535, 19.213965]"
Rajasthan,CAG,CHHABRA GUGOR,WCR,"Baran, Rajasthan",Point,"[76.850989, 24.680339]"
Rajasthan,CJW,CHAJAWA,WCR,"Baren, Rajasthan",Point,"[76.580569, 25.008594000000002]"
,BKTW,Baikunth,,,Point,"[81.777975, 21.489690999999997]"
Andhra Pradesh,ADB,ADILABAD,SCR,"Adilabad, Andhra Pradesh",Point,"[78.535285, 19.680104]"
Uttar Pradesh,BPM,BAGPAT ROAD,NR,"Bagpat, Uttar Pradesh",Point,"[77.272589, 28.957503]"
Andhra Pradesh,CIV,Chinnaravuru,SCR,"Tenali, Andhra Pradesh",Point,"[80.655843, 16.224010999999997]"
Maharashtra,CHI,CHIPLUN,KR,"Chiplun, Maharashtra",Point,"[73.522429, 17.542507399999998]"
Kerala,CAN,KANNUR,SR,"Kannur, Kerala",Point,"[75.3683267, 11.870694199999999]"
Madhya Pradesh,BNG,Barnagar,WR,"Barnagar, Madhya Pradesh",Point,"[75.6111208, 23.0304117]"
Andhra Pradesh,MPL,Madanapalle Road,SCR,"Madanapalle Road Station, Andhra Pradesh",Point,"[78.55442400000001, 13.644442]"
West Bengal,BRQ,BAGRAKOT,NFR,"National Highway 31, West Bengal",Point,"[88.58596154, 26.87063169]"
West Bengal,BNQ,BANARHAT,NFR,"National Highway 31C, West Bengal",Point,"[89.025682, 26.797885]"
Uttar Pradesh,BMJ,Bridgemanganj,NER,"Bridgmanganj, Uttar Pradesh",Point,"[83.197098, 27.195536999999998]"
Uttar Pradesh,BRK,Bahraich,NER,"Bahraich, Uttar Pradesh",Point,"[81.6075183, 27.581536]"
Uttar Pradesh,BRMX,Barmi,NR,"Barmi, Uttar Pradesh",Point,"[80.56082099999999, 27.489413]"
Haryana,BNW,Bhiwani,NWR,"Bhiwani, Haryana",Point,"[76.1255797, 28.7984261]"
Uttarakhand,BNSA,Banbasa,NER,"H01, Uttarakhand",Point,"[80.0732101, 28.991685]"
West Bengal,BSHT,Basirhat,ER,"Basirhat, West Bengal",Point,"[88.86896, 22.650516]"
Uttarakhand,CHRU,CHAMRUA,NER,"Chamrua, Uttarakhand",Point,"[79.13898800000001, 28.796205999999998]"
Tamil Nadu,ANP,ANANDTANDAVPUR,SR,"Uluthakuppai, Tamil Nadu",Point,"[79.6576745148, 11.143966349]"
Karnataka,ANGR,ANGADGERI HALT,SWR,"Angadgeri, Karnataka",Point,"[75.84589116000001, 16.451873659999997]"
Tamil Nadu,AAY,ARALVAYMOZHI,SR,"Dist. Kanniyakumari, Tamil Nadu",Point,"[77.5292646945, 8.2494513612]"
Uttar Pradesh,ALNP,Akelahanspur Halt,NER,"Akelahanspur, Uttar Pradesh",Point,"[80.31557099999999, 28.34054]"
Gujarat,BAH,BHABHAR,WR,"SH 72, Gujarat",Point,"[71.615774, 24.065279999999998]"
Uttar Pradesh,AON,ARAON,NCR,"Araon, Uttar Pradesh",Point,"[78.692248, 27.114343]"
West Bengal,BZLE,BAZARSAU,ER,"Bazarsau, West Bengal",Point,"[88.1828793, 23.8757926]"
Kerala,CHPD,CHEPPAD HALT,SR,"Cheppad Railway Station Rd, Kerala",Point,"[76.47674199999999, 9.232679000000001]"
Madhya Pradesh,CGO,CHHIDGAON,WCR,"Harda, Madhya Pradesh",Point,"[77.314105, 22.406953]"
Gujarat,AJM,Adraj Moti,WR,"Adraj Moti, Gujarat",Point,"[72.565608, 23.258801000000002]"
Karnataka,CKR,CHIKODI ROAD,SWR,"Belagavi, Karnataka",Point,"[74.76949432980001, 16.3690477592]"
Maharashtra,BSR,VASAI ROAD,WR,"Thane Dist., Maharashtra",Point,"[72.8322217, 19.3824486]"
Karnataka,ABGT,ARBAGATTA HALT,SWR,"State Highway 47, Karnataka",Point,"[76.13497100000001, 13.907468]"
Uttar Pradesh,BTJ,BISHNATHGANJ,NR,"Pratapgarh, Uttar Pradesh",Point,"[81.935379, 25.801897]"
Uttar Pradesh,BUS,BADAUSA,NCR,"National Highway 76, Uttar Pradesh",Point,"[80.651011, 25.248423000000003]"
West Bengal,ANCR,ANCHURI,SER,"National Highway 60A, West Bengal",Point,"[86.993174, 23.283904]"
Uttar Pradesh,BSZ,Bharwa Sumerpur,NCR,"Hamirpur, Uttar Pradesh",Point,"[80.167419, 25.825412999999998]"
West Bengal,BSW,Baneswar,NFR,"Baneswar, West Bengal",Point,"[89.494466, 26.388205]"
Gujarat,PTN,PATAN,WR,"Patan, Gujarat",Point,"[72.13167200000001, 23.853292]"
Maharashtra,ABZ,Adgaon Buzurg,SCR,"Akola, Maharashtra",Point,"[76.955924, 21.123876]"
Gujarat,ADE,ADARI ROAD,WR,"kadukada to railway fatak, Gujarat",Point,"[70.330818, 20.986794999999997]"
Karnataka,AMC,Amritapura,SWR,"State Highway 48, Karnataka",Point,"[76.24556342560001, 14.1395487324]"
Gujarat,CDA,CHUDA,WR,"State Highway 38, Gujarat",Point,"[71.7500982013, 22.495211350199998]"
Uttar Pradesh,AKS,ANKUSPUR,NER,"National Highway 29, Uttar Pradesh",Point,"[83.4940121521, 25.5713190547]"
Maharashtra,ANO,ANJANI,KR,"Anjani, Maharashtra",Point,"[73.399308, 17.620604999999998]"
West Bengal,APDC,Alipur Duar Court,NFR,"Alipur Duar, West Bengal",Point,"[89.526808, 26.499254999999998]"
Gujarat,CDK,CHANDKHERA ROAD,WR,"Ahmedabad, Gujarat",Point,"[72.563224, 23.111868]"
Karnataka,CGHD,CHINNADAGUDI,SWR,"Nanjungudu-Chamarajanagara Rd, Karnataka",Point,"[76.732445, 12.084594000000001]"
Chhattisgarh,CJS,CHARAMULA KUSUM,ECoR,"Bhansuli Kotpad PMGSY Rd, Chhattisgarh",Point,"[82.401044, 19.020403]"
Karnataka,BTGH,Bettadnagenhali,SWR,"Amritapura, Karnataka",Point,"[76.2593350818, 14.1738302683]"
Haryana,ADR,Mandi Adampur,NWR,"Hisar, Haryana",Point,"[75.468851, 29.283136000000002]"
Uttar Pradesh,BSUR,Bisalpur,NER,"Bisalpur, Uttar Pradesh",Point,"[79.812599, 28.290515999999997]"
Karnataka,ANC,Annechakanahali,SWR,"Annechakanahali, Karnataka",Point,"[76.282814, 12.7379]"
Andhra Pradesh,CCI,Chinnekuntapali,SCR,"Chennai - Anantpur Rd, Andhra Pradesh",Point,"[77.8420563, 14.4427884187]"
Uttar Pradesh,BTRI,Bitrol,NER,"State Highway 33, Uttar Pradesh",Point,"[78.92398, 27.984069]"
Gujarat,AGCI,Angadi,WR,"National Highway 59, Gujarat",Point,"[73.282558, 22.806751]"
Bihar,ALS,Amlori Sarsar,NER,"Siwan, Bihar",Point,"[84.3455775659, 26.2947140024]"
Punjab,BFE,BAHAWAL BASI,NR,"National Highway 15, Punjab",Point,"[74.279311, 30.147265]"
Madhya Pradesh,AXK,ASOKHAR,NCR,"State Highway 19, Madhya Pradesh",Point,"[78.55585400000001, 26.525539]"
Gujarat,AXA,AMARSAR,WR,"Rajkot, Gujarat",Point,"[70.91711000000001, 22.585991]"
Karnataka,BENL,BENL,SWR,"Dam Inspection Rd, Karnataka",Point,"[75.882249, 16.384407]"
Uttar Pradesh,BBW,BODARWAR,NER,"State Highway 64, Uttar Pradesh",Point,"[83.6381910315, 26.8780004923]"
Karnataka,BAJE,Bajakare Halt,SWR,"Panja Kadaba Rd, Karnataka",Point,"[75.508955, 12.720476000000001]"
Andhra Pradesh,AMQ,AMMUGUDA,SCR,"Secunderabad, Andhra Pradesh",Point,"[78.527215, 17.487039]"
Uttar Pradesh,BBA,BABRALA,NR,"Babrala, Uttar Pradesh",Point,"[78.4034137, 28.2664932]"
Andhra Pradesh,ALW,ALWAL,SCR,"Secunderabad, Andhra Pradesh",Point,"[78.515006, 17.505779]"
Uttar Pradesh,ATE,ATARRA,NCR,"Dist. Banda(05192-224813), Uttar Pradesh",Point,"[80.576491, 25.291367]"
Punjab,AWL,ALAWALPUR,NR,"Jalandhar, Punjab",Point,"[75.642236, 31.425164]"
Tamil Nadu,AZP,AYYAMPET,SR,"Ayyampet, Tamil Nadu",Point,"[79.206701, 10.896267]"
Karnataka,ASK,ARSIKERE JN,SWR,"Arasikere, Karnataka",Point,"[76.2520848, 13.314425]"
Tamil Nadu,BAL,BUDALUR,SR,"SH 99, Tamil Nadu",Point,"[78.981443, 10.782843000000002]"
Rajasthan,BAZ,BARAN,WCR,"Baran, Rajasthan",Point,"[76.50512839999999, 25.0967701]"
Maharashtra,AVRD,ARAVALI ROAD,KR,"Kochi - Panavel Rd, Maharashtra",Point,"[73.53816, 17.316531]"
Assam,BBGN,Barua Bamungaon,NFR,"Barua Bamungaon, Assam",Point,"[93.944693, 26.662157]"
Jammu and Kashmir,ANT,Anantnag,NR,"Anantnag, Jammu and Kashmir",Point,"[75.10713108815253, 33.738534244499846]"
West Bengal,BDPA,Badalpur Ph,?,"State Highway 4, West Bengal",Point,"[87.616227, 21.710487]"
Kerala,AVS,Auvaneeswaram,SR,"Avaneeswaram Pathanapuram Rd, Kerala",Point,"[76.852807, 9.036513]"
Andhra Pradesh,BDHN,Bodhan,SCR,"Bodhan, Andhra Pradesh",Point,"[77.8881657, 18.645933]"
Uttar Pradesh,BED,Baseri,NCR,"Baseri, Uttar Pradesh",Point,"[77.54301509999999, 26.74699159]"
Punjab,BDBG,Badhai Balamgarh Halt,NR,"Badhai Balamgarh, Punjab",Point,"[74.460168, 30.459894]"
Tamil Nadu,AVK,Aravankadu,SR,"Dist. Nilgiris, Tamil Nadu",Point,"[76.769203, 11.359124]"
Uttar Pradesh,ATW,Atwa Muthia Halt,NR,"Atwa Muthia, Uttar Pradesh",Point,"[80.415479, 27.273989999999998]"
Uttar Pradesh,BGMU,Bangarmau,NR,"Bangarmau, Uttar Pradesh",Point,"[80.22205951000001, 26.89181589]"
Chhattisgarh,BCHL,Bacheli,ECoR,"Dhurli-Basenpur Rd, Chhattisgarh",Point,"[81.238534, 18.703461]"
Bihar,BBHT,Barabar Halt,?,"Vanavar Halt, Bihar",Point,"[84.9743682056, 25.0558596095]"
Maharashtra,BFJ,Bhoras Budrukh,CR,"Kargaon Tanda-Chalisgaon Rd, Maharashtra",Point,"[75.01429200000001, 20.538301]"
Uttar Pradesh,BARL,Baral,NR,"State Highway 18, Uttar Pradesh",Point,"[77.80997500000001, 28.494092]"
Orissa,BDBA,Badabandha Road,ECoR,"Badabandha, Orissa",Point,"[86.519951, 20.276721000000002]"
Haryana,BGD,Bara Gudah,NWR,"Bara Gudha, Haryana",Point,"[75.00164099999999, 29.697657]"
Jammu and Kashmir,BLA,BAJALTA,NR,"Khana Chorgol, Jammu and Kashmir",Point,"[74.953339, 32.762368]"
Gujarat,BHTL,BHATEL,WR,"Jamnagar, Gujarat",Point,"[69.4936287, 22.164096299999997]"
Punjab,TSS,TALLI SAIDASAHU,NR,"Talhi Saidasahu, Punjab",Point,"[74.748404, 31.03264]"
Madhya Pradesh,BDWS,BADARWAS,WCR,"Badarwas, Madhya Pradesh",Point,"[77.56182792, 24.983339819999998]"
Himachal Pradesh,BJPL,BAIJNATH PAPROLA,NR,"Paprola, Himachal Pradesh",Point,"[76.632508, 32.050368999999996]"
Andhra Pradesh,BLL,BANTANAHAL,SCR,"Rayalaseema Region, Andhra Pradesh",Point,"[77.27572365, 15.16290019]"
Madhya Pradesh,BMA,BAGMAR,CR,"East Nimar, Madhya Pradesh",Point,"[76.3616019397, 21.7371288607]"
Maharashtra,BLWD,BOLWAD,CR,"Bolwad, Maharashtra",Point,"[74.719998, 16.823851]"
Maharashtra,BMNI,BAMANI,CR,"State Highway 161, Maharashtra",Point,"[75.23764299999999, 17.512801]"
Uttar Pradesh,BNY,Barhni,NER,"Semari - Bisokhar Rd, Uttar Pradesh",Point,"[82.7918337, 27.4957951]"
Karnataka,BDVT,Bhadravati,SWR,"Bhadravati, Karnataka",Point,"[75.702832, 13.842428700000001]"
Bihar,BMKI,BAPUDHAM MOTIHARI,ECR,"Motihari, Bihar",Point,"[84.90529000000001, 26.655732999999998]"
Maharashtra,BIRD,BHIWANDI ROAD,CR,"Bhiwandi, Maharashtra",Point,"[73.045654, 19.268544000000002]"
Rajasthan,BI,BARI SADRI,NWR,"Bari Sadri, Rajasthan",Point,"[74.468715, 24.411465]"
Gujarat,BLD,BHILAD,WR,"Bhilad, Gujarat",Point,"[72.887446, 20.275323200000003]"
Uttar Pradesh,ALMW,ALMAW,NER,"Allahabad, Uttar Pradesh",Point,"[82.489941, 25.259915]"
Rajasthan,BGX,BAGRI SAJJANPUR,NWR,"Haripur, Rajasthan",Point,"[73.821842, 25.916759000000003]"
Gujarat,VTP,VASTRAPUR,WR,"Ahmedabad, Gujarat",Point,"[72.517982, 23.00802]"
Gujarat,BNTH,BANDHNATH,WR,"Shapur, Gujarat",Point,"[70.356879, 21.434145]"
Karnataka,BIJR,BIJOOR,KR,"Udupi, Karnataka",Point,"[74.6420535, 13.8221962]"
Rajasthan,BNS,BANAS,NWR,"Sirohi Road, Rajasthan",Point,"[72.98872560000001, 24.7131638]"
Gujarat,BILP,Bhilpur,WR,"Vadodara, Gujarat",Point,"[73.323477, 22.196154999999997]"
Rajasthan,BGPR,BHAGWANPURA,NWR,"Somesar, Rajasthan",Point,"[73.36331200000001, 25.419012000000002]"
Rajasthan,BGG,BANTA RAGHUNATHGARH,NWR,"Somesar, Rajasthan",Point,"[73.52738176000001, 25.60180707]"
Madhya Pradesh,BJPR,Bijaipur Road,NCR,"Bijaipur Road, Madhya Pradesh",Point,"[77.305586, 26.196877]"
Uttar Pradesh,BMY,Bamiana,NER,"To Vishartganj, Uttar Pradesh",Point,"[79.3291058, 28.26312382]"
Orissa,BNHR,Banbihari Gwalipur,ECoR,"State Highway 12, Orissa",Point,"[86.20503345, 20.33902661]"
Madhya Pradesh,BHAT,Bhatpura,NCR,"State Highway 2, Madhya Pradesh",Point,"[77.674711, 26.327284000000002]"
Rajasthan,BINR,Brij Nagar,NCR,"Bharatpur, Rajasthan",Point,"[77.089708, 27.439639]"
Assam,BKS,Balikotia,NFR,"Mathaouri Rd, Assam",Point,"[92.57044308, 26.46830942]"
Madhya Pradesh,BIR,Bir,WCR,"East Nimar, Madhya Pradesh",Point,"[76.547232, 22.05264]"
Uttar Pradesh,BHDR,Bhadri,NR,"National Highway 24B, Uttar Pradesh",Point,"[81.56775470000001, 25.6766583]"
Rajasthan,BEDM,Bedham,NCR,"State Highway 14, Rajasthan",Point,"[77.209461, 27.453929]"
Assam,BPB,BADARPUR JN,NFR,"03845-269546., Assam",Point,"[92.5563227, 24.865177499999998]"
Maharashtra,GTU,GHAT NANDUR,SCR,"Ghat Nadur, Maharashtra",Point,"[76.563483, 18.722977999999998]"
Karnataka,BNTL,Bantawala,SWR,"Bantwal, Karnataka",Point,"[75.034456, 12.878545]"
Karnataka,BRBL,Birahalli,SWR,"Birahalli, Karnataka",Point,"[76.38519600000001, 12.667132]"
Uttar Pradesh,BSCK,BASUCHAK,NER,"Basuchak-Rampur Mangha Rd, Uttar Pradesh",Point,"[83.34822341, 25.53140767]"
Tamil Nadu,AND,ANDAMPALIAM,SR,"Maniyam St, Tamil Nadu",Point,"[79.16898527, 12.088426380000001]"
Punjab,BRZ,BARETA,NR,"Bareta, Punjab",Point,"[75.69240260000001, 29.859333900000003]"
Madhya Pradesh,BRGW,BARGAWAN,WCR,"Bargawa, Madhya Pradesh",Point,"[82.455989, 24.197002]"
Uttar Pradesh,BSY,BARSATHI,NR,"State Highway 36, Uttar Pradesh",Point,"[82.473946, 25.564132999999998]"
Orissa,BUF,Bimlagarh Junction,SER,"Sundargarh, Orissa",Point,"[85.017326, 21.964332]"
Uttar Pradesh,BSKR,BASI KIRATPUR,NR,"Kiratpur, Uttar Pradesh",Point,"[78.213283, 29.497228000000003]"
Gujarat,CDS,CHANDISAR,WR,"Banaskantha, Gujarat",Point,"[72.3128162, 24.2064915]"
Punjab,BTI,BHATINDA JN,NR,"Bathinda, Punjab",Point,"[74.932083, 30.209488]"
Assam,BTZ,BALIMARA,NFR,"Naharkatiya to Nigam Rd, Assam",Point,"[95.333576, 27.236867999999998]"
Punjab,PTK,PATHANKOT,NR,"NH 20, Punjab",Point,"[75.644427, 32.271804]"
Maharashtra,BVNR,BHAVANI NAGAR,CR,"Tasgaon Rd, Maharashtra",Point,"[74.312946, 17.156895]"
Uttar Pradesh,BQP,Bighapur,NR,"State Highway 38, Uttar Pradesh",Point,"[80.6934544, 26.3551471]"
Kerala,AMLR,AMALA NAGAR,SR,"Thrissur, Kerala",Point,"[76.171838, 10.561834]"
Madhya Pradesh,BTC,Balaghat Junction,SECR,"Balaghat, Madhya Pradesh",Point,"[80.19988529999999, 21.8116285]"
Rajasthan,BOTI,Baori Thikria,NWR,"National Highway 11, Rajasthan",Point,"[75.511335, 27.41454869]"
Himachal Pradesh,BOF,Barog,NR,"Barog, Himachal Pradesh",Point,"[77.0829696, 30.890852900000002]"
Orissa,BSTP,Basantapur,ECoR,"National Highway 215, Orissa",Point,"[85.67658999999999, 21.548768]"
Andhra Pradesh,BTM,Battulapuram,SCR,"Battulapuram Station, Andhra Pradesh",Point,"[78.30580244, 13.74759508]"
Uttar Pradesh,BSWA,Baiswara,NR,"State Highway 38, Uttar Pradesh",Point,"[80.83471200000001, 26.284843000000002]"
Assam,AMJ,Amin Gaon,NFR,"Guwahati, Assam",,
Tamil Nadu,AMNR,Ammanur,SR,"Mazavarayanallu Rd, Tamil Nadu",,
West Bengal,BPC,Berhampore Court,ER,"Berhampore, West Bengal",Point,"[88.263642, 24.0890841]"
Tamil Nadu,AMM,Atirampattinam,SR,"Muthupet, Tamil Nadu",Point,"[79.38580758869648, 10.332285228976446]"
Rajasthan,CRWA,Chirawa,NWR,"SH 13, Rajasthan",Point,"[75.65068451687694, 28.223341365041605]"
Gujarat,ANKI,Anakhi,WR,"Bharuch, Gujarat",,
Gujarat,ANW,Anawal,WR,"Anawal, Gujarat",,
Rajasthan,BWC,Banwali,NWR,"Sri Ganganagar, Rajasthan",Point,"[74.029894, 29.91997899999999]"
West Bengal,BT,Barasat,ER,"Kolkata, West Bengal",Point,"[88.48348299999999, 22.723879999999998]"
Bihar,BYP,Baijnathpur,ECR,"State Highway 59, Bihar",Point,"[86.653766, 25.901014]"
West Bengal,BPD,Bahadurpur,ER,"Bahadurpur, West Bengal",Point,"[88.4633792, 23.438519499999998]"
Odisha,BXF,Barsuan,SER,"Sundargarh, Odisha",Point,"[85.119799, 21.847398000000002]"
Bihar,AMO,Amolwa,ECR,"Pashchim Champaran, Bihar",Point,"[84.478487, 27.211161]"
Rajasthan,BXN,BAYANA JN,WCR,"Bayana, Rajasthan",Point,"[77.29713100000001, 26.916354000000002]"
,SKEN,Sukhshena,?,,Point,"[87.111962, 25.790577]"
Rajasthan,DNRP,DUNGARPUR,NWR,"State Highway 10, Rajasthan",Point,"[73.69546199999999, 23.867175000000003]"
Uttar Pradesh,CHBR,CHAURE BAZAR,NR,"State Highway 9, Uttar Pradesh",Point,"[82.118735, 26.469531]"
Uttar Pradesh,DDW,DUDWA,NER,"Dudwa, Uttar Pradesh",Point,"[80.672161, 28.50831]"
Gujarat,CKE,CHOKI SORATH,WR,"National Highway 8D, Gujarat",Point,"[70.525813, 21.659142000000003]"
Uttar Pradesh,CIH,Chilhia,NER,"State Highway 1A, Uttar Pradesh",Point,"[82.990864, 27.35207]"
West Bengal,DGLE,DHULIAN GANGA,ER,"National Highway 34, West Bengal",Point,"[87.937644, 24.672086]"
Tamil Nadu,CDM,CHIDAMBARAM,SR,"Chidambaram, Tamil Nadu",Point,"[79.7033411, 11.391471000000001]"
Rajasthan,COO,CHHOTI ODAI,WCR,"SH 25, Rajasthan",Point,"[76.805294, 26.558703]"
Bihar,CAMU,CHAMUA,ECR,"National Highway 28B, Bihar",Point,"[84.40083419070001, 27.137702177799998]"
Gujarat,DHLI,Dethli,WR,"State Highway 19, Gujarat",Point,"[72.10305100000001, 23.486172]"
West Bengal,DHAE,DAINHAT,ER,"Daihaat Rd, West Bengal",Point,"[88.17026899999999, 23.60191]"
Karnataka,DAD,DEVARGUDDA,SWR,"Hanumanamatti, Karnataka",Point,"[75.57614099999999, 14.66779]"
Maharashtra,DEW,Dewalgaon,SECR,"Warsa Rd, Maharashtra",Point,"[80.0792665497, 20.8911603401]"
Delhi NCT,BWSN,BIJWASAN,NR,"Bijwasan, Delhi NCT",Point,"[77.051292, 28.536700000000003]"
Karnataka,DBS,DOBBSPET,SWR,"Dobbasapete, Karnataka",Point,"[77.2491554279, 13.2331801567]"
Gujarat,DCK,DHANDHUKA,WR,"Dhandhuka, Gujarat",Point,"[71.975613, 22.384024]"
West Bengal,COB,Cooch Behar,NFR,"Cooch Behar, West Bengal",Point,"[89.6653098, 26.3029681]"
Kerala,CQA,Cherukara,SR,"Cherukara, Kerala",Point,"[76.22811899999999, 10.929228]"
Delhi NCT,DEE,DELHI SARAI ROHILLA,NR,"New Rohtak road, Delhi NCT",Point,"[77.187106, 28.662992]"
Delhi NCT,DBSI,DAYA BASTI,NR,"Zakhira, Delhi NCT",Point,"[77.17138999999999, 28.667329000000002]"
Punjab,CWN,Charawan,NR,"State Highway 16, Punjab",Point,"[74.578082, 30.501186999999998]"
Rajasthan,DOB,Dundlodh Mukundgarh,NWR,"Mukandgarh, Rajasthan",Point,"[75.23735384456813, 27.93879936977548]"
Haryana,BWK,Bawani Khera,NWR,"Bawani Khera, Haryana",Point,"[76.032707, 28.939509]"
West Bengal,BARU,Baharu,ER,"Baharu, West Bengal",Point,"[88.44446, 22.205278]"
Uttar Pradesh,DOX,DOHNA,NER,"State Highway 37, Uttar Pradesh",Point,"[79.432729, 28.434064000000003]"
Andhra Pradesh,DKJ,DORNAKAL JN,SCR,"Garla, Andhra Pradesh",Point,"[80.153157, 17.445987000000002]"
Rajasthan,GGC,GANGAPUR CITY,WCR,"Gangapur, Rajasthan",Point,"[76.72770799999999, 26.468979]"
Uttar Pradesh,DMPR,DHARAMPUR,NR,"National Highway 93, Uttar Pradesh",Point,"[78.265728, 28.150306]"
Gujarat,DJI,DHORAJI,WR,"Dhoraji, Gujarat",Point,"[70.44478000000001, 21.72217]"
Madhya Pradesh,DLD,DALAUDA,WR,"Dalauda, Madhya Pradesh",Point,"[75.105361, 23.948636999999998]"
Uttar Pradesh,TKRU,TAKHRAU,NCR,"Takhrau, Uttar Pradesh",Point,"[79.212452, 27.274196]"
Maharashtra,DSK,DUSKHEDA,CR,"Jalgaon, Maharashtra",Point,"[75.839083, 21.073708]"
Haryana,DING,Ding,NWR,"Sirsa, Haryana",Point,"[75.2606046, 29.461053699999997]"
West Bengal,DHPD,DHAPARA DHAM,ER,"National Highway 34, West Bengal",Point,"[88.246087, 24.195866000000002]"
Maharashtra,DNE,DHAMNI,SCR,"Hingoli, Maharashtra",Point,"[77.177888, 19.647058]"
Uttar Pradesh,DHRJ,DHIRGANJ,NR,"State Highway 9, Uttar Pradesh",Point,"[81.924339, 25.745642]"
Karnataka,GDG,GADAG JN,SWR,"Gadag, Karnataka",Point,"[75.642481, 15.437048]"
Maharashtra,DNJ,DAUNDAJ,CR,"Indraprastha Rd, Maharashtra",Point,"[74.176780918, 18.2300065666]"
Karnataka,DVG,DAVANGERE,SWR,"Davanagere, Karnataka",Point,"[75.92229, 14.467834]"
Madhya Pradesh,DRGM,DEORAGRAM,WCR,"Gajarbahara, Madhya Pradesh",Point,"[82.35246400000001, 24.096925000000002]"
Madhya Pradesh,DMYA,DAMOY,WCR,"State Highway 11, Madhya Pradesh",Point,"[80.99678700000001, 23.971207999999997]"
Karnataka,DRU,KADUR,SWR,"Kadur, Karnataka",Point,"[76.008846, 13.552501000000001]"
Haryana,DTN,DHAMTAN SAHIB,NR,"Jind District, Haryana",Point,"[76.004006, 29.688827]"
Punjab,FDK,FARIDKOT,NR,"Faridkot, Punjab",Point,"[74.76137999999999, 30.682857]"
Haryana,DULP,Daulatpur Haryana,NR,"National Highway 65, Haryana",Point,"[75.88859, 29.452122999999997]"
Uttar Pradesh,DPSR,Dapsaura,NCR,"National Highway 86, Uttar Pradesh",Point,"[80.202954, 25.983503]"
Orissa,DMF,Dumerta,SER,"Rourkela, Orissa",Point,"[84.914683, 22.185683]"
Tamil Nadu,DPJ,Dharmapuri,SWR,"Dharmapuri, Tamil Nadu",Point,"[78.154742, 12.126595]"
Gujarat,DVA,Delvada,WR,"Delvada, Gujarat",Point,"[71.041529, 20.773429]"
Maharashtra,DKU,Dumri Khurd,SECR,"Dumri Khurd, Maharashtra",Point,"[79.312269, 21.310416]"
Haryana,DNX,Dhansu,NR,"National Highway 65, Haryana",Point,"[75.801658, 29.211731]"
Gujarat,DIBL,Dholi Bhal,WR,"Rayaka, Gujarat",Point,"[72.0826, 22.44572]"
West Bengal,DSPN,Deshpran Ph,?,"Bajkul, West Bengal",Point,"[87.817047, 22.029346999999998]"
Gujarat,DTJ,Detroj,WR,"State Highway 133, Gujarat",Point,"[72.1765459082, 23.332027810299998]"
Punjab,GRN,GURNAY,NR,"MDR 102, Punjab",Point,"[75.80467660219999, 29.874366636999998]"
Punjab,GILL,GILL,NR,"Ludhiana, Punjab",Point,"[75.848169, 30.840521000000003]"
Chhattisgarh,DTL,DARRITOLA,SECR,"National Highway 78, Chhattisgarh",Point,"[82.395751, 23.289638]"
West Bengal,DWT,Dewan Hat,NFR,"Dewan, West Bengal",Point,"[89.6653098, 26.3029681]"
Bihar,FNO,FUNGO HALT,ECR,"Fungo, Bihar",Point,"[86.6044763025, 25.6187302859]"
Uttar Pradesh,FRD,FARHEDI,NR,"Moradabad- Chandausi Rd, Uttar Pradesh",Point,"[78.7937161591, 28.711716968]"
Assam,GKJ,GOLAKGANJ,NFR,"Golokganj, Assam",Point,"[89.83064999999999, 26.108359]"
Uttar Pradesh,FTC,Fatehpur Chursi,NR,"State Highway 38, Uttar Pradesh",Point,"[80.26179, 26.843511]"
Uttar Pradesh,GNGL,Gangauli,NER,"Jaunpur, Uttar Pradesh",Point,"[82.86309299999999, 25.668107000000003]"
Karnataka,GKK,GOKAK ROAD,SWR,"Belagavi, Karnataka",Point,"[74.738839, 16.205164]"
Uttar Pradesh,GRRG,GURLI RAMGARHWA,NER,"Ghughli Bazar, Uttar Pradesh",Point,"[83.771432, 27.185738999999998]"
Andhra Pradesh,FKB,FAKHRABAD,SCR,"Basara, Andhra Pradesh",Point,"[77.974481, 18.824644]"
Maharashtra,GPR,GHORPURI,CR,"Pune, Maharashtra",Point,"[73.893448392, 18.5278209233]"
Karnataka,GHL,GOLHALLI,SWR,"State Highway 74, Karnataka",Point,"[77.413983, 13.148289]"
Rajasthan,FSW,Fateh Singhwala,NWR,"Sri Ganganagar, Rajasthan",Point,"[74.029894, 29.91997899999999]"
Uttar Pradesh,DYK,DUDHIA KHURD,NER,"State Highway 21, Uttar Pradesh",Point,"[80.19780499999999, 28.46474]"
Rajasthan,GND,Govindgarh Malikpur,NWR,"Govindgarh, Rajasthan",Point,"[75.64500100000001, 27.240582]"
Maharashtra,GNO,GOREGAON ROAD,KR,"Raigad, Maharashtra",Point,"[73.30253, 18.162498]"
Maharashtra,DWV,DIWANKHAVATI,KR,"Maharashtra, Maharashtra",Point,"[73.418174, 17.855413000000002]"
West Bengal,GMDN,GIRIMAIDAN,SER,"Kharagpur, West Bengal",Point,"[87.306151, 22.340478]"
Punjab,GSB,GARNA SAHIB,NR,"National Highway 1A, Punjab",Point,"[75.65349208250001, 31.7805618081]"
West Bengal,GKL,GOKULPUR,SER,"Midnapore, West Bengal",Point,"[87.293716, 22.375923]"
West Bengal,GLMA,GULMA,NFR,"National Highway 31, West Bengal",Point,"[88.403784, 26.802802]"
Gujarat,EN,ISAND,WR,"Khodiyar, Gujarat",Point,"[72.484975, 23.294039]"
Uttar Pradesh,DXN,DUDDHINAGAR,ECR,"Sonebhadra, Uttar Pradesh",Point,"[83.21679153630001, 24.2090318514]"
Madhya Pradesh,GAJB,GAJARA BAHARA,WCR,"Gajarbahara, Madhya Pradesh",Point,"[82.31176099999999, 24.05344]"
Himachal Pradesh,GMM,Gumman,NR,"Parwanoo, Himachal Pradesh",Point,"[76.97194, 30.842438]"
Maharashtra,GBRI,Gobarwahi,SECR,"State Highway 251, Maharashtra",Point,"[79.723237, 21.514747]"
Chhattisgarh,DRZ,Dalli Rajhara,SECR,"Dalli Rajhara, Chhattisgarh",Point,"[81.067973, 20.586729]"
Gujarat,GRHM,Gir Hadmatiya,WR,"Jambur, Gujarat",Point,"[70.687208, 20.988488]"
Orissa,GRKN,Gorakhnath,ECoR,"Jagatsinghpur, Orissa",Point,"[86.260098, 20.308158000000002]"
West Bengal,BGL,Bagula,ER,"Bagula, West Bengal",Point,"[88.64640372000001, 23.335464709999997]"
Punjab,GHS,Guru Harsahai,NR,"Panjeke, Punjab",Point,"[74.399987, 30.715001]"
Bihar,GEB,Garh Baruari,ECR,"Garh Baruari, Bihar",Point,"[86.605596, 26.019349]"
Chhattisgarh,GAD,Gevra Road,SECR,"Korba, Chhattisgarh",Point,"[82.64566, 22.348523999999998]"
Uttar Pradesh,GHRI,Ghori Halt,NR,"sharda nehar, Uttar Pradesh",Point,"[80.503293, 27.373959]"
Uttar Pradesh,GJMB,Ganjmuradabad,NR,"Sharda Nehar, Uttar Pradesh",Point,"[80.177008, 26.987889000000003]"
Uttar Pradesh,GAJU,Gaju Halt,NR,"State Highway 25, Uttar Pradesh",Point,"[80.37297299999999, 27.204231]"
Andhra Pradesh,GNN,GANGINENI,SCR,"Yerrupalem, Andhra Pradesh",Point,"[80.498954, 16.781754]"
Uttarakhand,HRW,HARRAWALA,NR,"Dehradun, Uttarakhand",Point,"[78.097705, 30.260892]"
Himachal Pradesh,NGRS,NAGROTA SURIYAM,NR,"State Highway 22, Himachal Pradesh",Point,"[76.09101, 32.051899]"
Karnataka,HLN,Hole Narsipur,SWR,"Hassan District, Karnataka",Point,"[76.24646, 12.786494999999999]"
Maharashtra,HGL,HARANGUL,CR,"State Highway 77, Maharashtra",Point,"[76.48091199999999, 18.385198]"
Karnataka,HBL,HOMBAL,SWR,"Belavaniki, Karnataka",Point,"[75.576122, 15.520135999999999]"
Madhya Pradesh,HD,HARDA,WCR,"Harda, Madhya Pradesh",Point,"[77.10084, 22.338414]"
Assam,HTL,HATIKHALI,NFR,"North Cachar Hills, Assam",Point,"[93.09084800000001, 25.611069999999998]"
Madhya Pradesh,JAO,JAORA,WR,"Jaora, Madhya Pradesh",Point,"[75.11563199999999, 23.627772999999998]"
Rajasthan,HMK,HINDUMALKOTE,NR,"National Highway 15, Rajasthan",Point,"[73.925834, 30.147102999999998]"
Punjab,GUNS,GHUNAS,NR,"Ghunas Railway Station, Punjab",Point,"[75.420592, 30.320113000000003]"
Uttar Pradesh,HA,HARGAON,NER,"Hargaon, Uttar Pradesh",Point,"[80.728229, 27.769192]"
Rajasthan,HMG,HAMIRGARH,NWR,"Hamirgarh, Rajasthan",Point,"[74.616939, 25.187264]"
Karnataka,HGI,HAGARI,SCR,"National Highway 63, Karnataka",Point,"[77.0517473206, 15.1512387259]"
Gujarat,HPRD,HAPA ROAD,WR,"National Highway 8, Gujarat",Point,"[72.938107, 23.540458]"
Kerala,PTB,PATTAMBI,SR,"Pattambi, Kerala",Point,"[76.1813366473, 10.8019329802]"
Haryana,PBJM,Pabnawa Jasmahinder Halt,NR,"Haryana, Haryana",Point,"[76.6527179736, 29.895695706599998]"
Karnataka,HDD,HADDINAGUNDU,SCR,"National Highway 63, Karnataka",Point,"[76.979148, 15.153264]"
Rajasthan,JMS,JAMSAR,?,"Bikaner, Rajasthan",Point,"[73.398985, 28.24751]"
Assam,GLPT,GOALPARA TOWN,NFR,"Goalpara Town Rail Station, Assam",Point,"[90.62065899999999, 26.126534999999997]"
Karnataka,HBS,HEBSUR,SWR,"Hebsur, Karnataka",Point,"[75.283878, 15.42206]"
Andhra Pradesh,GUK,GUNTAKONDURU,SCR,"P.P.Road, Andhra Pradesh",Point,"[81.077533, 16.45715]"
Rajasthan,JAL,JAWALI,NWR,"Rania, Rajasthan",Point,"[73.39687099999999, 25.462722]"
Uttar Pradesh,HZN,Hazrat Nagar Halt,NR,"Hazrat Nagar, Uttar Pradesh",Point,"[78.665909, 28.633331000000002]"
Jharkhand,HLD,Haludpukur,SER,"State Highway 50, Jharkhand",Point,"[86.2607646, 22.7428208]"
Uttar Pradesh,GSGJ,Ghausganj,NR,"Ghausganj, Uttar Pradesh",Point,"[80.2918266571, 27.135126874500003]"
Madhya Pradesh,JMV,Jambara,CR,"Amla, Madhya Pradesh",Point,"[78.251975, 21.943048]"
Karnataka,HAS,Hassan Junction,SWR,"Hassan, Karnataka",Point,"[76.117359, 13.003182]"
West Bengal,HHR,Hridaypur,ER,"Madhyamgram, West Bengal",Point,"[88.470282, 22.711098]"
Maharashtra,HER,Her,SCR,"Latur, Maharashtra",Point,"[76.97130647339999, 18.4269033932]"
Karnataka,JRKT,JADARAMA KUNTE,SWR,"National Highway 13, Karnataka",Point,"[75.83866138549999, 16.2842670722]"
Punjab,JGW,JOGIWALA,NR,"State Highway 19, Punjab",Point,"[75.067432, 31.093842]"
Uttarakhand,IKK,IKKAR,NR,"Haridwar, Uttarakhand",Point,"[78.099997, 29.891989]"
Rajasthan,JCH,JETHA CHANDAN,NWR,"Chandan, Rajasthan",Point,"[71.308307, 26.999949]"
Uttarakhand,QSR,KANSRAO,NR,"Dehradun, Uttarakhand",Point,"[78.1417954028, 30.0785698608]"
Haryana,JSKA,JATAULA SAMPHKA,NR,"Hailley Mandi, Haryana",Point,"[76.799492, 28.372602]"
Rajasthan,JWS,JHARWASAA,NWR,"Jharwasa, Rajasthan",Point,"[74.7074, 26.210097]"
Himachal Pradesh,JMKR,JAWLMUKHI ROAD,NR,"Jwalamukhi, Himachal Pradesh",Point,"[76.226427, 32.015744000000005]"
Himachal Pradesh,KAWL,KANDWAL HALT,NR,"Pathankot, Himachal Pradesh",Point,"[75.76982299999999, 32.282959]"
Maharashtra,KAYR,KAYAR,?,"State Highway 233, Maharashtra",Point,"[78.907292, 19.90643]"
Madhya Pradesh,JTW,JAITWAR,WCR,"Jaitwar, Madhya Pradesh",Point,"[80.863876, 24.740226]"
Maharashtra,JUK,JAULKA,SCR,"Washim, Maharashtra",Point,"[77.0759090985, 20.2854429153]"
Madhya Pradesh,JKE,JUKEHI,WCR,"Jukehi, Madhya Pradesh",Point,"[80.432389, 23.986873000000003]"
Himachal Pradesh,KANO,Kanoh,NR,"Sadhupul, Himachal Pradesh",Point,"[77.11800600000001, 30.992082999999997]"
Haryana,JIND,JIND JN,NR,"Jind, Haryana",Point,"[76.28961699999999, 29.328875999999998]"
Gujarat,JDH,JAM JODHPUR JN,WR,"Jamjodhpur, Gujarat",Point,"[70.03138700000001, 21.906659]"
Assam,JKB,Jakhalabandha,NFR,"Jakhalabandha, Assam",Point,"[92.991109, 26.563801]"
West Bengal,JVT,JIVANTI HALT,ER,"State Highway 11, West Bengal",Point,"[88.192446, 24.080516999999997]"
Assam,JMK,JAMUNAMUKH,NFR,"National Highway 36, Assam",Point,"[92.741306, 26.108194]"
Rajasthan,KDL,Kankroli,NWR,"Rajsamand, Rajasthan",Point,"[73.909586, 25.049118999999997]"
Uttar Pradesh,JRQ,JHAROKHAS,ECR,"National Highway 75, Uttar Pradesh",Point,"[83.164150647, 24.1796156953]"
Uttar Pradesh,JEA,Nakaha Jungle,NER,"Gorakhpur, Uttar Pradesh",Point,"[83.360755, 26.803135]"
Madhya Pradesh,JOBA,JOBA,WCR,"Madhya Pradesh, Madhya Pradesh",Point,"[81.762682, 24.096599]"
Bihar,JMN,JAMUAWAN,?,"Jamuawan, Bihar",Point,"[85.292477, 24.81523]"
Orissa,JRLI,Jaroli,?,"Juruli, Orissa",Point,"[85.419294, 21.952769]"
Haryana,JSS,JASIA,?,"National Highway 71A, Haryana",Point,"[76.649455, 29.005748999999998]"
Maharashtra,KASU,KASU,CR,"Maharashtra, Maharashtra",Point,"[73.079446, 18.64059]"
Tamil Nadu,KAL,Kallai,SR,"Kallal, Tamil Nadu",Point,"[78.670312, 9.977293]"
Karnataka,KAWR,KARWAR,KR,"Karwar, Karnataka",Point,"[74.183139, 14.821387]"
Bihar,IPR,Islampur,ECR,"Islampur, Bihar",Point,"[85.2173007153, 25.138577101499997]"
Chhattisgarh,JDB,JAGDALPUR,ECoR,"Jagdalpur, Chhattisgarh",Point,"[82.013757, 19.066004]"
Karnataka,CGKP,CHANDAGIRIKOPAL,SWR,"State Highway 7, Karnataka",Point,"[76.716049, 12.478701999999998]"
Rajasthan,JWB,JAWAI BANDH,NWR,"Pali, Rajasthan",Point,"[73.14732500000001, 25.114043000000002]"
Punjab,JJJ,Jaijon Doaba,NR,"Jaijon Doaba, Punjab",Point,"[76.134971, 31.349656]"
West Bengal,JJG,JiaGanj,ER,"Police Station Rd, West Bengal",Point,"[88.27698, 24.244268]"
,NGRI,New Garia,,,Point,"[88.397713, 22.4727]"
Tamil Nadu,HSRA,Hosur,SWR,"Hosur, Tamil Nadu",Point,"[77.822839, 12.717606]"
Rajasthan,KBK,Khamil Ghat,NWR,"State Highway 61, Rajasthan",Point,"[73.864884, 25.626813000000002]"
Gujarat,JCN,Junichavand,WR,"Junichavand, Gujarat",Point,"[70.683667, 21.385151]"
Gujarat,KANS,Kansiya Nes,WR,"State Highway 111, Gujarat",Point,"[70.64004200000001, 21.244101999999998]"
Andhra Pradesh,KDM,KESAMUDRAM,SCR,"Kesamudram, Andhra Pradesh",Point,"[79.89647099999999, 17.686252]"
Maharashtra,CNHL,CHINK HILL,CR,"State Highway 77, Maharashtra",Point,"[75.45468500000001, 18.099269000000003]"
Uttar Pradesh,KD,KUNDARKHI,NR,"Kundarki, Uttar Pradesh",Point,"[78.7880650638, 28.680444428799998]"
Andhra Pradesh,COA,Kakinada Port,SCR,"Kakinada, Andhra Pradesh",Point,"[82.240057, 16.955204000000002]"
West Bengal,JRLE,JANGIPUR ROAD,ER,"Raghunathganj, West Bengal",Point,"[88.04076, 24.459515]"
Uttar Pradesh,CKTD,CHITRAKUTDHAM KARWI,NCR,"Chitrakoot Karvi, Uttar Pradesh",Point,"[80.922775, 25.217610999999998]"
Andhra Pradesh,KCM,Kalasumudram,SCR,"Chennai - Anantpur Rd, Andhra Pradesh",Point,"[78.099683, 14.21716]"
Madhya Pradesh,KDK,KOHDAD,CR,"State Highway 15, Madhya Pradesh",Point,"[76.36547849, 21.7026228941]"
Karnataka,CHU,Champion,SWR,"KGF, Karnataka",Point,"[78.262564, 12.936251]"
Gujarat,CJR,CHAMARAJ,WR,"State Highway 17, Gujarat",Point,"[71.555883, 22.735539]"
Punjab,CJL,CHAJLI,NR,"Jakhal Rd, Punjab",Point,"[75.81228634829999, 30.042985535099998]"
Maharashtra,KEK,KARKHELI,SCR,"Biloli, Maharashtra",Point,"[77.73819999999999, 18.944571]"
,CNPR,CHAINPUR,ECR,,Point,"[85.582933, 23.729821]"
Gujarat,KDI,KUNDLI,WR,"State Highway 38, Gujarat",Point,"[71.68394941769999, 22.2788440574]"
Punjab,CIA,CHHEHARTA,NR,"Amritsar, Punjab",Point,"[74.794278, 31.621878000000002]"
Goa,CNO,CANCONA,KR,"Ph:-0832-2643331., Goa",Point,"[74.039454, 15.006905999999999]"
Assam,CJA,CHONGAJAN,NFR,"local Rd, Assam",Point,"[93.818104, 26.062329]"
Karnataka,CLR,CASTLE ROCK,SWR,"National Highway 4A, Karnataka",Point,"[74.334484, 15.397879]"
Karnataka,KDO,KADAKOLA,SWR,"Mysore District, Karnataka",Point,"[76.663729, 12.190406999999999]"
Assam,JPZ,JOGIGHOPA,NFR,"National Highway 31B, Assam",Point,"[90.576384, 26.241537]"
Maharashtra,CMK,Chamak,CR,"Amravati, Maharashtra",,
West Bengal,KGN,Kurseong,NFR,"Kurseong, West Bengal",Point,"[88.277001, 26.877401000000003]"
,CKMI,Chhotaki Masaudhi Halt,?,,Point,"[85.0317514441, 25.330397498299998]"
Rajasthan,KAWT,Kanwat,NWR,"Kanwat, Rajasthan",Point,"[75.67626636840001, 27.5895214437]"
Madhya Pradesh,CNN,Chintaman Ganes,WR,"Ujjain, Madhya Pradesh",Point,"[75.741029, 23.145849]"
Assam,CMA,Cinnamara,NFR,"Cinnamora, Assam",Point,"[94.169432, 26.715526999999998]"
Andhra Pradesh,CMW,Chima Pahad,SCR,"Khammam, Andhra Pradesh",Point,"[80.463656, 17.516012]"
Uttar Pradesh,CHTT,Chitta Halt,NCR,"Chitta Halt, Uttar Pradesh",Point,"[77.53707700000001, 17.823439]"
Haryana,CKD,Charkhi Dadri,NWR,"Dist. Bhiwani, Haryana",Point,"[76.279921, 28.600799]"
Uttar Pradesh,CKSR,Chak Safaura Halt,NER,"Mighauna, Uttar Pradesh",Point,"[79.842478, 28.211203]"
Uttar Pradesh,CHWT,Chhaprawat,NR,"SH 18, Uttar Pradesh",Point,"[77.79989095580001, 28.541970328]"
Karnataka,KDBA,Kodimbala Halt,SWR,"Panja Kadaba Rd, Karnataka",Point,"[75.476631, 12.718252]"
Uttar Pradesh,KEMR,KEMRI,NER,"MDR 33W, Uttar Pradesh",Point,"[79.19779600000001, 28.809864]"
Rajasthan,KHTX,KHED TEMPLE HALT,NWR,"Tilwara, Rajasthan",Point,"[72.109226, 25.886233999999998]"
Uttar Pradesh,CPU,CHOPAN,ECR,"Chopan, Uttar Pradesh",Point,"[83.025843, 24.51403]"
Gujarat,DAC,DAHINSARA JN,WR,"SH 24, Gujarat",Point,"[70.618291, 22.955606999999997]"
Maharashtra,PTZ,Patsul,SCR,"MSH24, Maharashtra",Point,"[77.038231, 21.0022]"
Uttar Pradesh,KJA,KHAJURHAT,NR,"Bikapur, Uttar Pradesh",Point,"[82.126813, 26.525308]"
Uttar Pradesh,DBD,DEOBAND,NR,"Deoband, Uttar Pradesh",Point,"[77.67087339999999, 29.680031500000002]"
Rajasthan,CRG,CHURAMAN NAGRI,WCR,"SH 33, Rajasthan",Point,"[77.61766999999999, 27.40119]"
Rajasthan,COR,CHITTAURGARH,WR,"Chittorgarh, Rajasthan",Point,"[74.623687, 24.874340999999998]"
Andhra Pradesh,CVB,CAVALRY BARRCKS,SCR,"Secunderabad, Andhra Pradesh",Point,"[78.518694, 17.494734]"
Uttar Pradesh,CUK,CHURK,NCR,"State Highway 14, Uttar Pradesh",Point,"[83.1032006, 24.6496787]"
Rajasthan,KIN,Kapasan,NWR,"Kapasan, Rajasthan",Point,"[74.312762, 24.86221]"
Uttar Pradesh,KHRY,KHAIRAHI,NCR,"State Highway 5, Uttar Pradesh",Point,"[82.9857744763, 24.8020366077]"
Maharashtra,DAB,DHARMABAD,SCR,"Degaon, Maharashtra",Point,"[77.8493415012, 18.888260310099998]"
Maharashtra,CRD,MUMBAI CURREY ROAD,CR,"Mumbai, Maharashtra",Point,"[72.83265999999999, 18.9937]"
Bihar,CTHT,CHATAR HALT,ECR,"Chatar, Bihar",Point,"[85.495374, 24.842143999999998]"
Gujarat,CRND,Choranda Junction,WR,"Choranda, Gujarat",,
Kerala,KLAD,KALANAD HALT,SR,"Kasaragod, Kerala",Point,"[74.998515, 12.467679]"
Gujarat,DAS,DHASA JN,WR,"Dhasa, Gujarat",Point,"[71.51800800000001, 21.782545]"
Gujarat,KHD,KHODIYAR,WR,"Sarkhej Gandhinagar Hwy, Gujarat",Point,"[72.548244, 23.156554]"
Gujarat,CTRL,CHHATRAL,WR,"State Highway 133, Gujarat",Point,"[72.46851799999999, 23.26246]"
Rajasthan,CTKT,Choti Khatu,NWR,"Degana, Rajasthan",Point,"[74.35722999999999, 27.155534]"
Madhya Pradesh,KKD,Kalkund,WR,"Mhow, Madhya Pradesh",Point,"[75.85927000000001, 22.47801]"
Punjab,DAVC,Jalalabad DAV College,NR,"Jalalabad, Punjab",,
Madhya Pradesh,CRE,Charghat Piparia,SECR,"Guwarighat, Madhya Pradesh",Point,"[79.929889, 23.044097]"
West Bengal,D,Deula,ER,"National Highway 117, West Bengal",Point,"[88.28148300000001, 22.214924]"
Gujarat,KJV,Khijadiya Junction,WR,"Amreli, Gujarat",Point,"[71.275556, 21.740875]"
Gujarat,DARI,Dhari Junction,WR,"Dhari, Gujarat",Point,"[71.027594, 21.326767]"
West Bengal,DEA,Diara,ER,"State Highway 2, West Bengal",Point,"[88.280471, 22.798157]"
Madhya Pradesh,CRN,Charegaon,SECR,"State Highway 11, Madhya Pradesh",Point,"[80.1401154919, 22.042038383999998]"
Gujarat,CTL,Chital,WR,"SH 34, Gujarat",Point,"[71.218128, 21.745689]"
,DPUR,Dadpur,,,Point,"[83.250076, 19.972516]"
Jharkhand,KHRI,Kharkhari,SER,"National Highway 32, Jharkhand",Point,"[86.234894, 23.760124]"
Maharashtra,KFH,Katphal,CR,"Baramati, Maharashtra",Point,"[74.59603216999999, 18.23255147]"
Tamil Nadu,KJPD,Kurinjipadi,SR,"Kurinjippadi, Tamil Nadu",Point,"[79.595999, 11.572583]"
Rajasthan,KLH,Khemli,NWR,"Khemli, Rajasthan",Point,"[73.84238599999999, 24.690834]"
Haryana,KLNK,Kalanaur Kalan,NWR,"Kalanaur, Haryana",Point,"[76.389612, 28.8349236]"
Punjab,DDK,Dhindsa,NR,"Dhindsa, Punjab",Point,"[74.738503, 30.895838]"
Andhra Pradesh,KMT,KHAMMAM,SCR,"Khammam, Andhra Pradesh",Point,"[80.138491, 17.249347]"
Gujarat,DEU,Devsana,WR,"State Highway 133, Gujarat",,
Gujarat,DEWA,Dewa,WR,"Dewa, Gujarat",,
Madhya Pradesh,KTHA,KHUTAHA,WCR,"MDR 11, Madhya Pradesh",Point,"[80.86085, 24.802248]"
Gujarat,DGJ,DUNGAR JN,WR,"Dungar, Gujarat",Point,"[71.55322600000001, 21.078274]"
Madhya Pradesh,KMA,KAIMA,WCR,"Satna, Madhya Pradesh",Point,"[80.845912, 24.611085]"
Maharashtra,KNRG,KANHARGAON NAKA,SCR,"Washim, Maharashtra",Point,"[77.1462260938, 19.9439708108]"
Tamil Nadu,KMLM,Kelamangalam,SWR,"Krishnagiri, Tamil Nadu",Point,"[77.865703, 12.616200000000001]"
West Bengal,KTLR,KANTHALIYA ROAD,ER,"Khagraghat - Chowrigacha, West Bengal",Point,"[88.179001, 23.991771]"
Maharashtra,KRPR,KAREPUR,SCR,"State Highway 168, Maharashtra",Point,"[76.681135, 18.589152000000002]"
Madhya Pradesh,KNW,KHANDWA,CR,"Khandwa, Madhya Pradesh",Point,"[76.353227, 21.823596]"
Punjab,KNG,Kathunangal,NR,"National Highway 15, Punjab",Point,"[75.015194, 31.7287]"
West Bengal,DH,Diamond Harbour,ER,"Diamond Harbour, West Bengal",Point,"[88.18991600000001, 22.191902]"
Haryana,DHY,DHARODI,NR,"MDR 111, Haryana",Point,"[76.0559746887, 29.6399235976]"
Rajasthan,KNAR,KHANPUR AHIR,NWR,"MDR 61, Rajasthan",Point,"[76.589847, 27.911754000000002]"
Maharashtra,KOP,C SHAHU M RAJ KOLHAPUR TERM,CR,"Kolhapur, Maharashtra",Point,"[74.237695, 16.70257]"
Rajasthan,KOLI,KESHOLI,WCR,"Baren, Rajasthan",Point,"[76.790369, 24.727194]"
Maharashtra,DGPP,DHENGLI PP GOAN,SCR,"Satuna, Maharashtra",Point,"[76.49169, 19.406622]"
Chhattisgarh,KTHD,Kothari Road,SECR,"Kothari, Chhattisgarh",Point,"[82.70858000000001, 22.156964000000002]"
Gujarat,KMBL,KHAMBHALIYA,WR,"Khambhalia, Gujarat",Point,"[69.657344, 22.217513]"
Chhattisgarh,KRDL,Kirandul,ECoR,"Kirandul, Chhattisgarh",Point,"[81.25813099999999, 18.757486]"
Gujarat,KNLS,KANALAS JN,WR,"Jamnagar, Gujarat",Point,"[69.896549, 22.319955]"
Kerala,KODN,KODUMUNDA,SR,"Thrithala, Kerala",Point,"[76.1428790756, 10.816930512899999]"
Haryana,KSDE,KARSINDHU,NR,"Panipat, Haryana",Point,"[76.731866, 29.392008]"
Bihar,KSC,KASHI CHAK,ECR,"Nalanda, Bihar",Point,"[85.718754, 25.070798999999997]"
,DGNH,DERGAON HALT,?,,Point,"[85.75131900000001, 25.088974]"
Uttar Pradesh,KRYA,KURRAIYA,NER,"Chauhan Rd, Uttar Pradesh",Point,"[80.24421199999999, 28.416819]"
Gujarat,KRJD,KARJODA,NWR,"Chhapi, Gujarat",Point,"[72.45567100000001, 24.218469000000002]"
Uttar Pradesh,KPKI,QASIMPUR KHERI,NR,"State Highway 57, Uttar Pradesh",Point,"[77.28593, 29.182769999999998]"
Chhattisgarh,KMSD,Kumar Sadra,ECoR,"National Highway 16, Chhattisgarh",Point,"[81.671506, 18.912986]"
Uttar Pradesh,KPE,Kauwapur,NER,"MDR 10E, Uttar Pradesh",Point,"[82.2979015082, 27.5158216097]"
Gujarat,KSUA,Kashipura,WR,"State Highway 59, Gujarat",Point,"[73.170262, 23.120701]"
Andhra Pradesh,KRA,Karepalli,SCR,"Karepally, Andhra Pradesh",Point,"[80.27186499999999, 17.511408000000003]"
Gujarat,KTRD,Katosan Road,WR,"State Highway 216, Gujarat",Point,"[72.246237, 23.409181]"
West Bengal,DHK,Dhakuria,ER,"Kolkata, West Bengal",Point,"[88.371504, 22.51554]"
Haryana,KNL,Kalanwali,NWR,"Kalanwali, Haryana",Point,"[74.97985, 29.835057]"
Haryana,LHU,Loharu,NWR,"Bhiwani Distt., Haryana",Point,"[75.801613, 28.427051]"
Rajasthan,DNHK,DHINDHORA HKMKD,WCR,"Dhindhora, Rajasthan",Point,"[77.103482, 26.803925]"
Karnataka,LKY,LAKHMAPUR,SWR,"Muttalageri, Karnataka",Point,"[75.627712, 15.870282]"
Uttar Pradesh,LPW,Loharpurwa,NER,"Loharpurwa, Uttar Pradesh",Point,"[83.268484, 27.082641]"
Himachal Pradesh,LNS,LUNSU HALT,NR,"Lunsu, Himachal Pradesh",Point,"[76.1797, 32.018944]"
Uttar Pradesh,LER,Lehra,NER,"Lehra Railway Station Rd, Uttar Pradesh",Point,"[83.23414199999999, 27.161243]"
Rajasthan,MKRA,MAKRERA,NWR,"Kharwa, Rajasthan",Point,"[74.5333715979, 26.310925310800002]"
Maharashtra,LHN,LACHYAN,SWR,"Solapur, Maharashtra",Point,"[75.9717014606, 17.2795737583]"
Maharashtra,LAUL,LAUL,CR,"State Highway 161, Maharashtra",Point,"[75.3950100488, 18.0338728828]"
Bihar,KVC,KAPARPURA,ECR,"National Highway 28, Bihar",Point,"[85.309233, 26.179892000000002]"
Delhi NCT,LDCY,LODI COLONY,NR,"Najafkhan Rd, Delhi NCT",Point,"[77.216548, 28.579455000000003]"
Rajasthan,MDPA,MANDPIYA,NWR,"National Highway 79, Rajasthan",Point,"[74.63571300000001, 25.261369]"
Madhya Pradesh,KTE,KATNI,WCR,"Katni, Madhya Pradesh",Point,"[80.400543, 23.833385]"
Madhya Pradesh,KY,KARELI,WCR,"Kareli, Madhya Pradesh",Point,"[79.066765, 22.932344]"
Andhra Pradesh,LMD,LINGANENIDODDI,SCR,"Rayalaseema Region, Andhra Pradesh",Point,"[77.703397, 15.399929]"
Maharashtra,KXX,KATA ROAD,SCR,"Washim, Maharashtra",Point,"[77.11088000000001, 20.187338999999998]"
Madhya Pradesh,KURJ,KHAJURAHO,NCR,"National Highway 75, Madhya Pradesh",Point,"[79.8900217, 24.7969839]"
Karnataka,LKT,HULKOTI,SWR,"National Highway 63, Karnataka",Point,"[75.531958, 15.434667000000001]"
Jharkhand,LAD,Lohardaga,SER,"National Highway 75, Jharkhand",Point,"[84.70733, 23.445967]"
Karnataka,KVS,KALSUR,SWR,"haveri, Karnataka",Point,"[75.40095653559999, 14.888042065499999]"
West Bengal,KZPR,KAZIPARA,ER,"Khagraghat - Chowrigacha, West Bengal",Point,"[88.188491, 23.909854000000003]"
Assam,LMG,LUMDING JN,NFR,"Lumding. Ph:-03674-263366, Assam",Point,"[93.17660000000001, 25.750035999999998]"
Rajasthan,LR,LADPURA,NWR,"Ajmer, Rajasthan",Point,"[74.728726, 26.504385]"
Punjab,KZX,KHUDDA KORALA,NR,"Khuda, Punjab",Point,"[75.647484, 31.729693]"
Rajasthan,MHJ,MAHAJAN,NWR,"Mahajan, Rajasthan",Point,"[73.85366599999999, 28.793007]"
Rajasthan,LKS,LUNKARANSAR,NWR,"Lukhransar, Rajasthan",Point,"[73.743155, 28.493395]"
,MJBT,MAJBAT,,,Point,"[92.287814, 26.784587]"
Rajasthan,LUNI,LUNI JN,NWR,"Luni, Rajasthan",Point,"[73.003175, 26.001255999999998]"
Uttar Pradesh,KTRR,Kathara Road,NCR,"Kanpur Nagar, Uttar Pradesh",Point,"[80.228735, 26.310011]"
Uttar Pradesh,KWW,Kuswa,NCR,"MDR 106W, Uttar Pradesh",Point,"[78.40369700000001, 27.473814]"
Maharashtra,KUDL,KUDAL,KR,"Kudal, Maharashtra",Point,"[73.67813000000001, 16.017651]"
Kerala,KUL,KALLAYI,SR,"Calicut, Kerala",Point,"[75.788884, 11.234606999999999]"
Andhra Pradesh,KVM,Kavutaram,SCR,"Krishna, Andhra Pradesh",Point,"[81.069608, 16.328919999999997]"
Maharashtra,DNZ,Dhanori,CR,"SH244, Maharashtra",,
Karnataka,MAD,MADDUR,SWR,"Mandya District, Karnataka",Point,"[77.049522, 12.604742]"
Punjab,KUPR,Khurdpur,NR,"Adampur, Punjab",Point,"[75.72317, 31.424854]"
,BDYR,Bidyadabri,,,Point,"[89.767506, 26.271855000000002]"
Uttar Pradesh,MAH,Madhoganj,NR,"Hardoi, Uttar Pradesh",Point,"[80.135457, 27.117963000000003]"
Tamil Nadu,LOV,Lovedale,SR,"Ooty, Tamil Nadu",Point,"[76.704285, 11.382403]"
Bihar,LKQ,Laukaha Bazar,ECR,"Madhubani, Bihar",Point,"[86.463013, 26.543198]"
Tamil Nadu,KVLR,Karuvalli,SWR,"Salem district, Tamil Nadu",Point,"[78.027912, 11.831114000000001]"
Rajasthan,LSG,Lawa Sardargarh,NWR,"State Highway 56, Rajasthan",Point,"[73.948453, 25.272755999999998]"
Bihar,MJL,MAJHOWLIA,ECR,"Vikash Village, Bihar",Point,"[84.619139, 26.802772]"
,JML,Jumnal,,,Point,"[75.7141335645, 16.723002286099998]"
Rajasthan,MNKB,MIYONKA BARA,NWR,"Samdhari, Rajasthan",Point,"[72.728511, 25.872726999999998]"
Assam,MBG,MAIBANG,NFR,"North Cachar Hills, Assam",Point,"[93.13537099999999, 25.30497]"
Andhra Pradesh,MKR,MADDIKERA,SCR,"Guntakal, Andhra Pradesh",Point,"[77.411496, 15.256635000000001]"
Tamil Nadu,MC,MANDAPAM CAMP,SR,"Mandapam, Tamil Nadu",Point,"[79.134997, 9.281533]"
Maharashtra,LUR,LATUR,CR,"Latur, Maharashtra",Point,"[76.55604899999999, 18.429166]"
Uttar Pradesh,MJPB,Manjhra Purab,NER,"Manjhra Purab, Uttar Pradesh",Point,"[81.160402, 28.300646]"
Maharashtra,LTRR,LATUR ROAD,SCR,"SH 3, Maharashtra",Point,"[76.845289, 18.506494]"
Rajasthan,MKHR,MARWAR KHARA,NWR,"Jodhpur, Rajasthan",Point,"[72.1300715057, 27.060569440800002]"
Andhra Pradesh,MABD,MAHBUBABAD,SCR,"Mahbubabad, Andhra Pradesh",Point,"[79.999792, 17.597561]"
Madhya Pradesh,MGG,MANGLIYA GAON,WR,"Mangilya, Madhya Pradesh",Point,"[75.91805099999999, 22.815074]"
Karnataka,MGL,MANGELA,?,"Mugalolli, Karnataka",Point,"[75.74938300000001, 16.223191]"
Madhya Pradesh,MDS,MANDASOR,WR,"Mandsaur, Madhya Pradesh",Point,"[75.07634300000001, 24.075937000000003]"
Rajasthan,MAKH,MOKHAMPURA,NWR,"National Highway 79, Rajasthan",Point,"[74.68323000000001, 26.030315]"
Uttar Pradesh,MAY,MARIAHU,NR,"Mariahu, Uttar Pradesh",Point,"[82.598166, 25.597006]"
Haryana,MLDE,MADLAUDA,NR,"Panipat, Haryana",Point,"[76.809711, 29.399824]"
Andhra Pradesh,MED,MEDCHAL,SCR,"Rangareddy, Andhra Pradesh",Point,"[78.474557, 17.639335]"
Andhra Pradesh,ME,MASAIPET,SCR,"Medak, Andhra Pradesh",Point,"[78.4669570667, 17.8805365542]"
Maharashtra,MDVR,MADHAVNAGAR,CR,"Sangli, Maharashtra",Point,"[74.575493, 16.886605]"
Uttar Pradesh,KDRD,KHULDIL ROAD,ECR,"Obra, Uttar Pradesh",Point,"[82.86161, 24.368371999999997]"
Rajasthan,MLI,MANGALIYAWAS,NWR,"Mangaliyawas, Rajasthan",Point,"[74.492705, 26.278197000000002]"
West Bengal,MDT,MADARIHAT,NFR,"National Highway 31C, West Bengal",Point,"[89.274559021, 26.694551388]"
Bihar,DWDI,Dighwa Dubauli,NER,"Saran, Bihar",Point,"[84.7432486377, 26.2652295458]"
Gujarat,MHV,MAHUVA JN,WR,"Mahuva, Gujarat",Point,"[71.756011, 21.09412]"
Uttar Pradesh,MHBZ,Mahtha Bazar,NER,"Mahtha Bazar, Uttar Pradesh",Point,"[82.957379, 27.391561]"
Uttar Pradesh,MIM,Maniram,NER,"National Highway 29, Uttar Pradesh",Point,"[83.342407, 26.838267]"
Haryana,MBV,Mirzapur Bachhaud,NWR,"State Highway 26, Haryana",Point,"[76.198447, 28.077937000000002]"
Maharashtra,MDDG,Malad Gaon,CR,"National Highway 9 Daund, Maharashtra",Point,"[74.596581, 18.36212]"
Uttar Pradesh,MNJR,Manjhlepur,NR,"State Highway 38, Uttar Pradesh",Point,"[81.178625, 25.994578]"
Karnataka,MGF,Mandagere,SWR,"Mandya District, Karnataka",Point,"[76.378905, 12.730158]"
Orissa,GADH,Goaldih,?,"Padmapur, Orissa",Point,"[85.54626499999999, 21.726323]"
Bihar,MDE,Makhdumpur Gaya,ECR,"Jehanabad, Bihar",Point,"[84.979105, 25.077130999999998]"
Jharkhand,MHQ,Mahuda,SER,"National Highway 32, Jharkhand",Point,"[86.27078300000001, 23.747481]"
Jharkhand,MMD,Maheshmunda,ER,"Maheshmunda, Jharkhand",Point,"[86.38903300000001, 24.232416]"
Assam,MRHT,MORANHAT,NFR,"Sibsagar, Assam",Point,"[94.9193076, 27.1829782]"
Andhra Pradesh,MTMI,MOTIMARI,SCR,"Motimarri Station, Andhra Pradesh",Point,"[80.320896, 16.956602]"
Tamil Nadu,MVN,MILAVITTAN,SR,"Thoothukudi, Tamil Nadu",Point,"[78.087335, 8.811577000000002]"
Delhi NCT,MQC,MUNDKA,NR,"Mundka, Delhi NCT",Point,"[77.0285688654, 28.6884911989]"
Maharashtra,MRV,MARSUL,SCR,"Purna, Maharashtra",Point,"[77.09815599999999, 19.233398]"
Tamil Nadu,MY,MALLIYAM,SR,"State Highway 64, Tamil Nadu",Point,"[79.595866, 11.079116]"
Rajasthan,MOPR,MOHANPURA,NR,"National Highway 15, Rajasthan",Point,"[73.845031, 29.992445]"
Maharashtra,MSR,MASUR,CR,"Satara, Maharashtra",Point,"[74.14420899999999, 17.404241]"
Tamil Nadu,MPLM,MARTHIPALAYAM,SR,"Erode - Unjalur - Kodumudi - Karur Rd, Tamil Nadu",Point,"[78.023359, 11.021579000000001]"
Gujarat,NRD,NARODA,WR,"Ahmedabad, Gujarat",Point,"[72.658017, 23.085662]"
Uttar Pradesh,MUUA,MAHUAWA KHURD,NER,"State Highway 64, Uttar Pradesh",Point,"[83.59392199999999, 26.854361]"
Gujarat,MSH,MAHESANA JN,WR,"Mehsana, Gujarat",Point,"[72.388708, 23.602623]"
Maharashtra,NIIJ,NILAJE,CR,"Nilaje, Maharashtra",Point,"[73.079908, 19.155061999999997]"
Kerala,MUKE,MUKKALI,SR,"Chombala, Kerala",Point,"[75.55036199999999, 11.68423]"
Orissa,MVF,MANABAR,ECoR,"Manabar Station, Orissa",Point,"[82.695903, 18.839732]"
Karnataka,MYS,MYSORE JN,SWR,"JLB Road Mysore, Karnataka",Point,"[76.646013, 12.318946]"
Andhra Pradesh,MRF,Marpalli,SCR,"Veerlapally, Andhra Pradesh",Point,"[77.771485, 17.54542]"
Karnataka,MSS,Masarahalli,SWR,"Shimoga, Karnataka",Point,"[75.735905, 13.804192]"
West Bengal,MPE,Malatipur,ER,"Malotipur Railway Station, West Bengal",Point,"[88.76282300000001, 22.651892]"
Rajasthan,NPS,Napasar,NWR,"Napasar, Rajasthan",Point,"[73.56399, 27.980942000000002]"
Tamil Nadu,MZU,Marandahalli,SWR,"Dharmapuri, Tamil Nadu",Point,"[78.01732899999999, 12.388944]"
Punjab,MXP,Malupota,NR,"Phagwara - Mohali Expy, Punjab",Point,"[75.965393, 31.184014]"
Uttar Pradesh,MPG,Manpur Nagaria,NER,"State Highway 33, Uttar Pradesh",Point,"[78.818201, 27.908304]"
Orissa,MTND,Mattagajpur,ECoR,"Mattagajpur, Orissa",Point,"[85.946128, 20.441551999999998]"
West Bengal,PAW,PANDABESWAR,ER,"Bardhaman, West Bengal",Point,"[87.277416, 23.711965]"
Madhya Pradesh,MYR,MAIHAR,WCR,"Maihar, Madhya Pradesh",Point,"[80.763148, 24.255485]"
Uttar Pradesh,NBUE,NIBKARORI,NCR,"Nibkarori, Uttar Pradesh",Point,"[79.40995965580001, 27.3287489158]"
Maharashtra,PBN,PARBHANI JN,SCR,"Parbhani, Maharashtra",Point,"[76.774119, 19.257460000000002]"
Maharashtra,PAU,PURNA JN,SCR,"Purna, Maharashtra",Point,"[77.024985, 19.180526999999998]"
Rajasthan,OSN,OSIYAN,NWR,"Osiyan, Rajasthan",Point,"[72.899779, 26.729223]"
West Bengal,NGTG,New Gitaldaha,NFR,"New Gitaldaha, West Bengal",Point,"[89.5868746, 26.0707762]"
Tamil Nadu,PBM,PAMBAN JN,SR,"Pamban, Tamil Nadu",Point,"[79.213482, 9.279729]"
Rajasthan,ORDI,ORDI,WR,"National Highway 79, Rajasthan",Point,"[74.6304202759, 24.835766629899997]"
Uttar Pradesh,NM,Naimisharanya,NR,"MDR 74C, Uttar Pradesh",Point,"[80.484435, 27.355137]"
Tamil Nadu,PALM,PALAIYAM,SR,"Karur, Tamil Nadu",Point,"[78.129081, 10.718615000000002]"
Gujarat,PHC,PANCHOT,WR,"State Highhway 55, Gujarat",Point,"[72.339879, 23.635161999999998]"
Maharashtra,NVLN,NAWALGOHAN,SCR,"Hingoli, Maharashtra",Point,"[77.1232722153, 19.7986346861]"
Kerala,NLE,NILESHWAR,SR,"Nileswaram, Kerala",Point,"[75.13575, 12.255885000000001]"
Bihar,NWD,NAWADIH,ECR,"Nawada, Bihar",Point,"[85.54864500000001, 24.886758]"
Punjab,NNGL,Naya Nangal,NR,"Near CAN plant nangal, Punjab",Point,"[76.35421099999999, 31.378961]"
,JMM,JAIMURTINAGAR F,,,Point,"[85.066065, 26.836932]"
Kerala,NAU,NADAPURAM ROAD,SR,"Madappallly, Kerala",Point,"[75.575581, 11.639509]"
Uttar Pradesh,NHF,Nihasta Halt,NR,"State Highway 38, Uttar Pradesh",Point,"[80.92503500000001, 26.212312999999998]"
Karnataka,PANP,PANDAVAPURA,SWR,"SH 19 Junction Mandya District, Karnataka",Point,"[76.681387, 12.463018]"
Karnataka,NVU,NAVALUR,SWR,"Dharwad - Hubli Hwy, Karnataka",Point,"[75.055491, 15.415517999999999]"
Kerala,NYY,NEYYATTINKARA,SR,"Thiruvananthapuram, Kerala",Point,"[77.08111000000001, 8.41041]"
Haryana,NLQ,Nangal Pathani Halt,NWR,"Nangal Pathani, Haryana",Point,"[76.496786, 28.364489]"
Karnataka,NRJ,Narimogaru,SWR,"Puttur subrahmanya state highway 100, Karnataka",Point,"[75.29242739200001, 12.7463856826]"
Gujarat,GNV,Gandevi,WR,"Gandevi, Gujarat",,
Jharkhand,NRKP,Narkopi,SER,"Ranchi, Jharkhand",Point,"[85.0156235815, 23.3756204426]"
Madhya Pradesh,GNS,Ghonsor,SECR,"Ghansor, Madhya Pradesh",Point,"[79.95091, 22.658083]"
Uttar Pradesh,NNP,Nanpara Junction,NER,"Nanpara, Uttar Pradesh",Point,"[81.512594, 27.859887]"
Assam,NMGY,Numaligarh,NFR,"NMGY, Assam",Point,"[93.865713, 26.601184]"
Uttar Pradesh,NPR,Nepalganj Road,NER,"Midwest, Uttar Pradesh",Point,"[81.60073, 28.010872]"
Madhya Pradesh,NKR,Nimar Kheri,WR,"State Highway 27, Madhya Pradesh",Point,"[76.150998, 22.11119]"
Uttar Pradesh,NTV,Nautanwa,NER,"Nautanwa, Uttar Pradesh",Point,"[83.42129700000001, 27.42688]"
Tamil Nadu,NTM,Narthamalai,SR,"Trchy - Pudukottai - Ramanathapuram Rd, Tamil Nadu",Point,"[78.78913999999999, 10.506577]"
Uttarakhand,PAQ,PADIYA NAQLA,NER,"National Highway 74, Uttarakhand",Point,"[78.90761, 29.085837]"
Uttar Pradesh,PKNA,PAKHNA,NCR,"Pakhna, Uttar Pradesh",Point,"[79.304318, 27.302522]"
Tamil Nadu,PO,PARANGIPETTAI,SR,"Parangipettai, Tamil Nadu",Point,"[79.73604499999999, 11.476847000000001]"
Uttar Pradesh,PPH,PIPRI DIH,NER,"State Highway 67, Uttar Pradesh",Point,"[83.500574, 25.879046]"
Uttar Pradesh,PPU,PIPARPUR,NR,"State Highway 9, Uttar Pradesh",Point,"[82.038949, 26.137823]"
Andhra Pradesh,PSLP,PASALAPUDI,SCR,"Putlacheruvu, Andhra Pradesh",Point,"[81.095153, 16.470923000000003]"
Andhra Pradesh,OTR,MOTURU,SCR,"Coastal Andhra Region, Andhra Pradesh",Point,"[81.051142, 16.439968999999998]"
Rajasthan,PDZ,PILIODA,WCR,"SH 1, Rajasthan",Point,"[76.86438199999999, 26.606366]"
Rajasthan,PJK,PANJ KOSI,NR,"Diwan Khera, Rajasthan",Point,"[74.057408, 30.137676000000003]"
Punjab,PKK,PAKKI,NR,"National Highway 15, Punjab",Point,"[74.35550400000001, 30.164759]"
Andhra Pradesh,NVT,NAVIPET,SCR,"Nizamabad, Andhra Pradesh",Point,"[78.013194, 18.770457]"
Maharashtra,PGG,PENGANGA,SCR,"Washim, Maharashtra",Point,"[77.1230451306, 19.9603213601]"
Orissa,PBV,Paliba,ECoR,"Paliba Station, Orissa",Point,"[82.695712, 18.659914999999998]"
Maharashtra,PDG,PARADGAON,SCR,"Usmanpur, Maharashtra",Point,"[76.14738700000001, 19.629143]"
Haryana,PPDE,PANDU PINDARA,NR,"Jind, Haryana",Point,"[76.37130800000001, 29.307976]"
Andhra Pradesh,PCL,Pulicherla,SCR,"Pulicherla Station, Andhra Pradesh",Point,"[79.040396, 13.598983]"
Uttar Pradesh,BNDA,BANDA JN,NCR,"Banda(05192-224813), Uttar Pradesh",Point,"[80.336246, 25.477677]"
Punjab,QRP,KILA RAIPUR,NR,"Delhon Pakhowal Rd, Punjab",Point,"[75.82748600000001, 30.759177]"
Rajasthan,PLCJ,PHALODI JN,NWR,"Phalodi, Rajasthan",Point,"[72.36686300000001, 27.124914]"
Uttar Pradesh,PDR,Payagpur,NER,"State Highway 30, Uttar Pradesh",Point,"[81.776186, 27.407067]"
West Bengal,PRDG,PORADANGA HALT,ER,"Lalgola, West Bengal",Point,"[88.2261646533, 24.2602726462]"
Tamil Nadu,PAS,PASUR,SR,"Namakkal, Tamil Nadu",Point,"[77.85708699999999, 11.236640999999999]"
West Bengal,PSAE,PURBASTHALI,ER,"Purbasthali, West Bengal",Point,"[88.323896, 23.453302]"
Assam,PNVT,PANCHARATNA,NFR,"Makri Rail Station, Assam",Point,"[90.55599600000001, 26.158866]"
Assam,HFG,Haflong Hill,NFR,"North Cachar Hills, Assam",,
Uttar Pradesh,PPW,Pachperwa,NER,"Semari - Bisokhar Rd, Uttar Pradesh",Point,"[82.657808, 27.528038]"
Assam,PKB,PATHARKHOLA S,NFR,"NH54, Assam",Point,"[93.1029777271, 25.7789313494]"
Assam,PNT,PANITOLA,NFR,"A T Rd, Assam",Point,"[95.2499423993, 27.4967510918]"
Tamil Nadu,PNGI,Panangudi,SR,"Madurai - Thondi Rd, Tamil Nadu",Point,"[78.612621, 9.921169]"
Karnataka,PCH,PACHHAPUR,SWR,"Rustumpur, Karnataka",Point,"[74.672174, 16.093145]"
Maharashtra,PLV,PALSI,CR,"Wathar-Koregaon Rd, Maharashtra",Point,"[74.111907, 17.812195000000003]"
Uttar Pradesh,PRSP,PRASADPUR,NER,"Prasadpur, Uttar Pradesh",Point,"[80.08117200000001, 28.54694]"
Uttar Pradesh,PJ,Peppeganj,NER,"Sahibganj, Uttar Pradesh",Point,"[83.294438, 26.930569]"
Gujarat,PN,PANSAR,WR,"Palanpur, Gujarat",Point,"[72.47975, 23.307875]"
Puducherry,PDY,Puducherry,SR,"South Blvd, Puducherry",Point,"[79.828127, 11.925445999999999]"
Jharkhand,PIS,Piska,SER,"Ranchi, Jharkhand",Point,"[85.20610187930001, 23.3295427441]"
Orissa,PFU,Padua,ECoR,"Paduwa Station, Orissa",Point,"[82.687882, 18.396744]"
Andhra Pradesh,NUJ,Nujella,SCR,"Krishna, Andhra Pradesh",Point,"[81.022402, 16.386599]"
West Bengal,HT,Hotar,ER,"Sherpur Dhamua Rd, West Bengal",Point,"[88.39900800000001, 22.308540999999998]"
Jharkhand,PRSL,Pandrasali,SER,"National Highway 75, Jharkhand",Point,"[85.806909, 22.63341]"
Andhra Pradesh,PHM,Patapatnam,ECoR,"Srikakulam District, Andhra Pradesh",Point,"[84.081469892, 18.7407526287]"
Delhi NCT,PM,PALAM,NR,"Sadh Nagar I, Delhi NCT",Point,"[77.09295, 28.585656]"
West Bengal,PTAE,PATULI,ER,"State Highway 6, West Bengal",Point,"[88.25171385990001, 23.5475854116]"
,BKIT,BINKADAKATTI,,,Point,"[75.5954738599, 15.4367140478]"
Maharashtra,PVR,PANDHARPUR,CR,"Pandharpur Ph:02186-223227, Maharashtra",Point,"[75.319283, 17.66849]"
Rajasthan,ROS,RAJOSI,NWR,"MDR 79, Rajasthan",Point,"[74.671814, 26.312897]"
Gujarat,RJT,RAJKOT JN,WR,"Rajkot, Gujarat",Point,"[70.803446, 22.312206]"
Madhya Pradesh,INDB,INDORE JN BG,WR,"Indore, Madhya Pradesh",Point,"[75.868429, 22.71757]"
Karnataka,RGI,RAMGIRI,SWR,"Shivani Rd, Karnataka",Point,"[76.1254542236, 13.9501446899]"
Karnataka,RBG,RAYBAG,SWR,"Belagavi, Karnataka",Point,"[74.80682566349999, 16.483374512]"
Rajasthan,SBNR,SHRI VIJAINAGAR,NWR,"Vijaynagar, Rajasthan",Point,"[73.523389, 29.240494]"
Madhya Pradesh,PNHR,PANIHAR,WCR,"Gwalior, Madhya Pradesh",Point,"[78.014931, 26.099221]"
,KRBR,KERKHABARI,,,Point,"[90.625041, 26.300344]"
Rajasthan,PVZ,Parvezpur,NWR,"damkora, Rajasthan",Point,"[75.728178, 28.510828]"
Uttar Pradesh,PP,PURANPUR,NER,"Puranpur, Uttar Pradesh",Point,"[80.150951, 28.514911]"
Rajasthan,RKZ,RAJKIAWAS,NWR,"Marwar, Rajasthan",Point,"[73.52353600000001, 25.75038]"
Karnataka,RMGM,RAMANAGARAM,SWR,"Ramanagara, Karnataka",Point,"[77.283451, 12.720096]"
Gujarat,RKY,KOTHARIYA,WR,"State Highway 122, Gujarat",Point,"[70.81438200000001, 22.176807]"
Gujarat,RBR,RIBADA,WR,"State Highway 233, Gujarat",Point,"[70.80095200000001, 22.124961]"
Punjab,CKA,Chak Pakhhewala,NR,"Chimne Wala, Punjab",Point,"[74.19716, 30.434234]"
Maharashtra,RN,RATNAGIRI,KR,"Ratnagiri 02352228951, Maharashtra",Point,"[73.356938, 17.002793]"
,MIX,Manipuram Cabin,,,Point,"[80.45759, 16.29953]"
West Bengal,REJ,Rejinagar,ER,"National Highway 34, West Bengal",Point,"[88.259255, 23.850089999999998]"
Orissa,RHMA,Rahama,ECoR,"Nathang, Orissa",Point,"[86.405224, 20.298605]"
Madhya Pradesh,RMPH,Rampahari,NCR,"State Highway 2, Madhya Pradesh",Point,"[77.357146, 26.2365]"
Uttar Pradesh,RDV,Radha Balampur,NR,"State Highway 13A, Uttar Pradesh",Point,"[81.107034, 26.083856]"
Haryana,PUW,Patuwas Mehrana,NWR,"Mehrana, Haryana",Point,"[76.33368800000001, 28.557035]"
Uttar Pradesh,RGU,Ragaul,NCR,"Maudaha, Uttar Pradesh",Point,"[80.129683, 25.686945]"
Uttar Pradesh,PTYR,Patiyara,NR,"Patiyara, Uttar Pradesh",Point,"[80.476502, 26.627948]"
Andhra Pradesh,PUMU,Penumarru,SCR,"Koteparu, Andhra Pradesh",Point,"[80.77586000000001, 16.131433]"
Assam,RNGG,Rangaliting,NFR,"Rangaliting, Assam",Point,"[93.918286, 26.656417]"
Andhra Pradesh,RYP,RAYANAPAD,SCR,"Rayanapad Station, Andhra Pradesh",Point,"[80.562937, 16.577504]"
Tamil Nadu,RMD,RAMANATHAPURAM,SR,"Ramanathapuram, Tamil Nadu",Point,"[78.83686200000001, 9.358387]"
Uttar Pradesh,SFPR,Safipur,NR,"Unnao, Uttar Pradesh",Point,"[80.35476700000001, 26.744343999999998]"
Rajasthan,RSH,Ratan Shahr,NWR,"Jhunjhunu, Rajasthan",Point,"[75.52398098632693, 28.158119435028283]"
Madhya Pradesh,JLY,Jhilmili,SECR,"Jhilmili, Madhya Pradesh",Point,"[79.154333, 22.054052000000002]"
Gujarat,SDD,SINDHAWADAR,WR,"Sindhavadar, Gujarat",Point,"[70.894135, 22.546528000000002]"
Karnataka,SII,SITIMANI,SWR,"Dam Inspection Rd, Karnataka",Point,"[75.865598, 16.31992]"
Maharashtra,SHSK,SAHARSRAKUND,SCR,"Nanded, Maharashtra",Point,"[78.00795299999999, 19.402665]"
Punjab,SFM,SUNAM,NR,"Sunam, Punjab",Point,"[75.808761, 30.130335000000002]"
Rajasthan,SBLT,SHRI BHADRIYA LATHI,NWR,"Lathi, Rajasthan",Point,"[71.515941, 27.030421]"
Uttar Pradesh,SBZ,SISWA BAZAR,NER,"Siswa Bazar, Uttar Pradesh",Point,"[83.7563490747, 27.1495669522]"
Bihar,SGL,SAGAULI JN,ECR,"Sugauli, Bihar",Point,"[84.73934, 26.758187]"
Rajasthan,SGW,SINGWAL,NWR,"National Highway 79, Rajasthan",Point,"[74.68275899999999, 26.061014999999998]"
Rajasthan,SDH,SARADHNA,NWR,"Mangaliyawas, Rajasthan",Point,"[74.5662047516, 26.3404260124]"
Karnataka,SBH,SULEBHAVI,SWR,"Belagavi, Karnataka",Point,"[74.641724, 15.912563]"
Uttar Pradesh,SDT,SADAT,NER,"Mahpur Sadat Marg, Uttar Pradesh",Point,"[83.308384, 25.673309]"
Andhra Pradesh,SHAN,SRINIVASA NAGAR,SCR,"Ramanthapur, Andhra Pradesh",Point,"[78.4619205481, 17.9099557799]"
Andhra Pradesh,SCP,SIRNAPALLI,SCR,"Sirnapalli, Andhra Pradesh",Point,"[78.271132, 18.487478]"
Uttar Pradesh,RJI,RAJAWARI,NER,"National Highway 29, Uttar Pradesh",Point,"[83.130772, 25.497689]"
Rajasthan,SEU,SENDRA,NWR,"Sendra, Rajasthan",Point,"[74.194143, 26.077973999999998]"
Karnataka,SKLR,Sakleshpur,SWR,"Sakleshpur, Karnataka",Point,"[75.778745, 12.945368]"
Karnataka,SHV,SHIVANI,SWR,"Shivani Rd, Karnataka",Point,"[76.0582362866, 13.8111396742]"
Gujarat,RWO,RANAVAV,WR,"Ranavav, Gujarat",Point,"[69.726078, 21.698214]"
Karnataka,SHMI,SHIROOR,KR,"Uttara Kannada, Karnataka",Point,"[74.59396600000001, 13.930712]"
Karnataka,S,SHRIRANGAPATNA,SWR,"Mandya District, Karnataka",Point,"[76.678033, 12.4247]"
Bihar,RXL,RAXAUL JN,ECR,"Raxaul, Bihar",Point,"[84.84456399999999, 26.987018000000003]"
Rajasthan,SDS,Sadulshahr,NWR,"Sadul Shahar, Rajasthan",Point,"[74.17270445264876, 29.902641430417788]"
Rajasthan,SMPR,Shri Madhopur,NWR,"Sri Madhopur, Rajasthan",Point,"[75.59829400000001, 27.457628]"
Punjab,SCQ,Sham Chaurasi,NR,"Distt. Hoshiarpur, Punjab",Point,"[75.76642, 31.45851]"
,NDRT,Nangal Degrota,,,Point,"[76.067464, 28.367897]"
Jharkhand,SDBH,Sindri Block Hut,ECR,"Pathardih, Jharkhand",Point,"[86.447091, 23.692944]"
,JWKA,Jandwala Kharta,,,Point,"[74.0290537952, 30.3576339273]"
Himachal Pradesh,SMLT,SAMLOTI,NR,"National Highway 20, Himachal Pradesh",Point,"[76.360945, 32.098872]"
Uttar Pradesh,SKGH,SAKTESGARH,NCR,"Saktesgarh Railway Station, Uttar Pradesh",Point,"[82.821887, 24.999741]"
Maharashtra,SNGR,SANGANAPUR,SCR,"State Highway 148, Maharashtra",Point,"[76.7364, 19.188596]"
Chhattisgarh,SPDR,SHEOPRASADNAGER,SECR,"National Highway 78, Chhattisgarh",Point,"[82.78985700000001, 23.303628]"
Uttar Pradesh,SRU,SALEMPUR JN,NER,"Salempur, Uttar Pradesh",Point,"[83.923271, 26.298048]"
Uttar Pradesh,SNAP,SONA ARJUNPUR,NR,"State Highway 57, Uttar Pradesh",Point,"[77.4525283289, 29.7582805083]"
Tamil Nadu,SQD,SATTIRAKKUDI,SR,"Ramanathapuram, Tamil Nadu",Point,"[78.704868, 9.400229]"
Andhra Pradesh,SNKG,SANKARAGUMMANUR HALT,SCR,"National Highway 63, Andhra Pradesh",Point,"[77.235523, 15.167166]"
Madhya Pradesh,SONI,SONI,NCR,"SH 19, Madhya Pradesh",Point,"[78.55522599999999, 26.527305000000002]"
West Bengal,SMAE,SAMUDRAGARH,ER,"Samudragarh, West Bengal",Point,"[88.324967, 23.335767]"
Andhra Pradesh,SFX,SAFILGUDA,SCR,"Secunderabad, Andhra Pradesh",Point,"[78.53311000000001, 17.461671]"
Maharashtra,SLGH,SHELGOAN H,SCR,"Mudkhed, Maharashtra",Point,"[77.5883907849, 19.080130931400003]"
Karnataka,SNH,SAUNSHI,SWR,"Saunshi, Karnataka",Point,"[75.295781, 15.206786]"
Madhya Pradesh,SSGJ,SURSARAIGHAT JH,WCR,"Shidi, Madhya Pradesh",Point,"[82.124918, 24.023428]"
Andhra Pradesh,PAV,Pedana,SCR,"Pedana, Andhra Pradesh",Point,"[81.143792, 16.252107000000002]"
Karnataka,SJPM,SUJATA PURAM HALT,SWR,"Nanjangudu, Karnataka",Point,"[76.675521, 12.140253000000001]"
Maharashtra,STR,SATARA,CR,"SH 58, Maharashtra",Point,"[74.063727, 17.688361]"
Karnataka,SRVN,Sravanur,SWR,"Sravanur, Karnataka",Point,"[76.355604, 12.743443]"
Madhya Pradesh,SKU,Sikroda,NCR,"Morena(0753-2226392), Madhya Pradesh",Point,"[77.73236299999999, 26.336915]"
West Bengal,SLB,SALBONI,SER,"Salbani, West Bengal",Point,"[87.321899, 22.640971]"
West Bengal,SRJM,SIRJAM,SER,"Purulia District, West Bengal",Point,"[86.83509699999999, 23.403864]"
Delhi NCT,SSB,SHAKURBASTI,NR,"Pitampura, Delhi NCT",Point,"[77.1299115857, 28.680227328700003]"
Himachal Pradesh,SML,Shimla,NR,"Shimla, Himachal Pradesh",Point,"[77.159932, 31.102794]"
,KARO,Khario P.H.,?,,Point,"[86.192092, 23.835655]"
West Bengal,SN,Sukna,NFR,"Hill Cart Rd, West Bengal",Point,"[88.363493, 26.790887]"
Karnataka,SMKT,Somankatti,SWR,"State Highway 30, Karnataka",Point,"[75.632594, 15.766715999999999]"
Uttar Pradesh,SIRA,Sirhi Itara,NCR,"Sirhiltara, Uttar Pradesh",Point,"[80.21523499999999, 26.367008000000002]"
Uttar Pradesh,SOT,Shohratgarh,NER,"Railway Station, Uttar Pradesh",Point,"[82.96929300000001, 27.374710999999998]"
Uttar Pradesh,SRMP,Sirsi Mukhdumpr,NR,"Sirsi Mukhdumpr, Uttar Pradesh",Point,"[78.635169, 28.633209]"
Rajasthan,SURP,Suratpura,NWR,"National Highway 65, Rajasthan",Point,"[75.406758, 28.661958]"
Maharashtra,PTS,Patansaongi,SECR,"Nagpur, Maharashtra",Point,"[79.010677, 21.344445]"
Chhattisgarh,SIY,Sirry,SECR,"National Highway 43, Chhattisgarh",Point,"[81.731233, 20.990441]"
Karnataka,KBPR,Kabakaputtur,SWR,"Puttur, Karnataka",Point,"[75.2045015, 12.7683965]"
Himachal Pradesh,SWO,Sonwara,NR,"National Highway 22, Himachal Pradesh",Point,"[77.004229, 30.894075]"
Assam,SRTN,SIBSAGAR TOWN,NFR,"Sibsagar, Assam",Point,"[94.643517, 26.989967999999998]"
Maharashtra,JMD,Jamdha,CR,"Jamda, Maharashtra",Point,"[74.98554700000001, 20.574085]"
Gujarat,THAN,THAN JN,WR,"Thangadh, Gujarat",Point,"[71.20653300000001, 22.578960000000002]"
Tamil Nadu,TIP,TATTAPPARAI,SR,"State Highway 77, Tamil Nadu",Point,"[78.022486, 8.828581]"
Tamil Nadu,TJ,THANJAVUR,SR,"Thanjavur, Tamil Nadu",Point,"[79.138296, 10.778085]"
Andhra Pradesh,THPR,TIPPAPUR,SCR,"National Highway 7, Andhra Pradesh",Point,"[78.3773798279, 18.1941221367]"
Gujarat,SUNR,SURENDRANAGAR,WR,"Surendra Nagar, Gujarat",Point,"[71.630056, 22.7443]"
Andhra Pradesh,TLMG,TALMADUGU,?,"Sitagondi, Andhra Pradesh",Point,"[78.3963542407, 19.6417758258]"
Rajasthan,TL,TILONIYA,NWR,"Ajmer, Rajasthan",Point,"[74.93419399999999, 26.652675]"
Uttar Pradesh,SUNM,SUNAMAI HALT,NR,"Sunamai, Uttar Pradesh",Point,"[78.22052500000001, 28.097372]"
Rajasthan,THM,THALYAT HAMIRA,NWR,"Hamira, Rajasthan",Point,"[71.077426, 26.992725999999998]"
Karnataka,TGT,TINAI GHAT,SWR,"National Highway 4A, Karnataka",Point,"[74.404471, 15.449131999999999]"
Gujarat,SVL,Sevaliya,WR,"Sevaliya, Gujarat",Point,"[73.344328, 22.807897]"
Tamil Nadu,THX,TOVALAI,SR,"Thovalai, Tamil Nadu",Point,"[77.5062158319, 8.2282578413]"
Uttar Pradesh,THW,THARWAI,NR,"Tharwai, Uttar Pradesh",Point,"[81.91469331479999, 25.539218856799998]"
Karnataka,SVNR,SAVANUR,SWR,"State Highway 6, Karnataka",Point,"[75.4063188531, 14.9617089325]"
Karnataka,STE,Sagarkatte,SWR,"Sagarkatte, Karnataka",Point,"[76.4788766602, 12.423381703999999]"
Uttar Pradesh,TBTN,THANA BHAWAN TN,NR,"Thana Bhawan, Uttar Pradesh",Point,"[77.402047, 29.581129999999998]"
Tamil Nadu,TIC,TIMMACHIPURAM,SR,"Karur, Tamil Nadu",Point,"[78.37531, 10.952368]"
Punjab,TDO,TANDA URMAR,NR,"Urmar Tanda, Punjab",Point,"[75.637595, 31.672179]"
Uttar Pradesh,SZN,Shahbaznagar,NER,"Shahbaznagar, Uttar Pradesh",Point,"[79.88703000000001, 27.928906]"
Tamil Nadu,SZV,Sivadi,SWR,"Dharmapuri, Tamil Nadu",Point,"[78.118844, 12.039871999999999]"
Gujarat,TBA,Timba Road,WR,"National Highway 59, Gujarat",Point,"[73.385859, 22.781628]"
Uttar Pradesh,SUBR,Subhagpur,NER,"MDR 10E, Uttar Pradesh",Point,"[82.01764299999999, 27.26251]"
Chhattisgarh,SRBA,Saragbundia,SECR,"Janjgir-Champa, Chhattisgarh",Point,"[82.732324, 22.212297]"
Chhattisgarh,SZY,Silak Jhori,ECoR,"National Highway 16, Chhattisgarh",Point,"[81.672904, 18.982188]"
West Bengal,TKP,Takipur,ER,"National Highway 60, West Bengal",Point,"[87.92059400000001, 24.303242]"
West Bengal,SRJN,Sirajnagar Halt,ER,"Sirajnagar, West Bengal",Point,"[88.27076000000001, 23.818590999999998]"
West Bengal,SXC,Sondalia,ER,"Sondalia Railway Station, West Bengal",Point,"[88.58227500000001, 22.682186]"
Chhattisgarh,TBD,Telibandha,SECR,"Telibandha, Chhattisgarh",Point,"[81.67053, 21.235642]"
Uttar Pradesh,TNUE,TINDAULI,NCR,"Tindauli, Uttar Pradesh",Point,"[78.92129, 27.183053]"
Tamil Nadu,TRM,TIRUNAGESVARAM,SR,"Ayyavadi, Tamil Nadu",Point,"[79.428212, 10.975208]"
Rajasthan,TWL,TILWARA,NWR,"Barmer, Rajasthan",Point,"[72.078131, 25.893262]"
Uttar Pradesh,TTI,TURTIPAR,NER,"Mujouna Gawn, Uttar Pradesh",Point,"[83.89084100000001, 26.16121]"
Andhra Pradesh,UPW,UPPALAVAI,SCR,"Uppalwai Main Rd, Andhra Pradesh",Point,"[78.316108, 18.424892]"
Uttar Pradesh,URPR,UGRASENPUR,NR,"Janghai, Uttar Pradesh",Point,"[82.189171, 25.568212]"
Rajasthan,VBN,VALLABHNAGAR,NWR,"MDR 36A, Rajasthan",Point,"[74.018709, 24.690424]"
Gujarat,TUWA,Tuwa,WR,"National Highway 59, Gujarat",Point,"[73.463163, 22.800702]"
Gujarat,UJA,UNJHA,WR,"Unjha, Gujarat",Point,"[72.381669, 23.796456]"
Andhra Pradesh,VND,VENDRA,SCR,"Mogollu Rd, Andhra Pradesh",Point,"[81.56909499999999, 16.578434]"
Andhra Pradesh,VP,VIRAPUR,SCR,"Anantapur, Andhra Pradesh",Point,"[77.131692, 15.158976]"
Karnataka,TVG,TAVARGATTI,SWR,"State Highway 34, Karnataka",Point,"[74.6628751227, 15.414853643999999]"
Tamil Nadu,TP,TIRUCHIRAPPALLI FORT,SR,"Tiruchirapalli Fort Station Road, Tamil Nadu",Point,"[78.688891, 10.825594]"
Uttar Pradesh,UNLA,UNAULA,NER,"Gorakhpur, Uttar Pradesh",Point,"[83.471435, 26.788432]"
,KPB,KHARPOKHRA,ECR,,Point,"[84.1526926862, 27.1425658407]"
Gujarat,VRL,VERAVAL,WR,"Veraval, Gujarat",Point,"[70.370689, 20.913351]"
Maharashtra,VEER,VEER,KR,"Lonere - Mangaon 02145270055, Maharashtra",Point,"[73.3300770068, 18.113401793300003]"
Maharashtra,VBW,VAIBHAVWADI RD,KR,"Sindhudurg, Maharashtra",Point,"[73.707645, 16.512013]"
Bihar,THA,Tehta,ECR,"Tehta, Bihar",Point,"[84.98502287230001, 25.1130684669]"
Goa,VEN,VERNA,KR,"South Goa 0832-2754289, Goa",Point,"[73.912519, 15.353587]"
Uttar Pradesh,TPB,Trilokpur,NER,"Semari - Bisokhar Rd, Uttar Pradesh",Point,"[82.701077, 27.508190000000003]"
Uttar Pradesh,DBNR,Dibnapur,NER,"Dibnapur, Uttar Pradesh",Point,"[79.51619, 28.524363]"
Orissa,TMKA,Tomka,ECoR,"Orissa, Orissa",Point,"[85.975352, 21.107333]"
Uttar Pradesh,UJH,Ujhani,NER,"Ujhani, Uttar Pradesh",Point,"[79.01491, 27.995236]"
Uttar Pradesh,UBN,Ubarni,NR,"National Highway 24B, Uttar Pradesh",Point,"[81.163629, 26.118214000000002]"
Maharashtra,TMS,Tumsar Town,SECR,"State Highway 249, Maharashtra",Point,"[79.741784, 21.383833000000003]"
Andhra Pradesh,TXD,Tyada,ECoR,"Vishakhapatnam, Andhra Pradesh",Point,"[83.04218999999999, 18.217966999999998]"
Tamil Nadu,UMG,Uttangal Mangalam,SR,"State Highway 10, Tamil Nadu",Point,"[79.419161, 11.535044000000001]"
Tamil Nadu,MPKT,CHENNAI PARK TOWN,SR,"Chennai, Tamil Nadu",Point,"[80.27598499999999, 13.07995]"
Andhra Pradesh,WL,WARANGAL,SCR,"Warangal, Andhra Pradesh",Point,"[79.604929, 17.972477]"
Uttar Pradesh,MRPR,MAU RANIPUR,NCR,"NH 75, Uttar Pradesh",Point,"[79.136793, 25.261270999999997]"
Gujarat,VVA,VARVALA,WR,"Jamnagar, Gujarat",Point,"[68.9678414502, 22.2995032641]"
Maharashtra,MGO,MAHISGAON,CR,"State Highway 77, Maharashtra",Point,"[75.501817, 18.111324]"
Rajasthan,ZW,ZAWAR,NWR,"National Highway 8, Rajasthan",Point,"[73.731959, 24.358621]"
Bihar,WRS,WARIS ALEGANJ,ECR,"Warisaliganj, Bihar",Point,"[85.642177, 25.015425]"
Uttar Pradesh,VZPH,Vazeerpur Halt,NER,"Lilhar Mudia Link Rd, Uttar Pradesh",Point,"[79.86398899999999, 28.148542000000003]"
Gujarat,WTJ,JAM WANTHALI,WR,"Ranuja Village Rd, Gujarat",Point,"[70.321802, 22.429409]"
Uttarakhand,PRI,PATHRI,NR,"Haridwar, Uttarakhand",Point,"[78.076506, 29.851996]"
Andhra Pradesh,VPG,VENTRAPRAGADA,SCR,"Krishna, Andhra Pradesh",Point,"[80.914447, 16.473819]"
Delhi NCT,VVKP,VIVEKANAND PURI HALT,NR,"Sarai Rohilla, Delhi NCT",Point,"[77.183702, 28.664098]"
,PUS,PHUSRO,ECR,,Point,"[86.01025, 23.767488999999998]"
Goa,VSG,VASCO DA GAMA,SWR,"Mormugao, Goa",Point,"[73.813425, 15.397241000000001]"
Gujarat,VLTR,Vadali Luter Road,WR,"Vadali Luter, Gujarat",Point,"[73.135398, 23.078738]"
Madhya Pradesh,LOD,Lekoda,WR,"Ujjain, Madhya Pradesh",Point,"[75.69849099999999, 23.075768]"
Maharashtra,VJR,VIJAYANAGAR,SWR,"Miraj Road, Maharashtra",Point,"[74.696289906, 16.7778119655]"
Gujarat,VRR,VIRPUR,WR,"Rajkot, Gujarat",Point,"[70.707212, 21.848343]"
,OREH,Ore Halt,?,,Point,"[84.991898, 24.915065]"
Uttar Pradesh,YFP,YUSUFPUR,NER,"MDR 94E, Uttar Pradesh",Point,"[83.74868400000001, 25.639006]"
Gujarat,VJD,VIJPADI ROAD,WR,"Dolti-Rajula Rd, Gujarat",Point,"[71.449442, 21.17981]"
Tamil Nadu,MVS,MANAVASI,SR,"Manavasi, Tamil Nadu",Point,"[78.220496, 10.934013]"
Maharashtra,VINH,VINHERE,KR,"Raigad, Maharashtra",Point,"[73.38400999999999, 17.907649]"
Karnataka,MRDW,MURDESHWAR,KR,"Murudeshwara, Karnataka",Point,"[74.50524700000001, 14.100277]"
Karnataka,KUDA,KUNDAPURA,KR,"Basrur, Karnataka",Point,"[74.728366, 13.612909]"
Kerala,KZE,KANHANGAD,SR,"Kanhangad, Kerala",Point,"[75.08524799999999, 12.320267999999999]"
Gujarat,NROD,NARI ROAD,WR,"SH 6, Gujarat",Point,"[72.08143399999999, 21.758482]"
Maharashtra,WDG,Wadegaon,SECR,"Warsa Rd, Maharashtra",Point,"[79.981617, 20.76451]"
Gujarat,VSW,Visavadar,WR,"Visavadar, Gujarat",Point,"[70.755622, 21.341738000000003]"
Karnataka,NRPD,Narayanpet Road,SCR,"SH 51, Karnataka",,
Himachal Pradesh,SBY,Solan Brewery,NR,"Solan, Himachal Pradesh",,
Uttar Pradesh,KSJF,Kasganj Mg,NER,"Kasganj, Uttar Pradesh",Point,"[78.64517, 27.801268]"
Maharashtra,WND,Wan Road,SCR,"Dhulghat, Maharashtra",Point,"[76.82043300000001, 21.21501]"
Tamil Nadu,VLU,Vadalur,SR,"Vadalur, Tamil Nadu",Point,"[79.547974, 11.557654999999999]"
Andhra Pradesh,VLV,Vallivedu,SCR,"Vallivedu, Andhra Pradesh",Point,"[79.068221, 13.528576]"
Bihar,MANI,Mani Halt,ECR,"Mani, Bihar",Point,"[84.23126776609999, 25.1739936806]"
Andhra Pradesh,TAA,TADLA PUSAPALLI,SCR,"Mahbubabad, Andhra Pradesh",Point,"[79.9541837128, 17.626312868499998]"
Karnataka,CHRG,CHORGI,SWR,"Bijapur, Karnataka",Point,"[75.869711, 17.175076999999998]"
Gujarat,SNAD,Saniyad,WR,"Palej, Gujarat",,
Rajasthan,SRDR,Sardarshahr,NWR,"SH 6, Rajasthan",Point,"[74.47905756533146, 28.439590510764504]"
Bihar,SRGR,Saraygarh,ECR,"Saraygarh, Bihar",,
Maharashtra,PTU,PARTUR,SCR,"Jalna, Maharashtra",Point,"[76.212767, 19.575715]"
Uttar Pradesh,AGY,AGORI KHAS,NCR,"State Highway 5, Uttar Pradesh",Point,"[83.056105, 24.59896]"
Madhya Pradesh,SVPI,SHIVPURI,WCR,"Shivpuri, Madhya Pradesh",Point,"[77.638246, 25.438444]"
Madhya Pradesh,MUO,MASANGAON,WCR,"Harda, Madhya Pradesh",Point,"[77.005257, 22.272733000000002]"
West Bengal,KWAE,KATWA,ER,"Katwa, West Bengal",Point,"[88.124085, 23.640315]"
Gujarat,VNRD,VANI ROAD,WR,"State Highway 17, Gujarat",Point,"[72.0035287323, 23.0950624331]"
,JAN,JARANGDIH,ECR,,Point,"[85.92881, 23.769553]"
Maharashtra,BOR,BOISAR,WR,"Boisar, Maharashtra",Point,"[72.76189900000001, 19.7985273]"
Gujarat,WGI,Waghai,WR,"Waghai, Gujarat",Point,"[73.50047372281551, 20.772638155885446]"
Maharashtra,BMF,BASMAT,SCR,"Basmath, Maharashtra",Point,"[77.15177759640001, 19.3334723149]"
Assam,CGF,CHARALI,NFR,"Madhubon to Naoholia Rd, Assam",Point,"[95.3509509503, 27.4496656596]"
Tamil Nadu,CJ,KANCHIPURAM,SR,"Kanchipuram, Tamil Nadu",Point,"[79.70314900000001, 12.848947]"
Jammu and Kashmir,CKDL,CHAKDAYALA,NR,"Chhan Rorian, Jammu and Kashmir",Point,"[75.304858, 32.478914]"
West Bengal,CJN,CHHATNA,SER,"Chhatna, West Bengal",Point,"[86.975734, 23.305386000000002]"
Maharashtra,SVX,SAVARDA,KR,"Ratnagiri, Maharashtra",Point,"[73.515528, 17.405007]"
West Bengal,URP,Udairampur,ER,"Udairampur, West Bengal",Point,"[88.273732, 22.100085]"
Haryana,STD,Satrod,NWR,"Haryana, Haryana",Point,"[75.82118, 29.108936]"
Orissa,CHHU,Chhanva,SER,"Mayurbhanj, Orissa",Point,"[86.194643, 22.3355771]"
Kerala,PASA,PARASHSHALA,SR,"Parassala, Kerala",Point,"[77.16548966, 8.3398400051]"
,KDPA,KHADAPA,ECoR,,Point,"[82.445719, 19.00582]"
Rajasthan,NMK,Nim Ka Thana,NWR,"Neem Ka Thana, Rajasthan",Point,"[75.779691, 27.741573]"
,KLAT,Khelpatta,,,Point,"[77.872524, 21.274489000000003]"
,MUHI,Murhari Halt,,,Point,"[85.5330143262, 25.341408340100003]"
Madhya Pradesh,SZH,Saonga Halt,SECR,"Saonga, Madhya Pradesh",Point,"[78.871166, 21.520105]"
West Bengal,DDC,Dum Dum Cantt.,ER,"Dum Dum Cantt, West Bengal",Point,"[88.411641, 22.636349000000003]"
West Bengal,PLY,Plassey,ER,"Plassey, West Bengal",Point,"[88.28447, 23.777986000000002]"
Maharashtra,CKX,Chakur,SCR,"MSH3, Maharashtra",Point,"[76.8840283246, 18.4875607596]"
Rajasthan,PCMK,Pacharmalikpura,NWR,"State Highway 19, Rajasthan",Point,"[75.389317, 27.201471]"
Madhya Pradesh,BCRD,Barchi Road,CR,"State Highway 26, Madhya Pradesh",Point,"[78.311632, 21.951502]"
Rajasthan,BUDI,Bundi,WCR,"Bundi, Rajasthan",Point,"[75.65069899999999, 25.407922]"
Orissa,CJQ,Champajharam,SER,"National Highway 23, Orissa",Point,"[84.90421199999999, 22.101526]"
Madhya Pradesh,VRG,VIKRAMNAGAR,WR,"Ujjain, Madhya Pradesh",Point,"[75.817754, 23.162187]"
Karnataka,BYC,BELLARY CANT,SWR,"Bellary, Karnataka",Point,"[76.89450500000001, 15.150286000000001]"
Punjab,BWF,BUTEWALA,NR,"Village Sadhara Rd, Punjab",Point,"[74.896803, 31.080357]"
Chhattisgarh,SPY,Sarsonpuri,SECR,"National Highway 43, Chhattisgarh",Point,"[81.638003, 20.780632]"
Rajasthan,BSDA,BANIYA SANDA DHORA,NWR,"Barmer, Rajasthan",Point,"[71.668563, 25.860229999999998]"
Assam,BXP,BARPATHAR,NFR,"Railway Station, Assam",Point,"[93.899672, 26.274562]"
Rajasthan,GRF,GAMBHIRI ROAD,WR,"National Highway 79, Rajasthan",Point,"[74.671009, 24.693873]"
,BEC,BERACH JN CABIN,,,Point,"[74.61523199999999, 24.896441999999997]"
,PPNI,PARAS PANI,,,Point,"[83.04895300000001, 24.38141]"
Rajasthan,NDT,Nathdwara,NWR,"SH 49, Rajasthan",Point,"[73.909396, 24.92025]"
Uttar Pradesh,JNU,JAUNPUR JN,NR,"Jaunpur, Uttar Pradesh",Point,"[82.69969599999999, 25.762849]"
Maharashtra,UMRI,UMRI,SCR,"Nanded, Maharashtra",Point,"[77.642682, 19.0418]"
Uttar Pradesh,BXLL,BILLI,ECR,"Obra, Uttar Pradesh",Point,"[83.011944, 24.453381]"
West Bengal,BHPA,Bahrupiya Halt,ER,"Bahirpuya, West Bengal",Point,"[88.349067, 22.22962]"
Bihar,SPP,SHAHPUR PATOREE,ECR,"Samastipur, Bihar",Point,"[85.5813, 25.639425999999997]"
Punjab,MSSD,Maheshari Sandhuan,NR,"Firozpur Rd, Punjab",Point,"[74.992929, 30.848579]"
,ASSH,AISHBAGH,,,Point,"[80.908616, 26.836088]"
Kerala,BDJ,VADAKARA,SR,"Calicut, Kerala",Point,"[75.5869409, 11.593321399999999]"
Bihar,KADH,Khairadih Halt,ECR,"Khairadih, Bihar",Point,"[84.054715, 25.035047]"
West Bengal,BXL,BHEDUASOL,SER,"National Highway 60, West Bengal",Point,"[87.13517327999999, 23.1943639299]"
Rajasthan,AMPR,AMARPURA RATHAN,NWR,"MDR 103, Rajasthan",Point,"[74.078953, 29.483399000000002]"
Rajasthan,BWA,BHINWALIYA,NWR,"Pindwara, Rajasthan",Point,"[73.4924808, 25.5596627]"
Rajasthan,JNX,Jagnath Road Halt,NWR,"Jalor, Rajasthan",Point,"[72.62821, 25.270948]"
Rajasthan,MBSK,Marwar Balia,NWR,"Marwar, Rajasthan",Point,"[74.545106, 27.357827]"
Uttar Pradesh,BEJ,Beniganj,NR,"Sitapur, Uttar Pradesh",Point,"[80.440599, 27.299916]"
Andhra Pradesh,BSDR,Bansadhara Halt,ECoR,"Lihuri Rd, Andhra Pradesh",Point,"[83.822754, 18.970276000000002]"
West Bengal,SPR,Sonarpur Junction,ER,"Kolkata, West Bengal",Point,"[88.429773, 22.443359]"
Uttar Pradesh,SPB,Sonekpur Halt,NR,"Bilari, Uttar Pradesh",Point,"[78.69314200000001, 28.630277]"
Maharashtra,PQA,Pipla Halt,SECR,"Pipla, Maharashtra",Point,"[79.06675999999999, 21.312575]"
Bihar,BIRL,Biraul,ECR,"Darbhanga, Bihar",Point,"[86.233733, 25.937062]"
,GRZ,Gurthuri,NR,,Point,"[76.177379, 29.648169000000003]"
Punjab,JNT,Jaintipura,?,"National Highway 15, Punjab",Point,"[75.10219199999999, 31.773393000000002]"
,PQH,Pindkepar Halt,,,Point,"[80.18200300000001, 21.304069]"
Gujarat,JNZ,Jenal,NWR,"Bhildi, Gujarat",Point,"[72.0377359918, 24.3273122158]"
Uttar Pradesh,PQN,Pariawan Kalakankar Road,NR,"Pwn Klaknder Rd, Uttar Pradesh",Point,"[81.368601, 25.825794000000002]"
Jharkhand,JNN,Jamuniatand,ECR,"Jamuniatand, Jharkhand",Point,"[86.191952, 23.75454]"
Punjab,CKM,Chauki Man,NR,"Chauki Maan, Punjab",Point,"[75.56567299999999, 30.814885999999998]"
,BEI,Shimoga Bidare,,,Point,"[75.64768061160001, 13.9025358525]"
Uttar Pradesh,BEM,Budaun,NER,"Badaun, Uttar Pradesh",Point,"[79.1360237, 28.0274922]"
,METR,Methi Tikur,,,Point,"[80.418467, 26.698845]"
Maharashtra,BWV,Bhiwapur,SECR,"Bhiwapur, Maharashtra",Point,"[79.51148736, 20.76925671]"
,SMDC,SAWAI MADHOPUR D CABIN,,,Point,"[76.375851, 26.0356]"
,APQ,ADITPARA,,,Point,"[69.6779178894, 21.67359117]"
Uttar Pradesh,MOTA,MOTA,NCR,"Mota, Uttar Pradesh",Point,"[79.2537294641, 27.2889777447]"
Delhi NCT,SWNR,SEWA NAGAR,NR,"South Extension 1, Delhi NCT",Point,"[77.22770799999999, 28.579299000000002]"
Gujarat,LO,LOLIYA,WR,"State Highway 1, Gujarat",Point,"[72.166923, 22.512244]"
,NON,Nonar Halt,,,Point,"[84.3707734497, 25.2864711772]"
Gujarat,HLB,HADALA BHAL,WR,"Limbadi to Hadala Rd, Gujarat",Point,"[72.13179600000001, 22.487223]"
Rajasthan,RLR,RAILA ROAD,NWR,"Raila, Rajasthan",Point,"[74.596325, 25.630348]"
,EDA,ITWAN DUNDAILA,,,Point,"[80.84270550779999, 24.939958728]"
,PDJ,PHIDING,,,Point,"[93.14983, 25.221835000000002]"
Delhi NCT,SMDP,SHAHABAD MOHAMADPUR,NR,"Dwarka, Delhi NCT",Point,"[77.071838, 28.560927]"
Rajasthan,KTOA,KOTANA,NWR,"Kotana, Rajasthan",Point,"[73.72634199999999, 23.916929999999997]"
,TJM,TURINJAPURAM,,,Point,"[79.090728, 12.336963]"
Tamil Nadu,KYV,KOYILVENNI,SR,"Kovilvenni, Tamil Nadu",Point,"[79.368646, 10.776294]"
Haryana,ROHN,ROHEDNAGAR HALT,NR,"Delhi-Rohtak Corridor, Haryana",Point,"[76.8140929907, 28.7611280103]"
Tamil Nadu,SPL,SUNDARAPERUMAL KOVIL,SR,"Thanjavur, Tamil Nadu",Point,"[79.30063, 10.941722]"
,NOY,NOYAL,,,Point,"[77.93176899999999, 11.060239]"
,KCYN,KACHHIYANA HALT,,,Point,"[85.98011055180001, 25.1331170814]"
,LW,LORWADA,,,Point,"[72.08968, 24.217193]"
Andhra Pradesh,EDD,EDDULADODDI,SCR,"Pyapili, Andhra Pradesh",Point,"[77.589906, 15.329698]"
Karnataka,RLP,HARLAPUR,SWR,"National Highway 63, Karnataka",Point,"[75.799259, 15.434833000000001]"
,GRH,GHORASAHAN,,,Point,"[85.12762727, 26.82028731]"
Uttar Pradesh,NOH,Nigohi,NER,"Nigohi, Uttar Pradesh",Point,"[79.8785035535, 28.0989194076]"
Uttar Pradesh,AIH,ALAWALPUR I PUR,NR,"Alawalpur, Uttar Pradesh",Point,"[77.27163889890001, 29.0477960432]"
Assam,DPU,DIPHU,NFR,"Diphu, Assam",Point,"[93.438384, 25.83725]"
West Bengal,MPRD,Mathurapur Road,ER,"State Highway 3, West Bengal",Point,"[88.390923, 22.140587]"
Assam,DLDE,DALDALI,NFR,"Diphu, Assam",Point,"[93.51715200000001, 25.820221]"
Karnataka,LD,LONDA JN,SWR,"Londa, Karnataka",Point,"[74.496982, 15.450273]"
Uttar Pradesh,BYH,BHITI,NER,"Handia, Uttar Pradesh",Point,"[82.261348, 25.333548]"
,DPO,DAMANPUR,,,Point,"[89.53636700000001, 26.53866]"
West Bengal,HLR,Halisahar,ER,"Kanchrapara, West Bengal",Point,"[88.436792, 22.921498999999997]"
,TJW,Tejpurwa Halt,,,Point,"[84.819703, 25.940085]"
Karnataka,HLE,Heelalige,SWR,"Chandapura -Dommasandra Road Bengaluru, Karnataka",Point,"[77.710974, 12.813180000000001]"
Madhya Pradesh,DPW,Dhapewara,SECR,"State Highway 11, Madhya Pradesh",Point,"[80.1913272595, 21.872721159199997]"
Tamil Nadu,SMDT,Semmandappatti,SWR,"Salem, Tamil Nadu",Point,"[78.0260572961, 11.7955548355]"
Rajasthan,BAWA,Balwara,NWR,"State Highway 38, Rajasthan",Point,"[72.5545000909, 25.5031445488]"
Jharkhand,RKJE,Rakhitpur,ECR,"Jairampur More to Baliapur, Jharkhand",Point,"[86.490871, 23.725742]"
Madhya Pradesh,LMU,Limarua,SECR,"Chiraidongri, Madhya Pradesh",Point,"[80.349702, 22.524250000000002]"
,KLLF,Kalol Jn,,,Point,"[72.50348000000001, 23.244426]"
,LB,Lain Bazar,,,Point,"[84.2806012268, 26.429190879300002]"
Karnataka,KNYR,Kaniuru Halt,SWR,"Kaniyoor, Karnataka",Point,"[75.365526, 12.717207]"
,APP,Ambapendarpur Halt,,,Point,"[85.5297094055, 25.2669627882]"
Gujarat,KADI,Kadi,WR,"Kadi, Gujarat",Point,"[72.326105, 23.292133]"
Assam,APU,Anipur,NFR,"Anipur, Assam",Point,"[92.43452699999999, 24.545735999999998]"
Rajasthan,APJ,Amarpur Jorasi,NWR,"Narnaul, Rajasthan",Point,"[76.07610899999999, 28.02178]"
,APK,Aruppukkottai,,,Point,"[78.10189147, 9.524631680999999]"
,API,Akkaraippatti,,,Point,"[77.92262799379999, 10.3998079865]"
Madhya Pradesh,KTKH,Kotlakheri,WR,"East Nimar, Madhya Pradesh",Point,"[76.173654, 22.078204]"
,KXZ,KESARIYA ROAD,,,Point,"[71.814406, 22.908845999999997]"
,SABD,SALABAD,,,Point,"[77.310319, 26.984965]"
,KURN,KHUKRANA,,,Point,"[76.924226, 29.400184]"
,KXR,KURIA,,,Point,"[85.005407, 26.468217]"
,KLKH,Kalladaka,,,Point,"[75.05984199999999, 12.845834]"
,BTYA,Bhatariya,,,Point,"[72.274465, 23.438252]"
Uttar Pradesh,RJK,RAJA KA SAHASPUR,NR,"Bilari, Uttar Pradesh",Point,"[78.780097, 28.626216]"
Madhya Pradesh,KTMA,KOTMA,SECR,"Kotma, Madhya Pradesh",Point,"[81.979022, 23.202833000000002]"
,BSBN,BHUSAWAL B CABIN,,,Point,"[75.822458, 21.049919000000003]"
,PSRY,PASHWASHRAYA,,,Point,"[88.40378299999999, 26.763435]"
Punjab,CKLA,Chak Banwala,NR,"Chimne Wala, Punjab",Point,"[74.133437, 30.423043]"
,JIGT,JIRIGHAT,,,Point,"[93.08687905000001, 24.8100917]"
Gujarat,KADR,Kadiyadra,WR,"State Highway 10, Gujarat",Point,"[73.057502, 23.885219]"
Uttar Pradesh,TJD,TAJPUR DEHMA,NER,"Gosalpur Rd, Uttar Pradesh",Point,"[83.92969, 25.728138]"
Karnataka,CLI,CHALGERI,SWR,"Chalageri, Karnataka",Point,"[75.73529039, 14.5614031141]"
,JGBR,JOGESHWAR BIHAR,,,Point,"[85.6267, 23.746057]"
Karnataka,SDVL,SOLDEVANAHALLI,SWR,"Bengaluru, Karnataka",Point,"[77.490385, 13.091395]"
,LOL,LOLIEM,,,Point,"[74.08778, 14.939155]"
,KMMD,Kirmiti Mendha,,,Point,"[79.774173, 20.593933]"
,KRPC,KHARIA-PIPRA HALT,,,Point,"[82.724227, 18.807373000000002]"
,BLRE,BELSIRI,,,Point,"[92.51446299999999, 26.800480999999998]"
,DRQ,DHARMINIYA,,,Point,"[84.793439, 26.865524999999998]"
Punjab,DRE,DHOGRI,NR,"Dhogri, Punjab",Point,"[75.635791, 31.40278]"
Andhra Pradesh,KKLR,KAIKOLUR,SCR,"Kaikalur, Andhra Pradesh",Point,"[81.21831599999999, 16.551026]"
Gujarat,KYSD,KAIYAL SEDHAVI,WR,"State Highway 217, Gujarat",Point,"[72.428861, 23.427144]"
Karnataka,KLYH,Kallur Yedahli,SWR,"Kallur Yedahli, Karnataka",Point,"[76.497258, 12.421123999999999]"
,KYSB,KAIYAL SEDHAVI,,,Point,"[72.428531, 23.426814]"
Uttar Pradesh,DHE,Dodhi,NER,"Dodhi, Uttar Pradesh",Point,"[82.998947, 25.604879]"
Uttar Pradesh,BRDV,Baradev,NR,"State Highway 38, Uttar Pradesh",Point,"[80.4119287744, 26.7017793648]"
Madhya Pradesh,TKLN,Tarrakalan,NCR,"Tarrakalan, Madhya Pradesh",Point,"[76.901807, 25.971659]"
Uttar Pradesh,MKHI,Makhi,NR,"Unnao, Uttar Pradesh",Point,"[80.46113700000001, 26.661427]"
Andhra Pradesh,CLU,Chilakalapudi,SCR,"Machilipatnam, Andhra Pradesh",Point,"[81.162137, 16.202721]"
,BRDH,Bardhana Halt,,,Point,"[78.799478, 22.136014999999997]"
,PSV,Parsneu,,,Point,"[74.378783, 28.037882999999997]"
,HNZM,Delhi Hazrat Nizamuddin,,,Point,"[77.253929, 28.58701]"
Maharashtra,TKLB,Takli Bhansali,SECR,"National Highway 69, Maharashtra",Point,"[78.983053, 21.361133]"
Maharashtra,PSX,Patansaongi Town Halt,SECR,"Patansaongi, Maharashtra",Point,"[79.025915, 21.335452]"
Maharashtra,BCT,Mumbai Central,WR,"Mumbai, Maharashtra",Point,"[72.819383, 18.970667]"
,PDF,PADAMPUR,,,Point,"[70.836786, 23.519468000000003]"
West Bengal,TDH,Tindharia,NFR,"National Highway 55, West Bengal",Point,"[88.332848, 26.851551]"
Uttar Pradesh,KZA,KHADA,NER,"Khadda Katai Bharpurva Bandh, Uttar Pradesh",Point,"[83.868376, 27.182926]"
,RGBD,RAMGANGA,,,Point,"[79.37463899999999, 28.297728]"
,QBW,QUBARWALA,,,Point,"[74.417372, 30.175886000000002]"
,PPRH,PIPARAHAN HALT,,,Point,"[85.246908, 26.224332999999998]"
,DET,DET,,,Point,"[74.641128, 25.01154]"
,ACN,ADHICHCHANUR,,,Point,"[79.182478, 12.05415]"
Himachal Pradesh,KPLR,KOPARLAHAR,NR,"National Highway 88, Himachal Pradesh",Point,"[76.25044299999999, 32.05191]"
,MU,MAKANSAR,,,Point,"[70.90609338009999, 22.7603546992]"
Uttarakhand,RKSH,RISHIKESH,NR,"Rishikesh, Uttarakhand",Point,"[78.287498, 30.107173]"
,NZG,NAZARBAG,,,Point,"[70.855228, 22.814612]"
,MPF,MUIRPUR ROAD,,,Point,"[83.094386, 24.206087]"
,AVC,AMRAVATHI COLONY,,,Point,"[75.854093, 14.498218999999999]"
Madhya Pradesh,KLRS,KOLARAS,WCR,"Shivpuri, Madhya Pradesh",Point,"[77.590411, 25.224926]"
Gujarat,CSMA,Chanasma Junction,WR,"Chanasma, Gujarat",Point,"[72.11188299999999, 23.710492]"
Karnataka,CGKR,CHANDAGIRIKOPAL,?,"State Highway 7, Karnataka",Point,"[76.730177, 12.485166999999999]"
,BDJR,BHADORA JAGIR,,,Point,"[77.41188299999999, 24.786919]"
Karnataka,KAG,KODAGANUR,SWR,"State Highway 47, Karnataka",Point,"[76.033542879, 14.3305086886]"
,BMRN,BHIMRANA,,,Point,"[68.992445, 22.389889]"
,CAPA,Chhapra Jn,,,Point,"[84.724365, 25.787896]"
,NDPL,NDPL,,,Point,"[78.520612, 15.456312]"
Rajasthan,BAR,BAR,NWR,"Haripur, Rajasthan",Point,"[74.113189, 26.063048]"
,KJGY,Khanalampura Gy,,,Point,"[77.58350800000001, 29.929192999999998]"
Gujarat,RLA,RAJULA JN,WR,"Baraf Tana, Gujarat",Point,"[71.479251, 21.103699]"
,TKND,Trivikramdeo Nagar,,,Point,"[84.7089663623, 26.3019109091]"
,DVGM,DEVGAM,,,Point,"[71.59185599999999, 23.938342]"
,SNBR,SONUABARY,,,Point,"[92.310137, 26.172784]"
,HRSN,HARISINGA,,,Point,"[91.985001, 26.72438]"
,SPGN,SRIPURIA GAON,,,Point,"[95.3515292572, 27.4659128037]"
,TNJR,TAJ NAGAR,,,Point,"[76.82424935060001, 28.3853476007]"
,LIM,SONALIUM,,,Point,"[74.292427, 15.309987]"
,PPRN,PIPRAN,,,Point,"[73.928281, 29.265794999999997]"
,GPPR,GOPALPUR,,,Point,"[70.1030164429, 23.083595579100002]"
,BMNL,BAMANWALI HALT,,,Point,"[73.555273, 28.361736]"
,UDKN,UDAYPUR KHURD,,,Point,"[80.178413, 28.486234]"
Gujarat,JUL,JHULASAN,WR,"Mehsana, Gujarat",Point,"[72.471355, 23.326699]"
,KGVE,Konagavalli Halt,,,Point,"[75.496473584, 14.024984822]"
Uttar Pradesh,DOT,Dhakia Tiwari,NER,"Dhakia Tiwari, Uttar Pradesh",Point,"[79.88587199999999, 28.028812000000002]"
,BHTH,Bhairopatti Halt,,,Point,"[86.90718700000001, 25.894911]"
,MTWN,Mitewani,,,Point,"[79.712797, 21.424028]"
Gujarat,KVNJ,Kapadvanj,WR,"Kapadvanj, Gujarat",Point,"[73.078323, 23.01905]"
,NCN,Nachinda Ph,,,Point,"[87.75496600000001, 21.881341]"
,VINA,Vina,,,Point,"[72.903227, 22.764138999999997]"
,LIJ,Lakshmiganj,,,Point,"[83.788161, 26.927786]"
,KULH,Kulha-Halt,,,Point,"[80.656456, 26.369411]"
,KTKS,Kantakosh Halt,,,Point,"[87.673891665, 25.333656684799998]"
West Bengal,STB,Shantipur,ER,"National Highway 34, West Bengal",Point,"[88.435028, 23.262660999999998]"
,NCE,Nalacheruvu East,,,Point,"[78.1854899005, 13.988212499000001]"
,DSN,Darsana,,,Point,"[88.795843, 23.523411]"
,TKMG,Tikamgarh,,,Point,"[78.8406655457, 24.7672962666]"
,NKPU,Nekpur,,,Point,"[85.338857, 24.995699000000002]"
,KGVL,Kadagaravalli,,,Point,"[75.696016, 12.83778]"
,MDPJ,Madanapur Halt,,,Point,"[78.189939, 19.549184]"
,PATR,Paramjeevar Tarajeevar,,,Point,"[85.448635, 26.256947]"
,NLNR,NULEMURU HALT,,,Point,"[76.12580920779999, 14.007537361799999]"
Uttarakhand,LKU,LAL KUAN,NER,"Lalkuan, Uttarakhand",Point,"[79.517641, 29.071574]"
,KAJG,KARANJGAON,,,Point,"[74.9240362146, 19.9493826187]"
Maharashtra,MRX,MURUD,CR,"State Highway 162, Maharashtra",Point,"[76.251585, 18.380482]"
,SKAR,SAKARIYA,,,Point,"[80.90078, 24.607481]"
,NLL,NALLI,,,Point,"[77.92223899999999, 9.269174]"
,PDGM,PUDUNAGARAM,,,Point,"[76.684608, 10.683752]"
,KLVD,KALAVAD,,,Point,"[69.8083238586, 21.8996981538]"
Haryana,JHL,JAKHAL JN,NR,"Jakhal, Haryana",Point,"[75.8245009833, 29.8018131127]"
Andhra Pradesh,MCLA,Macherla,SCR,"Macherla, Andhra Pradesh",Point,"[79.4382772, 16.4695102]"
,MEG,MELENG,,,Point,"[94.305982, 26.794394999999998]"
,WWA,VAVANIYA,,,Point,"[70.61468985409999, 23.0072062075]"
,DEIT,Dehit,,,Point,"[75.85015269780001, 25.300468743099998]"
,TMGN,Thamla Mogana,,,Point,"[73.93477800000001, 24.875571]"
,AMRI,ANAJ MANDI,,,Point,"[76.605319, 28.187504999999998]"
,BMPT,Banni Mahamman,,,Point,"[84.778666, 25.891285]"
Uttar Pradesh,TKA,TEHARKA,NCR,"National Highway 75, Uttar Pradesh",Point,"[78.917318, 25.300234]"
,CKHS,Chikhale,,,Point,"[73.152541, 18.97295]"
,DSBC,DELHI SHAHDARA BLOCK CABIN,,,Point,"[77.30022000000001, 28.677356999999997]"
,SDPN,SINDPAN,,,Point,"[75.03158, 24.164576]"
Himachal Pradesh,AHJU,AHJU,NR,"National Highway 20, Himachal Pradesh",Point,"[76.690156, 32.02843]"
,LLKN,LAL KALAN,,,Point,"[76.101493, 30.827548999999998]"
Andhra Pradesh,BOZ,BOLARUM BAZAR,SCR,"Secunderabad, Andhra Pradesh",Point,"[78.5159651358, 17.517847537100003]"
Maharashtra,SVN,SIVUNGAON,SCR,"Nanded, Maharashtra",Point,"[77.54447048829999, 19.1086533083]"
,PNSD,PANGARSHINDE HALT,,,Point,"[77.24009, 19.526469000000002]"
,RJJN,RAJAJAN HALT,,,Point,"[85.6709042426, 25.6149631854]"
,UMNF,Ambliyasan Jn,,,Point,"[72.422431, 23.446636]"
,PPTA,PATLIPUTRA,,,Point,"[85.068505, 25.621426]"
,LKBR,LAKSHMI BAI NAGAR,,,Point,"[75.85816200000001, 22.741887]"
Rajasthan,DBLA,Dabla,NWR,"National Highway 79, Rajasthan",Point,"[75.9464005609, 27.888685430000002]"
,VPDA,VIDYAPATIDHAM,,,Point,"[85.80243268800001, 25.602064857400002]"
,GTLW,GUNTAKAL WEST,,,Point,"[77.3426508783, 15.167523391300001]"
,SVDK,S M V D KATRA,,,Point,"[74.935736, 32.982814]"
,RPAN,RANGAPARA NORTH,,,Point,"[92.682658, 26.8215934]"
Kerala,VEK,VELLARAKKAD,SR,"Vellarakkad Railway Station, Kerala",Point,"[75.653412, 11.4723]"
Assam,CGON,CHAYGAON,NFR,"National Highway 37, Assam",Point,"[91.3952511639, 26.064069106999998]"
,GNAN,Gonda Jn,,,Point,"[81.97761799999999, 27.153922]"
,DIE,Demai,,,Point,"[73.210181, 23.159049]"
,PTKC,PATHANKOT CANTT,,,Point,"[75.636044, 32.2593]"
,EC31,Kharuara Halt,,,Point,"[85.5436173315, 25.4316280874]"
,PWA,Powai,,,Point,"[95.646229, 27.35353]"
Maharashtra,NAB,Nagbhir Junction,SECR,"Nagbhir, Maharashtra",Point,"[79.700138, 20.579811999999997]"
,NAK,Naksalbari,,,Point,"[88.20223499999999, 26.682578]"
,UDPR,Udaipura,,,Point,"[78.65148636960001, 24.775688911699998]"
,KNWF,Khandwa Jn,,,Point,"[76.353537, 21.823905999999997]"
,SVS,Srinivaspur,,,Point,"[78.206169, 13.328283]"
West Bengal,NMDR,Nimdanri,ER,"Madhyampur Station Rd, West Bengal",Point,"[88.905624, 22.608628]"
Uttar Pradesh,KCU,Kachhiaa,NER,"Badaun, Uttar Pradesh",Point,"[78.88310899999999, 27.973382]"
,MHPR,Mahiyarpur,,,Point,"[87.613385199, 25.411453041399998]"
,BTCN,Balaghat,,,Point,"[80.1994253, 21.8111685]"
,MHPE,Mhope,,,Point,"[73.19412, 18.943255]"
,JLRF,Jetalsar Jn,,,Point,"[70.57412, 21.729584]"
,SDPH,Sardar Patel Halt,,,Point,"[85.424114, 25.050378]"
,IMBG,Imlibigha Halt,,,Point,"[85.53137103520001, 25.3007943293]"
,XKA,Kamta,,,Point,"[85.27774552000001, 25.336573948]"
,MKZ,Mahkepar Road,,,Point,"[79.67892, 21.632916]"
Tripura,SKAP,SK Para,NFR,"National Highway 44, Tripura",Point,"[91.94712, 23.971989]"
,MMCC,MOOR MARKET,,,Point,"[80.275222, 13.084876000000001]"
,DKR,Dekpura Halt,,,Point,"[85.52942276, 25.2611531167]"
,KRHT,KHARAHAT,,,Point,"[94.74965900000001, 27.070551000000002]"
Uttar Pradesh,JDW,JARAUDA NARA,NR,"MuzaffarNagar, Uttar Pradesh",Point,"[77.705438, 29.42673]"
,MAYR,Mayar,,,Point,"[75.86074699999999, 29.100107]"
,VKM,VENKATESAPURAM,,,Point,"[79.442293656, 11.9307785279]"
,SXQ,SUAHERI,,,Point,"[78.19083099999999, 29.436815999999997]"
Tamil Nadu,PPVL,PIRAPPANVALASAI,SR,"Pirappan Valasai, Tamil Nadu",Point,"[79.043777, 9.299159000000001]"
,NARA,NARA HALT,,,Point,"[76.759969657, 29.390441641]"
Uttar Pradesh,KER,KIRIHRAPUR,NER,"Kirihrapur, Uttar Pradesh",Point,"[83.73706466189999, 26.045500525999998]"
,PLVR,PALAM VIHAR HALT,,,Point,"[77.0327645691, 28.515463592299998]"
Punjab,GGKR,GOVINDGARH KHOKHAR,NR,"Govindgarh, Punjab",Point,"[75.80832813660001, 29.992439273899997]"
Andhra Pradesh,PLVA,PALLEVADA,SCR,"Pallevada, Andhra Pradesh",Point,"[81.2878959662, 16.576700082699997]"
,NDIM,NANDAIGRAM HALT,,,Point,"[88.31706186039999, 23.311548007099997]"
Karnataka,MGD,MUGAD,SWR,"State Highway 34, Karnataka",Point,"[74.915401, 15.46241]"
West Bengal,TBAE,TRIBENI,ER,"Tribeni, West Bengal",Point,"[88.398096, 22.990357999999997]"
Tamil Nadu,URL,UNJALUR,SR,"Unjalur, Tamil Nadu",Point,"[77.875839, 11.127976]"
,BMM,BHASKARPARA,,,Point,"[71.90540899999999, 22.988208]"
,DKW,DHANAKWADA,,,Point,"[71.823472, 24.146307]"
Tamil Nadu,IVL,ILAVELANGAL,SR,"Ottanatham - Maniyachi Rd, Tamil Nadu",Point,"[77.87235, 8.937878]"
Punjab,GZS,GIANI ZAIL SINGH SANDHWAN,NR,"Distt Faridkot, Punjab",Point,"[74.801905, 30.613851]"
,SHB,Shahibag,,,Point,"[72.600949, 23.035546]"
Madhya Pradesh,BMC,Bhimalgondi,SECR,"State Highway 19, Madhya Pradesh",Point,"[78.914582, 21.740994]"
,TBR,Taiabpur,,,Point,"[88.154497, 26.392839]"
,BSWD,BHEMSWADI,,,Point,"[71.357286, 21.485727]"
,TKTB,THAKURBARI,,,Point,"[92.699488, 26.797642000000003]"
Uttar Pradesh,RMC,Ram Chaura Road,NR,"National Highway 24B, Uttar Pradesh",Point,"[81.686954, 25.609488]"
,GHLU,Ghallu,,,Point,"[74.1078213831, 30.2566065213]"
Rajasthan,BMN,BHIMANA,NWR,"Abu Road, Rajasthan",Point,"[72.886302, 24.595571]"
,PRDH,PIR DULHE SHAH HALT,,,Point,"[73.155686, 25.873873]"
Himachal Pradesh,KEJ,Kathleeghat,NR,"Shoghi, Himachal Pradesh",Point,"[77.103224, 31.021478000000002]"
,MRDG,Maradanga,,,Point,"[89.55668499999999, 26.301078]"
,MRDA,Maroda,,,Point,"[79.660732, 20.095174]"
,LUA,Laluri Khera,,,Point,"[79.74624299999999, 28.607969]"
,KEMP,Kempalsad,,,Point,"[79.263378, 21.087653]"
,SGUD,Siliguri,,,Point,"[88.414033, 26.723574]"
,CHNH,Channi Halt,,,Point,"[73.01665499389999, 27.890151968]"
,KTGO,Kotgaon,,,Point,"[79.674577, 20.625413]"
,PAAL,Pala,,,Point,"[78.0183333807, 21.3760800242]"
,SXV,Suku,,,Point,"[82.726431, 18.715021]"
,NARD,Naika Road,,,Point,"[85.2923767371, 25.4485799037]"
,RAKD,Radha Kund,,,Point,"[77.523598, 27.537943]"
,BHMA,Baghmara Halt,,,Point,"[87.6174634106, 25.365523628400002]"
,ZPR,Zorawar Pura Halt,,,Point,"[73.44881699999999, 29.762905]"
Madhya Pradesh,OM,Omkareshwar Road,WR,"SH 27, Madhya Pradesh",Point,"[76.04654, 22.215082]"
,AGTR,Agauthar Halt,,,Point,"[84.8437572205, 26.008145546599998]"
,NES,Natesar,,,Point,"[85.2718057104, 24.963884576399998]"
,KNLE,Kanale,,,Point,"[74.9593667969, 14.2250994053]"
Maharashtra,BRMT,Baramati,CR,"Baramati, Maharashtra",Point,"[74.5781969, 18.1536772]"
,MHKT,MOHKHUTI,,,Point,"[94.80821, 27.106537]"
,GNGR,GUNGRANA,,,Point,"[75.82596, 30.714577]"
,MCO,MOTIHARI COURT,,,Point,"[84.90543100000001, 26.62564]"
,MXM,MINATCHIPURAM,,,Point,"[76.87534699999999, 10.629748000000001]"
,OPN,ONNUPURAM HALT,,,Point,"[79.17972008790001, 12.711563669599999]"
,GDH,Gidnahali,,,Point,"[77.82513399999999, 13.406514]"
,KUKA,Khui Khera,,,Point,"[74.0778039648, 30.305205841499998]"
,BNJN,BINJANA,,,Point,"[75.98680179930001, 22.9311978995]"
,GDW,Gadhwala,,,Point,"[73.454923, 27.970288]"
,MCL,MADIMANGALAM,,,Point,"[79.1862, 12.598975000000001]"
,BUGN,BHURJIHA BARAGN,,,Point,"[80.726312, 27.638101]"
,LKJN,LINK JN. CABIN,,,Point,"[81.841869, 25.356832]"
,JHH,JHALRA HALT,,,Point,"[78.17640399999999, 29.420302]"
,KTES,KATNI SOUTH,,,Point,"[80.401113, 23.824725]"
,KGH,Kotegangur,,,Point,"[75.5206561768, 13.9821624414]"
,CLKN,CHUCHELA KALAN,,,Point,"[78.272803, 29.014595999999997]"
Karnataka,GDI,GUDGERI,SWR,"Gudgeri, Karnataka",Point,"[75.3596044824, 15.1249217339]"
,DLPR,DAYALPUR,,,Point,"[81.8894849231, 25.6322106511]"
,CKRD,CHAKMAKRAND,,,Point,"[85.2740297845, 25.6975316046]"
,BHCH,BLOCK CABIN CHAKKI BANK,,,Point,"[75.651062146, 32.2419748422]"
West Bengal,KNSN,KARNA SUBARNA,ER,"Khagraghat - Chowrigacha, West Bengal",Point,"[88.176458, 24.035537]"
,APCH,ALIPURDUAR COLLEGE,,,Point,"[89.5274862292, 26.5016791611]"
,CRZ,CARANZOL,,,Point,"[74.3061977655, 15.3607491302]"
Rajasthan,KNSR,KANASAR,NWR,"Lalgarh, Rajasthan",Point,"[73.324726, 28.145913]"
,HSDA,Hansdiha,,,Point,"[87.0849798193, 24.6141943022]"
,GUSB,GHUMASAN BG,,,Point,"[72.449413, 23.378259]"
,MXZ,Mohdara Halt,,,Point,"[79.34702300000001, 20.960497]"
,OHAN,OHANCABIN,,,Point,"[81.017247, 25.102455000000003]"
,BIE,BHISTENHATTI,,,Point,"[74.705805, 15.41363]"
Tamil Nadu,AWT,Alwar Tirunagri,SR,"Thoothukudi, Tamil Nadu",Point,"[77.941809, 8.602296]"
,MUDI,Mududi,,,Point,"[76.2332042139, 13.151294369]"
,BUGY,Bugia Halt,,,Point,"[73.608155, 29.38048]"
Uttar Pradesh,IGTA,Ingohta,NCR,"National Highway 86, Uttar Pradesh",Point,"[80.126678, 25.758384]"
,GNGT,Gangatolia,,,Point,"[79.986339, 22.392169]"
,DHOA,Dhaulpur,,,Point,"[77.905659, 26.697202]"
,SHER,Sher,,,Point,"[84.628290531, 26.3516649204]"
,BICI,Barkichampi,,,Point,"[84.709751, 23.483611]"
,JBPN,Jabalpur Jn (Ng),,,Point,"[79.950772, 23.164248]"
,SLQ,Salona Assam,,,Point,"[92.961877, 26.448981]"
Maharashtra,DGT,Dhulghat,SCR,"Amlakhurd, Maharashtra",Point,"[76.74963299999999, 21.296281999999998]"
,DGY,Dighori Buzurg,,,Point,"[79.230454, 21.107513]"
,PH,Panoh,,,Point,"[76.19991700000001, 31.551327999999998]"
,MCY,Machriawan,,,Point,"[85.29441999630001, 25.4624795686]"
,KIK,Karaikal,,,Point,"[79.839712, 10.925606]"
,KIF,Kuri,,,Point,"[76.8173945569, 9.035098526]"
Orissa,PSJ,Patasahi,SER,"National Highway 23, Orissa",Point,"[84.923705, 22.020127]"
,JLT,Jhamat Halt,,,Point,"[83.340382, 27.200025999999998]"
Andhra Pradesh,CKN,CHINTA KANI,SCR,"Chinta Kani Station, Andhra Pradesh",Point,"[80.201337, 17.126458999999997]"
Jharkhand,CBSA,Chaibasa,SER,"National Highway 75, Jharkhand",Point,"[85.812342, 22.560494000000002]"
,KKR,KHAKHRALA ROAD,,,Point,"[70.722232, 22.897133]"
,SPPA,SHERPUR DHIPURA,,,Point,"[85.8481621063, 25.5999397486]"
,DNWF,Dangarwa,,,Point,"[72.441313, 23.401545]"
,PSS,PADSALI,,,Point,"[75.38808359379999, 18.0060618945]"
West Bengal,CHRA,CHHARRA,SER,"Purulia, West Bengal",Point,"[86.42299399999999, 23.375747]"
Maharashtra,PKNS,POKHARNI NARASIMHA,SCR,"Pokharni Nrsnha, Maharashtra",Point,"[76.7316388525, 19.118747261]"
,BHAS,BHOJRAS,,,Point,"[74.63427990000001, 25.7882166]"
Maharashtra,HNL,HINGOLI DECCAN,SCR,"Hingoli, Maharashtra",Point,"[77.146758, 19.726357]"
,ALAL,ALAL,,,Point,"[75.72420699999999, 30.378176]"
,KARR,KHARAR,,,Point,"[76.6360518042, 30.7263803992]"
,BHAL,BHATIEL,,,Point,"[72.834624, 22.477066]"
,AGM,AGARAM SIBBANDI,,,Point,"[79.11334699999999, 12.414388]"
,ASAR,ASRA HALT,,,Point,"[77.29144328, 29.249760774200002]"
Himachal Pradesh,CTZ,CHAUNTRA BHATERH,NR,"Chauntra Bhater, Himachal Pradesh",Point,"[76.74671000000001, 32.005534999999995]"
,MUY,MUGAIYUR,,,Point,"[79.30532600000001, 11.976522]"
Kerala,PAY,PAYYANUR,SR,"Kannur District, Kerala",Point,"[75.195107, 12.092248]"
Madhya Pradesh,KRLR,KARAILA ROAD JN,ECR,"Main Road Singrauli-Jayant, Madhya Pradesh",Point,"[82.719311, 24.261080999999997]"
Maharashtra,DAV,DEVALGAON AVCHAR,SCR,"Parbhani, Maharashtra",Point,"[76.60520100000001, 19.322430999999998]"
,NMY,NOONMATI,,,Point,"[91.806851, 26.180382]"
,VNEC,Vijayawada North East,,,Point,"[80.630413, 16.532028]"
Assam,CKW,CHALKHOA,NFR,"Dibrugarh, Assam",Point,"[94.9592046722, 27.4656628037]"
,MNDV,MANDAWARIYA,,,Point,"[74.890472, 26.621071999999998]"
,JLG,JULGAON DECCAN,,,Point,"[77.790475, 19.384261]"
,TKPY,TURAKAPALLI,,,Point,"[77.6285053778, 15.0927135285]"
,DAH,DEHARE,,,Point,"[74.6741555884, 19.2418554705]"
,ULG,UDALGURI,,,Point,"[92.094329, 26.744291]"
,NMM,NEW MISAMARI,,,Point,"[92.57545400000001, 26.810166]"
,MSMI,MISAMARI,,,Point,"[92.595773, 26.811265]"
Maharashtra,AMBR,Ambika Rohina,SCR,"Ambika Devi Rd, Maharashtra",Point,"[76.9437206531, 18.442254377900003]"
Uttar Pradesh,ORC,ORCHHA,NCR,"National Highway 75, Uttar Pradesh",Point,"[78.644228, 25.401119]"
,NTVT,NETHRAVATHI,,,Point,"[74.856475, 12.844375000000001]"
,HNEO,Hathbandh,,,Point,"[81.8457729333, 21.6319185846]"
Rajasthan,BSSL,Basi Beriasal,WCR,"Bassi, Rajasthan",Point,"[74.764318, 25.024084]"
,CIP,Chichpalli,,,Point,"[79.443249, 19.966168]"
West Bengal,SNTD,Santaldih,SER,"Purulia, West Bengal",Point,"[86.48312299999999, 23.596660999999997]"
,SNTN,Santinagar Halt,,,Point,"[88.6377553125, 23.292974228200002]"
Rajasthan,SNTH,Sonthaliya,NWR,"National Highway 11, Rajasthan",Point,"[75.531666, 27.400358]"
,DPNR,Deepnagar Halt,,,Point,"[85.48327400000001, 25.140667]"
,GKV,Gottihalli Halt,,,Point,"[78.155685, 13.260622]"
Jharkhand,JAMA,Jama,ER,"Jama, Jharkhand",Point,"[87.14492, 24.345509]"
,HIVR,Hiwarkheda,,,Point,"[78.112944, 21.431848000000002]"
,PETA,Pandetola,,,Point,"[87.0603205811, 24.7415365882]"
Uttar Pradesh,BWP,Bhawanipur Kalan,NER,"Bhawanipur Kalan, Uttar Pradesh",Point,"[82.161102, 27.415623]"
,LSE,Laseri,,,Point,"[75.47962399999999, 28.713124]"
Gujarat,KKV,Kunkavav Junction,WR,"SH 104, Gujarat",Point,"[70.975052, 21.653448]"
West Bengal,LOK,Loknath,ER,"Loknath Railway Station, West Bengal",Point,"[88.03392099999999, 22.871717999999998]"
Bihar,CKH,Chakand,ECR,"Chakand, Bihar",Point,"[84.9954942, 24.8901416]"
Uttarakhand,CKK,Chakarpur,NER,"National Highway 125, Uttarakhand",Point,"[80.002313, 28.951978]"
Assam,DCA,DAMCHARA,NFR,"Diakkawn Rd, Assam",Point,"[92.749675, 25.012661]"
,MOX,MORAN,,,Point,"[94.88840400000001, 27.147109999999998]"
Himachal Pradesh,BRMR,BHARMAR,NR,"State Highway 22, Himachal Pradesh",Point,"[75.954299, 32.167399]"
Andhra Pradesh,CVV,CHERUVU MADHAVARAM,SCR,"Cheruvu Madhavaram Station, Andhra Pradesh",Point,"[80.518783, 16.746018]"
Karnataka,WDL,WANDAL,SWR,"Dam Inspection Rd, Karnataka",Point,"[75.86371000000001, 16.416601]"
,WDN,VADGAON NILA,,,Point,"[76.643889, 18.929059]"
Madhya Pradesh,MOJ,MOHANA,WCR,"Mohana, Madhya Pradesh",Point,"[77.83395499999999, 25.980207999999998]"
Maharashtra,KMV,KARMAD,SCR,"Aurangabad, Maharashtra",Point,"[75.5378981451, 19.872663603099998]"
Rajasthan,DRS,DHARESHWAR,NWR,"Sojat Road, Rajasthan",Point,"[73.667743, 25.777583999999997]"
,KNJJ,KANNJARA HALT,,,Point,"[77.2102291101, 19.6039649812]"
,BAGD,BAGWADA,,,Point,"[72.916866, 20.43948]"
,MRYA,MERIYANA,,,Point,"[71.415981, 21.201567]"
Rajasthan,RDRA,RAMDEVRA,NWR,"Ramdevra, Rajasthan",Point,"[71.929837, 27.006279]"
Rajasthan,SGNR,SHRI GANGANAGAR,NWR,"Sri Ganganagar, Rajasthan",Point,"[73.87141700000001, 29.931792]"
,GKPE,GORAKHPUR EAST,,,Point,"[83.387390437, 26.7587697881]"
,KPCM,KUWARCHINTAWA,,,Point,"[84.942114, 26.51743]"
Gujarat,SAPR,SARANGPUR ROAD,WR,"State Highway 38, Gujarat",Point,"[71.748617, 22.236682000000002]"
West Bengal,GPAE,GUPTIPARA,ER,"Guptipara Railway Station, West Bengal",Point,"[88.4178, 23.197355]"
Uttar Pradesh,WDM,WYNDHAMGANJ,ECR,"Sonebhadra, Uttar Pradesh",Point,"[83.401605, 24.264112]"
Tamil Nadu,KMD,KODUMUDI,SR,"Kodumudi, Tamil Nadu",Point,"[77.885771, 11.076073000000001]"
Madhya Pradesh,BUU,BHADANPUR,WCR,"National Highway 7, Madhya Pradesh",Point,"[80.679777, 24.16808]"
,ETB,ITARSI B CABIN,,,Point,"[77.709215, 22.591346]"
Tamil Nadu,CVP,KOVILPATTI,SR,"Kovilpatti, Tamil Nadu",Point,"[77.872848, 9.182578]"
Madhya Pradesh,PAL,PALASNER,WCR,"Harda, Madhya Pradesh",Point,"[77.050174, 22.304246]"
Rajasthan,RNIS,Ranolishishu,NWR,"National Highway 11, Rajasthan",Point,"[75.301025, 27.517012]"
Karnataka,GBB,GUBBI,SWR,"Gubbi, Karnataka",Point,"[76.939264, 13.321429]"
Goa,PERN,PERNEM,KR,"North Goa, Goa",Point,"[73.81653700000001, 15.707894]"
Rajasthan,NAWN,NAWAN,NWR,"State Highway 7, Rajasthan",Point,"[74.353285, 29.653071999999998]"
,AEX,Adderi,,,Point,"[75.157978, 14.141045]"
,JNDO,Jehanabad Court,,,Point,"[84.98423622680001, 25.2012234752]"
Andhra Pradesh,MCLE,MANCHILI,SCR,"Coastal Andhra Region, Andhra Pradesh",Point,"[81.613684, 16.662928]"
Karnataka,AEK,Anekal Road,SWR,"Karnataka, Karnataka",Point,"[77.71072699999999, 12.723885]"
Andhra Pradesh,DCU,Damalcheruvu,SCR,"National Highway 18, Andhra Pradesh",Point,"[79.05643400000001, 13.478885]"
,GBE,Gayabari,,,Point,"[88.260998, 26.860039999999998]"
,GKPI,Gate Karepalli,,,Point,"[80.25510299999999, 17.500295]"
,KNJI,Karanjali,,,Point,"[88.245999, 22.0353]"
Rajasthan,BAGA,Bhagega,NWR,"State Highway 37B, Rajasthan",Point,"[75.72088996, 27.677209949999998]"
,BAGJ,Barharagani,,,Point,"[83.9195740283, 26.921354215]"
,SLPR,Silpaprabesh,,,Point,"[88.10654500000001, 22.058566000000003]"
,PLNI,Palani,,,Point,"[77.52118300000001, 10.458722]"
Chandigarh,CNDM,Chandi Mandir,NR,"Panchkula, Chandigarh",Point,"[76.88683900000001, 30.727071000000002]"
,CNDB,Chandur Bazar,,,Point,"[77.741807, 21.219451]"
,MMVR,Murga Mahadev Road,,,Point,"[85.46586180999999, 22.06048608]"
,HSJ,HUSSAIN SAGAR J,,,Point,"[78.461904, 17.426453000000002]"
,SRBG,Sarobag,,,Point,"[86.4760352539, 25.272851221]"
,NWBV,NWBV,,,Point,"[80.62039399999999, 16.529876]"
,JSPR,JASHAPAR,,,Point,"[69.87358352049999, 21.837130552799998]"
Assam,RUP,Rupahigaon,NFR,"Nagaon, Assam",Point,"[92.74226717410001, 26.4125623913]"
,RF,RAFALESHWAR,,,Point,"[70.8969253271, 22.7738973454]"
Maharashtra,SGLA,SANGOLA,CR,"Sangole, Maharashtra",Point,"[75.187581, 17.435563000000002]"
,BSA,BHAINSA,,,Point,"[77.673452, 27.391523]"
,BNNR,BHINDAR,,,Point,"[74.179638, 24.528647]"
,KOX,KACHUJOR,,,Point,"[87.4650456, 23.8426777354]"
Andhra Pradesh,INK,INTAKANNE,SCR,"Intikanne Station, Andhra Pradesh",Point,"[79.860507, 17.727522]"
,KZJF,KAZIPET F CABIN,,,Point,"[79.57727100000001, 17.974824]"
,JDPT,Jagdishpur,,,Point,"[86.9846195752, 25.1482278323]"
,UBCN,ULHAS BRIDGE CABIN,,,Point,"[73.069462, 19.246247]"
Uttar Pradesh,RG,RAJGHAT NARORA,NR,"Babrala, Uttar Pradesh",Point,"[78.353587, 28.235655]"
,SRDH,SARSADH,,,Point,"[76.731812, 29.184058]"
,IGRL,INGORALA,,,Point,"[71.6869809839, 21.8234176248]"
Madhya Pradesh,LGCE,LAGARGAWAN,WCR,"Lagargawan, Madhya Pradesh",Point,"[80.81431, 24.464248]"
Jharkhand,JDPR,Jagdishpur,?,"Giridih, Jharkhand",Point,"[86.52550400000001, 24.273108999999998]"
,HSM,HAUSNAGAR,,,Point,"[87.94988, 24.646721000000003]"
Madhya Pradesh,VST,BIJAYSOTA,WCR,"State Highway 10, Madhya Pradesh",Point,"[81.11095900000001, 23.978724]"
,SKPA,SHRIKALYANPURA,,,Point,"[76.094182, 25.189878]"
Tamil Nadu,DYS,DALAPATHY SAMUDRAM,SR,"Dhalapathisamudram, Tamil Nadu",Point,"[77.638091, 8.430572]"
,RGNH,RAGHUNATHGARH,,,Point,"[73.65157199999999, 29.311679]"
Andhra Pradesh,KVLS,Karakavalasa,ECoR,"Coastal Andhra Region, Andhra Pradesh",Point,"[82.991426, 18.292228]"
Punjab,SULH,Sulhani,NR,"Machhi Bugra, Punjab",Point,"[74.865129, 30.871949]"
,QCAB,QCAB,,,Point,"[84.88480200000001, 22.229374]"
,AJLE,AZIMGANJ JN CABIN,,,Point,"[88.257363, 24.23827]"
,XCBN,Xcbn,,,Point,"[83.16958199999999, 25.303843]"
,TWI,Totewahi Halt,,,Point,"[79.600455, 20.014659]"
Maharashtra,INP,INDAPUR,KR,"Indapur, Maharashtra",Point,"[73.24465000000001, 18.297688]"
,INJ,INNANJE,,,Point,"[74.7612195679, 13.2555864292]"
Uttar Pradesh,BJLP,BARAI JALALPUR,NER,"Sitapur National Highway 24, Uttar Pradesh",Point,"[80.800122, 27.449608]"
,KLGD,KOLLENGODE,,,Point,"[76.697715, 10.626984]"
,DWJN,DIVA JN. CABIN,,,Point,"[73.042923, 19.188667]"
,BRWH,BAHERWA HALT,,,Point,"[82.7922887817, 25.251877498200002]"
,STKW,Sultanpur Kalia,,,Point,"[76.8692637848, 28.4605176414]"
Orissa,HCNR,Harichandanpur,ECoR,"Rd, Orissa",Point,"[85.795395, 21.328476000000002]"
,NMUE,Numaishgarh Halt,,,Point,"[77.8423063, 28.407739616900002]"
Madhya Pradesh,PTP,Patal Pani,WR,"Mhow, Madhya Pradesh",Point,"[75.797002, 22.514232000000003]"
Punjab,PTA,Patiala,NR,"Patiala, Punjab",Point,"[76.4041, 30.344248999999998]"
Madhya Pradesh,DRPH,Devri P.H.,SECR,"Kaladehi, Madhya Pradesh",Point,"[79.836698, 22.85663]"
,NLKT,Nalkata,,,Point,"[91.999618396, 24.0683888436]"
Andhra Pradesh,PCZ,Pocharam,SCR,"Khammam To Yellanddu Rd, Andhra Pradesh",Point,"[80.234583, 17.486717000000002]"
West Bengal,BSD,Basuldanga,ER,"National Highway 117, West Bengal",Point,"[88.23393947000001, 22.20374787]"
,KOM,Kodikkalpalaiym,,,Point,"[79.64869900000001, 10.786311]"
,TFGN,Tufanganj,,,Point,"[89.667639, 26.303308]"
,MWAD,Mowad,,,Point,"[78.451335, 21.455554]"
,COAC,Coac,,,Point,"[82.238213, 16.964553]"
,KPAW,Kanchrapara Workshop Gate,,,Point,"[88.445352, 22.935794]"
Assam,NLBR,Nilambazar,NFR,"NH 44, Assam",Point,"[92.36512599999999, 24.743292]"
,KADL,Kumradol,,,Point,"[87.075560105, 24.695170582]"
,SKPR,Sikarpur Halt,,,Point,"[78.946006, 21.984896]"
,MRSH,Morshi,,,Point,"[77.995446, 21.326057]"
,CHTL,Churaru Takrala,,,Point,"[76.166445, 31.597665]"
,SUNW,Surendra Nagar (W) Cabin,,,Point,"[71.636363, 22.734875]"
,SUNE,Sune,,,Point,"[71.644706, 22.753791000000003]"
,XGN,Gokulnagar,,,Point,"[85.30219143549999, 25.4879748709]"
Punjab,HSX,Hoshiarpur,NR,"Phagwara Road-Hoshiarpur, Punjab",Point,"[75.9055848, 31.5240737]"
,TSG,SITAPUR CITY (THOMASGANJ),,,Point,"[80.69025900000001, 27.569887]"
Uttarakhand,GUB,GULARBHOJ,NER,"Gular Bhoj Railway Station, Uttarakhand",Point,"[79.30114461, 29.11078373]"
,LRNC,LAKSAR NORTH CABIN,,,Point,"[78.0113177722, 29.7715518226]"
Gujarat,LDU,Lunidhar,WR,"State Highway 104, Gujarat",Point,"[71.085551, 21.715431000000002]"
Karnataka,HOH,HONAGANAHALLI,SWR,"National Highway 218, Karnataka",Point,"[75.732815, 16.679401000000002]"
,SE,SEMLA,,,Point,"[70.79367, 22.039641]"
,TELI,TELI,,,Point,"[79.405133, 11.933093999999999]"
Tamil Nadu,ILA,SILSIMAN,SR,"Silaiman Railway station, Tamil Nadu",Point,"[78.2001819324, 9.8674013383]"
,MMRB,MANMAD B CABIN,,,Point,"[74.44955586180001, 20.231473570600002]"
,NSN,NASIRPUR HALT,,,Point,"[77.109242, 28.604529]"
,REP,RESAULI,,,Point,"[80.4578628, 16.3096804]"
,COP,Kanpur M. G. Goods,,,Point,"[80.34196899999999, 26.45248]"
,PEM,Peralam Jn,,,Point,"[79.656384, 10.959358]"
Madhya Pradesh,UDR,AMDARA ROAD,WCR,"Amdara, Madhya Pradesh",Point,"[80.5779045111, 24.099500875799997]"
Assam,SFR,SAFRAI,NFR,"Suffry Station Chariali, Assam",Point,"[94.942883, 27.029014999999998]"
West Bengal,BURN,BURNPUR,SER,"CHITRA CINEMA HALL MORE, West Bengal",Point,"[86.9386234, 23.6719137]"
,KQX,KACHUJOR,,,Point,"[87.46277400209999, 23.841224628400003]"
,RWTB,ROWTA BAGAN,,,Point,"[92.21490999999999, 26.736799]"
,CAO,CHAURADANO,,,Point,"[85.01767731, 26.85049224]"
,RSNA,RASANA HALT,,,Point,"[72.256353, 24.224697000000003]"
,GRNA,GURHANWA,,,Point,"[85.215756, 26.74758]"
Uttar Pradesh,PDPR,Purandarpur,NER,"National Highway 29, Uttar Pradesh",Point,"[83.34747200000001, 27.209982]"
,HJLI,HUGRAJULI,,,Point,"[92.35864099999999, 26.805203]"
,NSO,Nashipur Road,,,Point,"[88.274766, 24.21105]"
,ULTL,Kulti Link Cabin,,,Point,"[86.865534, 23.734566]"
,PMDB,PAMIDI,,,Point,"[77.5990888062, 14.9811881952]"
,DCTL,DOMBIVLI CTL,,,Point,"[73.08419099999999, 19.203604]"
,KQZ,Kolar,,,Point,"[78.13204400000001, 13.124594]"
,SVTN,SHIVATHAN,,,Point,"[74.518905, 15.477666]"
,GMI,Gond Umri,,,Point,"[80.082136, 21.003133000000002]"
,BMGN,BAMUNI GAON,,,Point,"[91.282876, 26.01201]"
Andhra Pradesh,BQU,Bhattiprolu,SCR,"Bhattiprolu, Andhra Pradesh",Point,"[80.787953, 16.105632000000004]"
,CMGR,Chikkamanglur,,,Point,"[75.7887762634, 13.3038846483]"
,BURA,Bahuara,,,Point,"[84.7834807544, 25.8968700235]"
West Bengal,BHKA,Bahira Kalibari,ER,"Bahira Kalibari Railway Station, West Bengal",Point,"[88.563588, 22.685772]"
,GNRD,Genoli Road,,,Point,"[75.152338, 25.203127000000002]"
,BYPA,Baiyyappanahalli,,,Point,"[77.651853, 12.991200000000001]"
,VGDC,Viramgam D Cabin,,,Point,"[72.042828, 23.137395]"
,URML,Upramal,,,Point,"[75.276627, 25.247947]"
,NEYT,Ntpc Exchange Yard Talcher,,,Point,"[85.20809999999999, 20.919626]"
,JRRI,Jrri,,,Point,"[83.17854700000001, 25.308243]"
West Bengal,NCPM,Nishchindapur Market Halt,ER,"National Highway 117, West Bengal",Point,"[88.21710499999999, 21.987443000000003]"
,BRSA,Barwa Kalan,,,Point,"[83.408343, 27.391265999999998]"
,JWK,Jawaharpur Kamsan,,,Point,"[78.588278, 27.52481]"
,TMZJ,Tmzj,,,Point,"[87.933497, 22.246668]"
,HUN,Hunsenahalli,,,Point,"[77.94645, 13.399832]"
,DYW,Diyawan Halt,,,Point,"[85.2839236682, 25.3817289022]"
,GHB,Gahri Bhagi,,,Point,"[74.944234, 30.116782999999998]"
,JREA,Jhareda,,,Point,"[77.032106, 27.476347999999998]"
,JSL,JASSOWAL HALT,,,Point,"[75.831803, 30.799159]"
,KOWN,KHOWANG,,,Point,"[94.895843, 27.299563]"
,IDGH,INDARGARH,,,Point,"[77.73819999999999, 25.775115]"
,BROR,BERORE,,,Point,"[73.300793, 29.200034]"
,MWZ,MAHISHADAHARI,,,Point,"[87.649654, 23.916311]"
,CHAH,CHAILAHA HALT,,,Point,"[84.89464732670001, 26.6748122335]"
Maharashtra,LHD,LOHOGAD,SCR,"Akola, Maharashtra",Point,"[77.07850599999999, 20.467176]"
Jammu and Kashmir,GHGL,GHAGWAL,NR,"Vijaypur Jammu, Jammu and Kashmir",Point,"[75.213604, 32.504286]"
Madhya Pradesh,ADTL,ADHARTAL,WCR,"Jabalpur, Madhya Pradesh",Point,"[79.972274, 23.227389]"
,SISN,SISAUNA,,,Point,"[78.28054900000001, 29.216155]"
,JSI,JASALI,,,Point,"[71.914081, 24.169914000000002]"
,NWN,Nanwan,,,Point,"[76.014318, 28.371336999999997]"
,PRWA,PARWAKHURD HALT,,,Point,"[77.764414, 19.365201]"
,KWC,KUNDWA CHAINPUR,,,Point,"[85.183119, 26.771884]"
Bihar,KSMB,KASTLA KASMABAD,ECR,"Kastla Kasmabad, Bihar",Point,"[85.79836399999999, 25.114943999999998]"
,DKJR,DHEKIAJILI ROAD,,,Point,"[92.452548, 26.809213999999997]"
,AADR,Amb Andora,,,Point,"[76.110391, 31.670727]"
Uttar Pradesh,BHHZ,BEHTA HAZIPUR HALT,NR,"Behta Hazipur, Uttar Pradesh",Point,"[77.304041, 28.719730000000002]"
Karnataka,BYNR,MOOKAMBIKA ROAD,KR,"Baindur, Karnataka",Point,"[74.63279, 13.87259]"
Uttar Pradesh,KWH,KACHHWA ROAD,NER,"Kachhwa, Uttar Pradesh",Point,"[82.706617, 25.250465000000002]"
,IBH4,IBH4,,,Point,"[82.431192, 22.029943999999997]"
,IBH5,IBH5,,,Point,"[82.620084, 22.019762]"
,IBH6,IBH6,,,Point,"[82.73791700000001, 22.021243000000002]"
,IBH3,IBH3,,,Point,"[82.892472, 22.016209999999997]"
,BRMO,BERMO,ECR,,Point,"[85.955893, 23.772498]"
,IBH1,IBH1,,,Point,"[83.625911, 21.861847]"
,IBH2,IBH2,,,Point,"[83.794136, 21.87477]"
,IBHG,Ibhg,,,Point,"[81.98842900000001, 21.775184]"
,NGHW,Nageshwadi Halt,,,Point,"[76.91610235659999, 18.4615191344]"
,SISM,Singuli Shyam,,,Point,"[75.00444200000001, 25.186362]"
,SSGR,Sisai Gulabrai,,,Point,"[83.776865, 26.282385]"
Rajasthan,MWR,Mahansar,NWR,"Ramgarh, Rajasthan",Point,"[75.031292, 28.199841000000003]"
,MGDR,Magardharra Ph,,,Point,"[80.12555929080001, 21.9661929569]"
,FGH,Fatehgarh Haryana,,,Point,"[76.243784, 28.647921]"
,DASF,Dhasa Jn,,,Point,"[71.517978, 21.782515]"
,KAMR,Khurrampur,,,Point,"[85.2213155725, 25.1687228764]"
Uttar Pradesh,SHTS,Sambhal Hatim Sarai,NR,"Chandausi, Uttar Pradesh",Point,"[78.568241, 28.596912]"
,BECN,Bikaner East,,,Point,"[73.368894, 27.972495]"
Tamil Nadu,PKM,Periyanaikanpalayam,SR,"Periyanaickenpalayam, Tamil Nadu",Point,"[76.948477, 11.144776]"
,IBHE,Ibhe,,,Point,"[81.815212, 21.600830000000002]"
,SRJK,Suraj Kunda,,,Point,"[81.20291900000001, 26.142698000000003]"
,IBHF,Ibhf,,,Point,"[81.89613299999999, 21.682533000000003]"
,IBHC,Ibhc,,,Point,"[81.741998, 21.38637]"
,PKRH,Parsa Kerwan Halt,,,Point,"[84.8273760669, 26.053610138099998]"
,TOR,Titur,,,Point,"[79.288957, 21.059452]"
,TOI,Tamkuhi Road,,,Point,"[84.228415, 26.721823999999998]"
,BFF,Barabhati,,,Point,"[80.06084100000001, 20.862984]"
,MROA,Mora,,,Point,"[77.612747, 27.516762]"
,SGDV,Soma Guddu,,,Point,"[76.633302, 14.288569]"
Madhya Pradesh,KWB,Kaniwara,SECR,"Kanhiwada, Madhya Pradesh",Point,"[79.73291400000001, 22.218261000000002]"
,DJHR,Deojhar,,,Point,"[85.47699312, 22.08071726]"
,DEPI,Deenapatti,,,Point,"[86.937159, 25.89498]"
,IBHA,Ibha,,,Point,"[81.384639, 21.206629]"
,DKJB,Dornakal Bye Pass,,,Point,"[80.157907, 17.429209999999998]"
,JUYA,Jodhpuriya,,,Point,"[74.81465299999999, 25.070196]"
,DUE,Dhuri Jn,,,Point,"[84.139379776, 26.8008621515]"
,BKRH,Brij Kishor Halt,,,Point,"[84.69461, 26.31374]"
Assam,SMGR,Samaguri,NFR,"Samaguri, Assam",Point,"[92.84983299999999, 26.416262999999997]"
Assam,BTDR,Batadrowa Road,NFR,"Mathaouri Rd, Assam",Point,"[92.538085, 26.466939]"
Gujarat,RTJ,Rantej,WR,"State Highway 19, Gujarat",Point,"[72.153828, 23.471537]"
,NRKG,NARKATIAGANJ JN,,,Point,"[84.46403500000001, 27.105025]"
West Bengal,KGLE,KHAGRAGHAT ROAD,ER,"Khagraghat, West Bengal",Point,"[88.22648099999999, 24.106842]"
,BDK,BEDAG,,,Point,"[74.756723, 16.823512]"
,PRK,PARKHAM,,,Point,"[77.711657, 27.299256]"
,DWL,DHUWALA,,,Point,"[74.5819742755, 25.487150094300002]"
,BYO,BAYALUVADDIGERI,,,Point,"[76.533248, 15.230476]"
,RJMA,RAJOMAJRA,,,Point,"[75.79810400000001, 30.375339]"
Maharashtra,LNT,LINGTI,?,"State Highway 234, Maharashtra",Point,"[78.901334, 19.86677]"
,BYE,BANSI BOHERA,,,Point,"[74.38867400000001, 24.363232999999997]"
,PPS,PIPILIYA ROAD,,,Point,"[70.67825500000001, 22.930873000000002]"
,SQZ,VANCHANGIRI,,,Point,"[79.6671534143, 17.9512834252]"
,KLMJ,Kalhe Majra,,,Point,"[76.21149321899999, 30.3358409881]"
,KMHT,KARMAHAT,,,Point,"[85.5410748871, 23.712696086799998]"
,KLMD,Kollumangudi,,,Point,"[79.65593299999999, 10.980702]"
,BDA,VADODARA C CABIN,,,Point,"[73.17783, 22.318357]"
,GAGA,Galgalia,,,Point,"[88.11348526, 26.52752005]"
,NAKD,NAIK DIH,,,Point,"[83.466008, 25.847026]"
,KSIH,Khodseoni,,,Point,"[80.1127146875, 21.1558479072]"
,POY,POLLACHI JN,,,Point,"[77.001342, 10.653079]"
,BRIH,Bairi Halt,,,Point,"[84.2113217236, 25.158611596700002]"
,SDLK,SUNDLAK,,,Point,"[76.455842, 25.121481000000003]"
Haryana,ISM,ISMAILA HARYANA,NR,"National Highway 10, Haryana",Point,"[76.74656300000001, 28.796977000000002]"
,PPK,Pachpokharia,,,Point,"[84.981145, 26.894084]"
,KYG,KIDIYANAGA,,,Point,"[70.768891, 23.47934]"
,VBU,VEMBUR,,,Point,"[78.0723825452, 10.5893388627]"
,NNM,Nannilam,,,Point,"[79.6509052, 10.8837044]"
,KYO,KHANDIKAR,,,Point,"[91.642769, 26.463321]"
,BATM,Batala Sugar Mills,,,Point,"[75.228493, 31.856906]"
,HIS,Hisua,,,Point,"[85.417826, 24.859600999999998]"
,LLD,Lalavadi,,,Point,"[78.189646, 21.930346999999998]"
,IDS,Ishardaspur,,,Point,"[81.253954, 25.947848999999998]"
,CGE,Charghat Pipari,,,Point,"[79.922584, 23.037538]"
,DLCB,Durg Link Cabin,,,Point,"[81.300896, 21.197156]"
,SRSO,Sarsoo,,,Point,"[85.35368317140001, 24.9197820804]"
,DGPI,Durgapuri,,,Point,"[76.809686, 25.865541]"
,IDT,Sidlaghatta,,,Point,"[77.86536472, 13.39218973]"
,BYQ,Bahai,,,Point,"[81.01527999999999, 26.122334]"
,SPBG,Sipra Bridge,,,Point,"[75.757499, 23.173483]"
,BWO,Buramara,,,Point,"[86.650295, 22.107567000000003]"
,PRNT,Periyanagathunai,,,Point,"[77.9110166815, 12.559346408400001]"
,IFFC,Iffco Cabin,,,Point,"[72.52010800000001, 23.212087]"
,TKG,Thakurganj,,,Point,"[88.129704, 26.426933]"
,MTRA,Matigara,,,Point,"[88.384065, 26.716817]"
Madhya Pradesh,BRKH,Bisapur Kalan Halt,SECR,"State Highway 19, Madhya Pradesh",Point,"[78.923701, 21.914681]"
,SUPR,Surajpur,,,Point,"[76.888897, 30.782451000000002]"
,HMB,Harebetta,,,Point,"[75.593582, 12.794145]"
,SSU,Sasa Musa,,,Point,"[84.357082, 26.527558]"
,BGDI,Bagadia Ph,,,Point,"[86.586249, 20.279033000000002]"
,POT,Pothia,,,Point,"[88.179429, 26.310567000000002]"
,POU,Padrauna,,,Point,"[83.982606, 26.897709199999998]"
Rajasthan,HAN,HINDAUN CITY,WCR,"Karauli, Rajasthan",Point,"[77.03168600000001, 26.756164000000002]"
Himachal Pradesh,MGRP,MEGH RAJ PURA,NR,"State Highway 22, Himachal Pradesh",Point,"[76.07141899999999, 32.079397]"
,GPSA,Ghatparsia Halt,,,Point,"[79.0528523303, 22.0597389624]"
Madhya Pradesh,GHAI,GHATIGAON,WCR,"Ghatigaon, Madhya Pradesh",Point,"[77.92678000000001, 26.054864000000002]"
,SBIC,SABARMATI BRIDGE,,,Point,"[72.58875599999999, 23.067094]"
,DSX,DESANG,,,Point,"[94.686324, 27.056054999999997]"
,SUC,Sunak,,,Point,"[73.209986, 23.604089]"
,CKKD,CHARKHERA KHURD,,,Point,"[76.642615, 21.938836]"
Kerala,AMPA,AMBALAPUZHA,SR,"ph 0477-2272620, Kerala",Point,"[76.363817, 9.386059]"
,SBID,SABARMATI D CABIN,,,Point,"[72.57027500000001, 23.101488]"
,SUI,Sui,,,Point,"[76.0614295142, 28.8992313011]"
,MHWL,MACHROWAR,,,Point,"[75.636644, 31.516333]"
,KTLN,KHAT LABANA,,,Point,"[73.8612473071, 30.0390118497]"
Rajasthan,SUJH,Sujangarh,NWR,"Sujangarh, Rajasthan",Point,"[74.463659, 27.708763]"
,NTDM,NITYANAND DHAM,,,Point,"[75.057507, 23.414967]"
Andhra Pradesh,TEK,Tekkali Halt,ECoR,"Tekkali, Andhra Pradesh",Point,"[84.231178, 18.605282]"
,SLBS,SALSALA BARI,,,Point,"[89.594991, 26.486646999999998]"
,BTDF,BOTAD JN,,,Point,"[71.6653966, 22.182670599999998]"
,SBIS,SABARMATI SOUTH,,,Point,"[72.56375499999999, 23.083452]"
,GJT,Gannaghatta,,,Point,"[78.146705, 13.244119000000001]"
,DQV,DAULA KOT BHAI,,,Point,"[74.703438, 30.206149]"
,LHK,LAIHRA KHANA,,,Point,"[75.1389845972, 30.2258549701]"
,DNU,Dalsanur,,,Point,"[78.171853, 13.274642]"
,GKHT,GRAM KHARIKA,,,Point,"[85.3879062933, 25.6720446969]"
Andhra Pradesh,RKO,RAMAKRISHNAPURAM GATE,SCR,"Secunderabad, Andhra Pradesh",Point,"[78.52847299999999, 17.476299]"
,MWG,Mindala,,,Point,"[79.71680900000001, 20.515625999999997]"
,DSAP,DELHI SHAHDARA A PANEL,,,Point,"[77.31954, 28.673349]"
,SNCA,SONACHARA,,,Point,"[91.143131, 25.984617]"
,RKL,Ramkola,,,Point,"[83.836714, 26.90674]"
,RKK,Ratangarh Kanakwal,,,Point,"[74.966758, 29.922760999999998]"
,DLGS,Duklangia,,,Point,"[94.273103, 26.692531]"
,KTLP,Katalpur Halt,,,Point,"[84.7728427332, 26.229288579]"
,SETB,Sessa,,,Point,"[94.85767, 27.32406]"
Bihar,AUI,Aurahi,ECR,"Purnia, Bihar",Point,"[87.135054, 25.823021]"
,AUN,Aurang Nagar,,,Point,"[75.974542, 29.043935]"
,BNLS,Bangi Nihal Singh,,,Point,"[74.95528499999999, 30.008326]"
Uttar Pradesh,HAR,Hamirpur Road,NCR,"Hamirpur, Uttar Pradesh",Point,"[80.190689, 26.016513]"
,WTP,Water Pipe,,,Point,"[73.290406, 19.009064]"
,SLHI,Shilhauri Halt,,,Point,"[84.8337491992, 25.9530212347]"
West Bengal,RTG,Rangtong,NFR,"Hill Cart Rd, West Bengal",Point,"[88.342388, 26.836122]"
,BLLT,Ballupete,,,Point,"[75.908903, 12.969667999999999]"
,RTU,Ratan Sarai,,,Point,"[84.573582, 26.373540000000002]"
Haryana,SDRA,Sudharana,NWR,"Sudharana, Haryana",Point,"[76.425807, 28.453681]"
Andhra Pradesh,BVRM,Bhimavaram Junction,SCR,"Bhimavaram, Andhra Pradesh",Point,"[81.538335, 16.543097]"
Orissa,NKW,Nilakantheswar,ECoR,"Orissa, Orissa",Point,"[85.798221, 21.426066]"
Madhya Pradesh,SKY,Shikara,SECR,"Shikara - Dhooma Rd, Madhya Pradesh",Point,"[79.858161, 22.798847000000002]"
,DJB,DIJAOBRA,,,Point,"[93.093936, 25.5507]"
Karnataka,BLR,BALGANUR,SWR,"Gadag, Karnataka",Point,"[75.60251865000001, 15.59262851]"
,MSHW,MUSHARWA HALT,,,Point,"[84.48696237120001, 27.0516270621]"
,CHIT,CHITHARI HALT,,,Point,"[79.89076200000001, 25.228309]"
,BRGP,BAJRANGPURA,,,Point,"[71.7400647568, 22.8387443721]"
Madhya Pradesh,BRGT,BHERAGHAT,WCR,"Bheraghat, Madhya Pradesh",Point,"[79.7978789, 23.1697663]"
,SWU,SANAURA,,,Point,"[75.64132599999999, 31.579622]"
Madhya Pradesh,MHDA,MAHDEIYA,ECR,"Singrauli, Madhya Pradesh",Point,"[82.588309, 24.210039]"
,BRGJ,BARGAON GUJAR,,,Point,"[76.3562287756, 21.7849180856]"
,DHWS,DHOSAWAS,,,Point,"[75.051031, 23.383691]"
,VDK,VADAKANNIKAPURM,,,Point,"[76.686919, 10.641667]"
,KHNR,KACHNARA,,,Point,"[75.101024, 23.808778]"
,MMDA,MUTHALAMADA,,,Point,"[76.77172300000001, 10.626386]"
,DV,DHUVA,,,Point,"[70.9335792004, 22.7223787434]"
,FRG,Faringapete Halt,,,Point,"[74.957082, 12.875341]"
,CASA,CHHANSARA,,,Point,"[71.276337, 23.767566]"
Gujarat,SNLR,SANTALPUR,WR,"Santalpur, Gujarat",Point,"[71.181545, 23.759161000000002]"
,SIA,SHIVLANKHA,,,Point,"[70.620232, 23.380465]"
,SNMR,Soniyana Mewar,,,Point,"[73.971244, 25.080389]"
,MSHM,MAHESANA,,,Point,"[72.38875601560001, 23.606146717799998]"
Uttar Pradesh,SWW,Shahanagar Timarua,NCR,"Shahnagar, Uttar Pradesh",Point,"[78.25971, 27.416456999999998]"
,NKV,NAKARDEI,,,Point,"[84.89193900000001, 26.948956]"
,MMDL,MOHINI MANDAL(H,,,Point,"[85.389062, 26.678676999999997]"
,GVR,GORESUAR,,,Point,"[91.72046680000001, 26.526055630000002]"
,SRRB,SHORANUR B CABIN,,,Point,"[76.271, 10.759868]"
,KBY,KHOIRABARI,,,Point,"[91.840413, 26.626143000000003]"
,PCAB,PCAB,,,Point,"[84.912165, 22.237662]"
,TNL,TANGLA,,,Point,"[91.912274, 26.658355]"
,SWT,Shivwala Tehu,,,Point,"[78.224585, 27.382935]"
,NGPB,Nagpur (Se),,,Point,"[79.088256, 21.145332]"
,PLHL,PALLAHALLI HALT,,,Point,"[76.6601677197, 12.4115632692]"
,NJPS,New Jalpaiguri,,,Point,"[88.442721, 26.682355]"
,BARS,Barsana,,,Point,"[77.15025299999999, 27.443262999999998]"
Madhya Pradesh,LKMN,Lokmanya Nagar,WR,"Indore, Madhya Pradesh",Point,"[75.847166, 22.691279]"
,MSHF,Mahesana,,,Point,"[72.38937, 23.603326]"
,TVTN,Thambawati Nagri,,,Point,"[74.68691899999999, 24.958315]"
,SPYA,Sipaya,,,Point,"[84.326498, 26.564981]"
,JUBS,Jubbasahani,,,Point,"[85.369793, 26.17489]"
,LSGS,Lavan Satyagraha Smarak P.H,,,Point,"[87.850571, 22.096296]"
,HPLB,Hatpuraini,,,Point,"[86.9845895752, 25.1553455368]"
West Bengal,CHT,Champahati,ER,"Baruipur-Champahati Rd, West Bengal",Point,"[88.493624, 22.402193]"
,MMDP,Mohamadpur,,,Point,"[85.41562499999999, 24.877385999999998]"
,NEHL,Nethranahalli H,,,Point,"[76.71037, 14.674986]"
,KBS,Kusmuda Block Station,,,Point,"[82.680149, 22.342991]"
,SVGL,Shrivagilu,,,Point,"[75.584174, 12.755498000000001]"
,GVP,Gate Vanampalli,,,Point,"[77.892616, 17.448472]"
,GOX,GOBINDPUR DUGLI,,,Point,"[83.791513, 26.085299]"
Madhya Pradesh,KAKN,Kaimarkalan,NCR,"Kaimarkalan, Madhya Pradesh",Point,"[77.22272699999999, 26.176561]"
,BLV,Bhelwa,,,Point,"[84.77836099999999, 26.994131]"
,BLF,Balajan,,,Point,"[89.887371, 26.09571]"
,APRD,Ashapurna Devi,,,Point,"[87.638201, 21.727401]"
,KNVH,Kanivehalli,,,Point,"[75.8986612061, 13.327121199099999]"
,SEPN,SEPON,,,Point,"[94.85643400000001, 27.117144]"
Madhya Pradesh,HBG,HOWBAGH JABALPUR,WCR,"Jabalpur, Madhya Pradesh",Point,"[79.932199, 23.156295999999998]"
,BHBT,BLOCK HUT BASANTPUR,,,Point,"[75.059067, 32.559965]"
,JMBL,JAMBHALI HALT,,,Point,"[77.59293500000001, 19.167016]"
,TNNH,TAPASWINARAYAN NAGAR HALT,,,Point,"[85.445955, 26.631615]"
,STDB,SITAFALMANDI B,,,Point,"[78.52024899999999, 17.428299000000003]"
,AYD,AYANDUR,,,Point,"[79.34081, 11.966731999999999]"
Madhya Pradesh,AJKI,AJITKHERI,WR,"Devas, Madhya Pradesh",Point,"[76.045323, 23.040004]"
,MSDG,MASOBA DONGARGAON,,,Point,"[75.136269, 17.265553999999998]"
,HXR,HANSAPORE,,,Point,"[72.925984, 20.906867]"
,MDUN,Madhura Nagar,,,Point,"[80.6476081836, 16.5253522399]"
,DDS,DUDH SAGAR,,,Point,"[74.306568, 15.31821]"
,KFN,KANOR,,,Point,"[74.266275, 24.459564]"
Tamil Nadu,CQS,CAPPER QUARRY,SR,"Cuddalore Township, Tamil Nadu",Point,"[79.75366600000001, 11.694558]"
Tamil Nadu,AYN,AIYANAPURAM,SR,"Chinnakankeyampatti, Tamil Nadu",Point,"[78.929033, 10.788547000000001]"
Rajasthan,FTH,FATUHI,NR,"National Highway 15, Rajasthan",Point,"[73.871319, 30.056984]"
,BDUA,BASUDEOPUR CHANDAIL HALT,,,Point,"[85.5426915326, 25.6487380699]"
,KLVR,Kolvihir,,,Point,"[77.854259, 21.26585]"
,HBQ,HUBLI EAST CAB,,,Point,"[75.155355, 15.348063]"
,MITA,MITHA,,,Point,"[71.672422, 24.082494]"
,BNWS,BHANWASA,,,Point,"[75.2170497089, 26.8333020399]"
,BUBR,BHUTAKIA BHIMSA,,,Point,"[70.908462, 23.533540000000002]"
Rajasthan,GEK,GEGAL AKHRI,NWR,"Kishangarh, Rajasthan",Point,"[74.775574, 26.540366000000002]"
Uttar Pradesh,SLWR,SILAWAR,NR,"State Highway 57, Uttar Pradesh",Point,"[77.345001, 29.505405]"
,LJKR,LAJKURA CABIN,,,Point,"[83.888267, 21.809025000000002]"
West Bengal,MDN,MIDNAPORE,SER,"Medinipur, West Bengal",Point,"[87.307379, 22.42498]"
West Bengal,MYX,METYAL SOHAR,SER,"West Bengal, West Bengal",Point,"[86.748784, 23.482582]"
,JGF,JOGIDIH,,,Point,"[83.052288244, 24.2769136737]"
Madhya Pradesh,PWK,PIPARIYA KALAN,WCR,"State Highway 11, Madhya Pradesh",Point,"[80.73642199999999, 23.859295]"
Himachal Pradesh,KMTI,Kumarhatti,NR,"Kumarhatti, Himachal Pradesh",Point,"[77.05598099999999, 30.889186]"
Delhi NCT,KRTN,KIRTI NAGAR,NR,"Kirti Nagar, Delhi NCT",Point,"[77.145074025, 28.6469294838]"
,TCH,Tiruchchuli,,,Point,"[78.19753187, 9.537360695]"
,ADRE,ADRA EAST CABIN,,,Point,"[86.69287100000001, 23.492772000000002]"
,KLSP,Kushal Pura,,,Point,"[75.764732, 28.484266]"
,TERH,Terha Halt,,,Point,"[84.8493670618, 25.995645525199997]"
Uttar Pradesh,LVR,Lokvidyapith Nagar,NER,"National Highway 29, Uttar Pradesh",Point,"[83.306841, 27.154414]"
,LVK,Lakkavarapukota,,,Point,"[83.14744900000001, 18.018465]"
,JGP,Jalalpur,,,Point,"[84.311942, 26.586308000000002]"
,BNWD,Bhandewadi Halt,,,Point,"[79.159229, 21.141189]"
,HEN,Heria Ph,,,Point,"[87.79556600000001, 21.974916]"
Madhya Pradesh,KDHI,Kaladehi,SECR,"National Highway 7, Madhya Pradesh",Point,"[79.83489, 22.879170000000002]"
,ICBN,Icbn,,,Point,"[83.156976, 25.296734999999998]"
,JBCN,Joda Block Cabin,,,Point,"[85.43383, 22.024168000000003]"
,PPTN,Piprithan,,,Point,"[88.124798, 26.484618]"
,SKLI,Sukli,,,Point,"[79.683653, 21.677859]"
,ANGM,Aungari Dham,,,Point,"[85.2261571069, 25.1913324416]"
West Bengal,KATI,Kanthi P Halt,?,"Kanthi, West Bengal",Point,"[87.734128, 21.788742999999997]"
Tamil Nadu,NTS,Nattrasankottai,SR,"Madurai - Thondi Rd, Tamil Nadu",Point,"[78.54142999999999, 9.880423]"
,KDHN,Kandharan Halt,,,Point,"[75.45245, 28.594924]"
,BWBN,Bewar Bhojan,,,Point,"[75.5683413623, 28.5476822027]"
,GNDM,Gunrajpur Dhama,,,Point,"[84.8211345959, 26.069449321900002]"
,KBKN,Khabra Kalan,,,Point,"[75.412296, 29.322476]"
,KRKM,Khara-Kameri,,,Point,"[73.929025, 25.427702]"
,JES,Jaitsar,,,Point,"[73.65228900000001, 29.342839]"
,GGG,Gangagarh Halt,,,Point,"[78.739109, 27.850344000000003]"
,MDLM,MUNDALARAM,,,Point,"[75.102087, 23.687953]"
Uttar Pradesh,KTDD,KATAIYA DANDI,NCR,"Kataiya, Uttar Pradesh",Point,"[81.3984808771, 25.149062471199997]"
,KNRI,KUNURI,,,Point,"[87.6115177704, 23.9163057543]"
,KHW,KHERODA,,,Point,"[74.06853600000001, 24.570580999999997]"
Rajasthan,AJIT,AJIT,NWR,"State Highway 68, Rajasthan",Point,"[72.67795462, 25.860076969999998]"
,BKAC,BARKAKANA AVOIDING CABIN,,,Point,"[85.46359199999999, 23.640520000000002]"
Himachal Pradesh,CMMG,CHAMUNDA MARG,NR,"Chamunda Marg, Himachal Pradesh",Point,"[76.421027, 32.110941000000004]"
,X108,Aman Lodge,,,Point,"[73.27608000000001, 18.997761]"
Himachal Pradesh,BLDL,BALLE-DA-PIR-LA,NR,"Balle da pir larath, Himachal Pradesh",Point,"[75.932732, 32.215731]"
West Bengal,GURN,Gurudas Nagar,ER,"Diamond Harbour Rd, West Bengal",Point,"[88.214928, 22.199323]"
Gujarat,SOA,SANOSRA,WR,"State Highway 25, Gujarat",Point,"[71.7894786566, 21.748110299]"
,BGRR,BAGARPUR HALT,,,Point,"[78.278043, 29.079065999999997]"
Punjab,FZR,FIROZPUR CANT,NR,"Firozpur, Punjab",Point,"[74.61843900000001, 30.942486]"
,LMGF,LUMDING JN,,,Point,"[93.17674000000001, 25.750176]"
,MDJN,Madar Jn,,,Point,"[74.686507, 26.464294]"
,TZH,TAKAZHI,,,Point,"[76.408316, 9.3702]"
Maharashtra,BVI,BORIVALI,WR,"Mumbai, Maharashtra",Point,"[72.85641199999999, 19.228739]"
,PNTR,PENNATHUR HALT,,,Point,"[79.1235368176, 12.849960168399999]"
,GM,GARMADI,,,Point,"[71.13394, 23.72788]"
Tamil Nadu,MBU,MELPATTAM BAKKAM,SR,"Pattampakkam, Tamil Nadu",Point,"[79.622949, 11.784898]"
,BANR,Bhaner,,,Point,"[72.9756196179, 22.879185725]"
Tamil Nadu,CUD,TIRUPPAPPULIYUR,SR,"Cuddalore, Tamil Nadu",Point,"[79.753441, 11.748845000000001]"
,KWBR,KATWAR BAZAAR,,,Point,"[82.448864, 25.562644]"
,NXH,NIDAGHATTA,,,Point,"[77.0880662097, 12.6253503]"
West Bengal,LCAE,LALBAGH COURT ROAD,ER,"Lalbagh Court Road, West Bengal",Point,"[88.246307, 24.173693]"
,DKGN,DEKARGAON,,,Point,"[92.763075, 26.681165999999997]"
,KBGB,Komagata Maru Budge Budge,,,Point,"[88.19442228000001, 22.49283248]"
Karnataka,BTJL,BHATKAL,KR,"Bhatkal, Karnataka",Point,"[74.5655589, 13.98866]"
West Bengal,BGRA,BAGHNAPARA,ER,"Kalna-Memari Rd, West Bengal",Point,"[88.329724, 23.242082]"
,MGTD,MEGHPUR TITODI,,,Point,"[69.451972, 22.138132]"
,LMGS,LUMDING SOUTH,,,Point,"[93.163576, 25.757118]"
,DMWP,Dmw Patiala Halt,,,Point,"[76.42154342159999, 30.361156358899997]"
,CSY,COSSYE,,,Point,"[87.2896485193, 22.4068330073]"
Uttar Pradesh,DDNA,Dudhaunda,NER,"Aunrihar, Uttar Pradesh",Point,"[83.084478, 25.573305]"
,MNGR,Mohan Nagar,,,Point,"[73.523178, 29.45876]"
,DALF,DALI GANJ,,,Point,"[80.927742, 26.875644]"
,KMPS,Kumara Patnam Bg Sdg,,,Point,"[75.780127, 14.527464]"
,MABG,MATANA BUZURG,,,Point,"[75.8671171741, 23.1138506265]"
Madhya Pradesh,IKD,Ikdori,NCR,"State Highway 2, Madhya Pradesh",Point,"[76.940934, 26.037543]"
Madhya Pradesh,BLDK,Balauda Takun,WR,"State Highway 27, Madhya Pradesh",Point,"[75.755456, 22.877384]"
,KRMP,Kumaripur Halt,,,Point,"[87.6057220984, 25.4375440848]"
,GSRM,Gauri Sriram,,,Point,"[84.1867607922, 26.7699800293]"
,BBRA,Bbra,,,Point,"[81.53283, 16.549141]"
,JNRD,Junagarh Road,,,Point,"[82.946083, 19.874057]"
West Bengal,KSBP,Keshabpur,SER,"Haldia Mechada via Tamluk, West Bengal",Point,"[87.948672, 22.221674]"
,BVZ,Naloi Barwa,,,Point,"[75.62385717000001, 28.96314483]"
,JNRI,Jalandari,,,Point,"[75.342247, 25.286385000000003]"
,TDPM,Todikkapulam Halt,SR,,Point,"[76.268569, 11.153243999999999]"
,KHR,Khairee Halt,,,Point,"[79.860374, 22.343556]"
Assam,LLBR,Lalabazar,?,"Kalachera Rd, Assam",Point,"[92.610161, 24.561850000000003]"
Andhra Pradesh,SSPD,Sadashivapet Road,SCR,"Sadashivapet, Andhra Pradesh",Point,"[77.8728203638, 17.4835646427]"
,CWDA,Chuhriwala Dhanna,,,Point,"[74.13556886469999, 30.212074913600002]"
,PADL,Padil,,,Point,"[74.894329, 12.874231]"
,JMKL,JAMUNIA KALAN,,,Point,"[74.8886623096, 24.413060577899998]"
,PJPI,PRAJAPATI HALT,,,Point,"[84.50216300000001, 26.815895]"
,KGIH,KALGURKI HALT,,,Point,"[75.775752, 16.585003999999998]"
,BDVR,Bodavara,,,Point,"[83.112494, 18.175095]"
,BEHT,BIHAT HALT,,,Point,"[86.0334555469, 25.4497699558]"
,KNKP,KONDIKOPPA,,,Point,"[75.469303, 15.431087999999999]"
,MRPM,MATHURAPUR MOR HALT,,,Point,"[78.4222417542, 29.6609552552]"
,CCBG,Chicholi Buzurg,,,Point,"[79.912753, 20.613113]"
,SHHT,SINGHAUL HALT,,,Point,"[86.0966802881, 25.4350086438]"
,SDPT,SEDARAMPATTU,,,Point,"[79.202726, 12.672036]"
,ADX,ADAPUR,,,Point,"[84.941759, 26.924721]"
,BKTB,BINDUKURI,,,Point,"[92.734685, 26.709021999999997]"
,KDBR,KHADKI BAZAR,,,Point,"[77.832038, 19.406761]"
,DHWN,Dhaniyawan,,,Point,"[85.2874685571, 25.421986000100002]"
,STNR,Sitalnagar,,,Point,"[74.245042, 28.04419]"
,GMK,GULMA KHOLA,,,Point,"[88.43738, 26.83822]"
,NTWL,Netawal,,,Point,"[74.45849, 24.861017]"
,NKBR,Narkatia Bazar,,,Point,"[84.38246, 26.488339]"
,BRL,BARWALA ROAD,,,Point,"[70.714894, 22.902131]"
,NPTY,NIMPURA THROUGH YARD,,,Point,"[87.26505300000001, 22.325255000000002]"
,GMX,GURMURA,,,Point,"[83.0477742334, 24.3548979309]"
,THSA,THANISANDRA,,,Point,"[77.6355093567, 13.0578558367]"
,GOG,GHORGHAT,,,Point,"[86.58456, 25.27073]"
,KNKD,Kankanadi,,,Point,"[74.88113670000001, 12.866703]"
Nagaland,RXR,RANGAPAHAR,NFR,"Bridge, Nagaland",Point,"[93.707766, 25.854971000000003]"
,OBAC,OBRA-A-CABIN,,,Point,"[82.988313, 24.446331]"
Gujarat,RDHP,RADHANPUR,WR,"Patan, Gujarat",Point,"[71.58559399999999, 23.84693]"
,STNC,Sitarampur Link Cabin,,,Point,"[86.885648, 23.745854]"
,MSBR,MUSAHIBPUR,,,Point,"[75.60945677000001, 31.9834478985]"
,BSPD,BIASPIND,,,Point,"[75.632658, 31.459179]"
,CHAF,Chaf Halt,,,Point,"[84.0939686646, 26.8285100187]"
,DBK,Darbari,,,Point,"[73.10053242309999, 27.9655265319]"
,IBHH,Ibhh,,,Point,"[82.057491, 21.846442]"
,JDNM,JAGUDAN,,,Point,"[72.401679, 23.521871]"
,IBHD,Ibhd,,,Point,"[81.763465, 21.443752]"
West Bengal,DBT,Dakshin Barasat,ER,"Barasat, West Bengal",Point,"[88.45228599999999, 22.226102]"
,JULF,Jhulasan,,,Point,"[72.471105, 23.326449]"
,BWIP,Bhawanipatna,,,Point,"[83.15839799999999, 19.93393]"
,KJR,Kalajhari,,,Point,"[85.838015, 20.369711]"
,JDNF,Jagudan,,,Point,"[72.401879, 23.522071]"
,BEHJ,Behj,,,Point,"[77.396587, 27.481951]"
,GRCP,G. Ramchandrapur,,,Point,"[83.33018200000001, 19.990686]"
,GLKN,Gugalwa Kirtan,,,Point,"[75.576076, 28.545807]"
,KCLA,Kenchanalu Halt,,,Point,"[75.28544676759999, 14.017783668700002]"
,TNPR,Tejnarayanpur,,,Point,"[87.71098052250001, 25.339562331299998]"
Gujarat,TORA,Torniya,WR,"Torniya, Gujarat",Point,"[70.497006, 21.450802]"
Maharashtra,BRVR,Borvihir,CR,"Dhule, Maharashtra",Point,"[74.8417412, 20.7843263]"
Madhya Pradesh,TPNI,Tuiya Pani,SECR,"Pindrai, Madhya Pradesh",Point,"[80.010141, 22.560295999999997]"
,VRK,Virkudi,,,Point,"[79.648304, 10.817963]"
,BHRH,Bhuyar Halt,,,Point,"[79.579542, 20.712948]"
,MTBG,Matia Barghat Halt,,,Point,"[83.75710400000001, 26.941536]"
,SMPC,Shambhupura C Cabin,,,Point,"[74.63844900000001, 24.792781]"
Andhra Pradesh,GHPU,Gandhipuram Halt,SCR,"Gandhi Nagar, Andhra Pradesh",Point,"[80.31352000000001, 17.495052]"
,STLB,Sitalpur Bengal,,,Point,"[87.672822, 21.774098]"
West Bengal,HPL,Haripal,ER,"State Highway 2, West Bengal",Point,"[88.11853982, 22.8311582]"
,WLGN,Walgaon,,,Point,"[77.71074, 21.020729000000003]"
,ADQ,Adhikari,,,Point,"[88.16988226000001, 26.57689211]"
,DKCH,DAKACHA,,,Point,"[75.951951, 22.859111000000002]"
,KNB,KANIYAMBADI,,,Point,"[79.12441763240001, 12.809316794699999]"
,NGON,NAUGAON,,,Point,"[78.12035800000001, 26.130622]"
,VLCA,VELLALCHERUVU H,,,Point,"[79.891216, 16.132576]"
Maharashtra,SEI,SHENDRI,CR,"State Highway 77, Maharashtra",Point,"[75.552627, 18.130093]"
,KHDH,Karahdih Halt,,,Point,"[85.432679, 25.068848]"
,GRMT,GUR MARKET,,,Point,"[74.264117, 16.701278000000002]"
,MTDI,MALTEKDI,,,Point,"[77.33435399999999, 19.1674]"
Madhya Pradesh,GPC,GHATPINDRAI,WCR,"Ghatpindra, Madhya Pradesh",Point,"[79.26630999999999, 22.952676]"
Uttar Pradesh,VPO,BHUPIA MAU,NR,"Dandupur, Uttar Pradesh",Point,"[81.970286, 25.875223000000002]"
,BNOD,Benoda,,,Point,"[78.180007, 21.449662999999997]"
Assam,LXA,LAKSWA,NFR,"Kukurachowa Gaon Rd, Assam",Point,"[94.8439823962, 27.004637018300002]"
,VPY,VYASARPADI,,,Point,"[80.256817, 13.108535]"
,SMRL,SAMRALA,,,Point,"[76.18245499999999, 30.824281]"
,ITMA,ITARSI MARSHALING YARD,,,Point,"[77.75944219360001, 22.6063459486]"
,CHUA,Chourai,,,Point,"[79.246686, 22.057632]"
,SCV,Sukhchain,,,Point,"[74.99009799999999, 29.767847]"
,KUCH,KUCHAVARAM HALT,,,Point,"[78.4572240295, 17.732096310200003]"
,JUNX,JUNONA HALT,,,Point,"[77.1618431097, 19.476361933099998]"
,PBQ,Pathardih Bazar,,,Point,"[86.431257, 23.682542]"
Maharashtra,KLV,KELVA ROAD,WR,"Thane, Maharashtra",Point,"[72.79082100000001, 19.624601000000002]"
Madhya Pradesh,KNC,KANCHANPUR ROAD,WCR,"Jabalpur, Madhya Pradesh",Point,"[81.660307, 24.065548000000003]"
,LCNC,LUCKNOW CITY,,,Point,"[80.91798399999999, 26.859254]"
,CLDB,CHANDLODIYA (B),,,Point,"[72.543267, 23.094443000000002]"
,JRWN,Jirwan,,,Point,"[76.501037, 21.681178]"
,GNST,GANDHI SMRITI,,,Point,"[72.921021, 20.920848]"
,KHDB,KHODIYAR,,,Point,"[72.54803399999999, 23.156344]"
,WAT,WALTAIR,,,Point,"[83.29008089999999, 17.7223773]"
,AMGA,AMJONGA,,,Point,"[90.8529670435, 25.9816211386]"
,JITE,JITE,,,Point,"[73.119827, 18.842284]"
,PUWA,Pauwara Halt,,,Point,"[81.332987, 21.098924]"
,TPV,Tinpheria,,,Point,"[84.292251, 26.618891]"
,MADP,MADHAPUR ROAD,,,Point,"[69.716415, 23.242661000000002]"
,EC28,PURA HALT,,,Point,"[85.23955500000001, 24.815024]"
Madhya Pradesh,HRG,Hirdagarh,CR,"Dongar Parasia, Madhya Pradesh",Point,"[78.517436, 22.142795]"
,MADM,Matradham Halt,,,Point,"[79.45140099999999, 22.048253]"
Madhya Pradesh,SASR,Sausar,SECR,"Sausar, Madhya Pradesh",Point,"[78.80252499999999, 21.658885]"
,KUCE,Kuchai,,,Point,"[86.695652, 22.013657]"
West Bengal,GOF,Ghutiari Sharif,ER,"Ghutiari Shariff, West Bengal",Point,"[88.552115, 22.367665]"
,BJMA,Burj Mohar,,,Point,"[74.2058883679, 30.185034097]"
,BTSI,Batasi,,,Point,"[88.175047, 26.606703]"
,KNU,Kanjh,,,Point,"[72.1484284265, 23.2982849059]"
,UJJN,Ujjain Jn,,,Point,"[75.781443, 23.178193999999998]"
,NRF,Neralakatte Halt,,,Point,"[75.125978, 12.816740000000001]"
,SWMD,Sawai Madhopur D,,,Point,"[76.362376, 26.023661999999998]"
,BELT,Bela Halt,,,Point,"[86.99825916260001, 25.0382570525]"
,GZA,Gurujalas,,,Point,"[79.639066, 16.548406999999997]"
,BRRI,Birari,,,Point,"[78.50699749019999, 24.7313106127]"
,BRRZ,Barara Buzurg,,,Point,"[81.08413800000001, 26.052652]"
,BPGR,Benipurgram Halt,,,Point,"[85.481349, 26.317241]"
,SHWL,SAHUWALA,,,Point,"[73.812967, 29.355217]"
,PRSN,PARSA NAGAR,,,Point,"[84.68692399999999, 26.776378]"
Uttarakhand,ATMO,AITHAL,NR,"Haridwar, Uttarakhand",Point,"[78.0436230264, 29.8079295893]"
Maharashtra,AGDL,AGRAN DHULGAON,CR,"Jath Rd, Maharashtra",Point,"[74.924993, 16.966118]"
,GAHT,Ghusia Halt,,,Point,"[84.2479039038, 25.1919497817]"
,TRK,TIRUKOILUR,,,Point,"[79.22381373900001, 11.976052306]"
,SXA,SAGPHATA,,,Point,"[76.392141, 21.574033]"
,RSRI,RAISHREE,,,Point,"[77.591872, 25.362076000000002]"
Gujarat,JO,JO JAGABOR,NWR,"Jo Jagabor, Gujarat",Point,"[73.45304499999999, 23.739452999999997]"
,SXD,SIDULI,,,Point,"[87.21232632290001, 23.6493523213]"
Assam,MGE,MIGRENDISA,NFR,"Migrendisa, Assam",Point,"[93.06155700000001, 25.171242]"
,DHBI,DHABAULI HALT,,,Point,"[85.3421818591, 25.6820902631]"
,SXO,SRIKONA,,,Point,"[92.71007999999999, 24.837109]"
,VLNK,VELANKANNI,,,Point,"[79.846763, 10.687498999999999]"
,TBU,THARBAN,,,Point,"[77.671001, 19.268289]"
,DMBR,DUMRI BIHAR,ECR,,Point,"[85.766204, 23.807394000000002]"
West Bengal,AHN,AHIRAN,ER,"National Highway 34, West Bengal",Point,"[88.04112500000001, 24.517687000000002]"
Madhya Pradesh,SGAM,SAREIGRAM,WCR,"Sidhi, Madhya Pradesh",Point,"[82.205614, 24.039636]"
,RPWN,Rambhawan Halt,,,Point,"[85.239275033, 25.2547478737]"
,KZPE,KAZIPARA HALT,,,Point,"[88.188311, 23.909674000000003]"
,HTA,Hatighisa,,,Point,"[88.242284, 26.687630000000002]"
,NGV,NAGLAVI,,,Point,"[74.908742, 15.454853]"
West Bengal,MIAN,MIANGRAM,ER,"Bazarsau, West Bengal",Point,"[88.17146, 23.853212000000003]"
,CNY,KOLANALLI,,,Point,"[77.861414, 11.173276999999999]"
,KPM,KUMARAPURAM,,,Point,"[77.833638, 9.088507]"
,SGAC,SOGARIYA CABIN,,,Point,"[75.90022099999999, 25.230055]"
Tamil Nadu,PYV,PAZHAYA SEEVARAM,SR,"Palayasivaram, Tamil Nadu",Point,"[79.8777, 12.777131]"
,CNM,CHENGMARI,,,Point,"[89.004024, 26.863246999999998]"
,NGC,NEW GUWAHATI,,,Point,"[91.792236, 26.181703]"
Uttar Pradesh,AHQ,AHERA HALT,NR,"Tatiri, Uttar Pradesh",Point,"[77.27862400000001, 28.926420999999998]"
Andhra Pradesh,STVA,SATYAVADA,SCR,"Coastal Andhra Region, Andhra Pradesh",Point,"[81.66986, 16.799851999999998]"
,GIT,GHORPURI TRANSH,,,Point,"[73.8987694873, 18.5259235991]"
,TRJ,Tariasujan,,,Point,"[84.270833, 26.653609000000003]"
,ODC,Oddam Hatram,,,Point,"[77.7465317596, 10.4855987634]"
Uttar Pradesh,HDT,HARDATTPUR,NER,"National Highway 2, Uttar Pradesh",Point,"[82.9075993964, 25.276911474]"
West Bengal,RDP,Radhikapur,NFR,"State Highway 10A, West Bengal",Point,"[88.448153, 25.643573999999997]"
,NPH,Nurpura,,,Point,"[77.852085, 26.709463000000003]"
,NABN,Nagbhir Jn (Ng),,,Point,"[79.700558, 20.580232]"
,KRRH,Kharuara Halt,,,Point,"[85.54376733149999, 25.4317780874]"
,DXU,Duhru,,,Point,"[80.176723, 26.083606]"
Chhattisgarh,GIZ,Gidam,ECoR,"National Highway 16, Chhattisgarh",Point,"[81.409001, 18.934852]"
Bihar,GIF,Gani Dham Halt,ER,"Gani Dham, Bihar",Point,"[86.9862695435, 25.1634535646]"
,MVKR,Mahawan Khor Halt,,,Point,"[83.2768154944, 26.975829172700003]"
,JTT,Jumapatti,,,Point,"[73.308384, 19.004154000000003]"
,JTN,Jotana,,,Point,"[72.29427, 23.459001999999998]"
West Bengal,MGT,Magra Hat,ER,"Magra Hat, West Bengal",Point,"[88.37271299999999, 22.242111]"
,MNX,Manganallur,,,Point,"[79.6498049, 11.024209599999999]"
,CTPR,Chinta Parru Ha,,,Point,"[81.70660500000001, 16.534799]"
West Bengal,KMZA,Kankra Mirzanagar,ER,"Mirzanagar, West Bengal",Point,"[88.721428, 22.658005]"
,KRGN,Kargaon Halt,,,Point,"[79.41345000000001, 20.801363000000002]"
,PUSA,Pusla,,,Point,"[78.354883, 21.493095999999998]"
,CMY,Chintamani,,,Point,"[78.05456539999999, 13.410991099999999]"
,SGYW,Singriawan,,,Point,"[85.28453529789999, 25.4095173407]"
,DZL,Dhana Ladanpur,,,Point,"[76.1667579382, 28.7502173348]"
,MAHD,Mohadi Praganel,,,Point,"[79.726457, 21.294083]"
,ANM,ANAIMALAI ROAD,,,Point,"[76.935071, 10.624894]"
,TNI,TANDARAI,,,Point,"[79.1470127649, 12.1180073562]"
,BGAR,BANGARI,,,Point,"[84.921285, 26.538089]"
Uttar Pradesh,TKRP,Tikauli Rawatpur,NR,"Tikauli Rawatpur Railway Station, Uttar Pradesh",Point,"[80.613163, 26.399047]"
,NVD,NAVALGUND RD,,,Point,"[75.354461, 15.434894]"
Uttar Pradesh,LUSA,LUSA,NCR,"State Highway 5, Uttar Pradesh",Point,"[82.843318, 24.876545999999998]"
Madhya Pradesh,CAER,CHHANERA,WCR,"Chhanera, Madhya Pradesh",Point,"[76.707775, 21.963965]"
Uttarakhand,KTW,KOTDWARA,NR,"Kotdwara, Uttarakhand",Point,"[78.52116372309999, 29.742927896]"
,BNGM,BANGURGRAM HALT,,,Point,"[74.34824731079999, 26.1401115488]"
,LAC,LACHHIPURA,,,Point,"[74.65329374689999, 26.3236717828]"
,BMHT,Baraw More,,,Point,"[84.06203632569999, 25.0437938949]"
Uttar Pradesh,RNRD,RANIPUR ROAD,NCR,"Mau Ranipur, Uttar Pradesh",Point,"[79.055869, 25.270917999999998]"
,SIRL,Shirala,,,Point,"[77.726017, 21.123835999999997]"
,TRSR,TARSAI,,,Point,"[69.84803099999999, 21.764673]"
,LAA,LAKHPAT,,,Point,"[71.028821, 23.597666]"
,GKX,Ghai Kalan,,,Point,"[75.10891500000001, 30.822828]"
,GKT,Gankhera Halt,,,Point,"[80.191891, 21.389118]"
Assam,BRNR,BARUANAGAR,NFR,"Moran to Naharkatiya Rd, Assam",Point,"[95.23363789119999, 27.143953401599997]"
,ANQ,AMNAPUR,,,Point,"[74.459554, 17.049464999999998]"
Tamil Nadu,NTT,NATHAPETTAI,SR,"Nathapettai - Kaliyanoor Rd, Tamil Nadu",Point,"[79.75614999999999, 12.824069]"
,NKU,NAKARDEI,,,Point,"[84.89166900000001, 26.948686]"
,RRNH,RAMRUPNAGAR,,,Point,"[85.162249, 26.790374]"
,PRWS,PATTABIRAM WEST,,,Point,"[80.051876, 13.120184]"
West Bengal,BAHW,Bahir Khanda,ER,"State Highway 2, West Bengal",Point,"[88.071068, 22.851949]"
,HHP,HARHAR FATEHPUR,,,Point,"[77.38734198969999, 29.5622491051]"
,SRKR,Salar Khurd,,,Point,"[84.273451449, 26.447388357799998]"
,UAR,UNAWA AITHOR,,,Point,"[72.38511899999999, 23.759404]"
Tamil Nadu,VRLR,VIRANI ALUR,SR,"Kanyakumari, Tamil Nadu",Point,"[77.3686992383, 8.1946448621]"
,HKNT,Hiwarkheda,,,Point,"[78.067716, 21.40605]"
,GZKA,Gzka,,,Point,"[76.655091, 27.607734]"
,VRLF,Veraval Mg,,,Point,"[70.370599, 20.913261]"
,MSWA,Masaniwala,,,Point,"[73.59038699999999, 29.399942999999997]"
Madhya Pradesh,KPDH,Kapurdha Halt,SECR,"SH 26, Madhya Pradesh",Point,"[79.304203, 22.053903000000002]"
,MKBH,Manwala Kot Bakhtu,,,Point,"[74.95205, 30.040498999999997]"
,GRKA,Gurha Kemla,,,Point,"[76.25524899999999, 28.313585999999997]"
West Bengal,GSGB,Gosaingram,ER,"Murshidabad District, West Bengal",Point,"[88.211777, 24.248003]"
,VZR,Bhanjpur,,,Point,"[86.73407, 21.95074]"
,TAKL,Takal,,,Point,"[76.542513, 21.649222]"
,NRSD,New Runnisaidpur Halt,,,Point,"[85.515932, 26.385382]"
Karnataka,CBP,Chik Ballapur,SWR,"Chik Ballapur, Karnataka",Point,"[77.7325398, 13.4313153]"
,PRUR,Prithwirajpur,,,Point,"[73.757001, 29.956914]"
,NKK,Narikkudi,,,Point,"[78.33712799999999, 9.607657999999999]"
,NKN,Nyoli Kalan,,,Point,"[75.633124, 29.189764]"
,PPDI,Pipradih,,,Point,"[86.9944876282, 24.9936652146]"
,BLHI,Bisalehalli,,,Point,"[75.9666857568, 13.4826117961]"
,DSHI,Doddasiddavanha,,,Point,"[76.48848000000001, 14.209931]"
,BJKN,Bajekan,,,Point,"[75.099097, 29.524297999999998]"
,DTT,Doddanatta Halt,,,Point,"[78.13389600000001, 13.374454]"
Tripura,CBZ,Churaibari,NFR,"Churaibari, Tripura",Point,"[92.24124800000001, 24.433621]"
,MVA,Malaka Vemala,,,Point,"[78.053936, 14.268888]"
Rajasthan,BIML,Bhimal,NWR,"Rajsamand, Rajasthan",Point,"[73.92244020000001, 24.7524306]"
,MZB,Mahuli Halt,,,Point,"[79.315031, 21.033307999999998]"
,WOC,Warud Orange City,,,Point,"[78.276164, 21.458720999999997]"
,SANH,SANHA HALT,,,Point,"[86.3684319092, 25.4274073054]"
,IFCO,IFFCO CABIN,,,Point,"[72.535718, 23.179203]"
Himachal Pradesh,KGRA,KANGRA,NR,"Kangra, Himachal Pradesh",Point,"[76.26256500000001, 32.085157]"
,MJKN,MAJRI KHADAN,,,Point,"[79.01907800000001, 20.109731]"
,PMD,PAMIDI,,,Point,"[77.5990446368, 14.980726541100001]"
Uttarakhand,PRM,PIRUMADARA,NER,"Nainital District, Uttarakhand",Point,"[79.045744, 29.327364]"
Tamil Nadu,SKK,SIKKAL,SR,"Sikkal, Tamil Nadu",Point,"[79.790691, 10.753121]"
,RSC,RAMGANGA SOUTH,,,Point,"[79.369788, 28.295969]"
Maharashtra,PLG,PALGHAR,WR,"Palghar, Maharashtra",Point,"[72.77248, 19.698038]"
,PPLC,PIMPLA CHAURE HALT,,,Point,"[77.13253484500001, 19.286454997699998]"
,KLNT,KALINAGAR,,,Point,"[88.335819, 23.365861]"
Uttar Pradesh,ARJ,AUNRIHAR JN,NER,"Ghazipur, Uttar Pradesh",Point,"[83.18727200000001, 25.54466]"
,TNDN,THANDONI,,,Point,"[78.108515, 10.93648]"
Rajasthan,MBT,MARWAR BIRTHI,NWR,"National Highway 15, Rajasthan",Point,"[72.290171, 27.099589]"
,PLE,PIPLEE,,,Point,"[71.530851, 23.817141]"
,MTSK,MOTA SURKA,,,Point,"[71.924583, 21.724542]"
Tamil Nadu,NRK,NARAIKKINAR,SR,"Palayamkottai - Kolathur - Nagalapuram - Aruppukottai Rd, Tamil Nadu",Point,"[77.841953, 8.862518999999999]"
,GPW,GHAUNSPUR,,,Point,"[75.6375275745, 31.8706261437]"
Punjab,PTRL,PATHRALA,NWR,"National Highway 64, Punjab",Point,"[74.74395299999999, 30.006625]"
Jharkhand,PEH,Pathardih Junction,ECR,"Jairampur More to Baliapur, Jharkhand",Point,"[86.4345602, 23.675524600000003]"
,NIN,Nimkana,,,Point,"[86.376438, 20.295401]"
,NIT,Naikot,,,Point,"[83.396612, 27.361006]"
,KAMA,Kamta Halt,,,Point,"[85.27791552000001, 25.336743948]"
West Bengal,NDKR,Nandakumar P.H.,?,"Haldia Mechada via Tamluk, West Bengal",Point,"[87.927872196, 22.1909239649]"
,RNU,Ratnapur,,,Point,"[76.651361, 21.474117]"
Madhya Pradesh,BMZ,Bamour Gaon,NCR,"National Highway 3, Madhya Pradesh",Point,"[78.0778607251, 26.3484669242]"
Assam,BXG,Bhanga,NFR,"National Highway 44, Assam",Point,"[92.457351, 24.857347]"
,BORA,Bagdogra,,,Point,"[88.32445458000001, 26.697770440000003]"
,PTMS,Pattabiram Military,,,Point,"[80.05975199999999, 13.136714000000001]"
,LHNR,Lakshmanpur Halt,,,Point,"[82.3397643762, 27.5318304825]"
,LHNA,Lohanda,,,Point,"[85.27902379519999, 25.3541150645]"
,KLNC,Kullanchavadi,,,Point,"[79.667563, 11.628136]"
,PGDI,Pagidirai Halt,,,Point,"[77.60155400000001, 15.283]"
Uttar Pradesh,JPD,Jalalpur Dhai,?,"State Highway 38, Uttar Pradesh",Point,"[81.13597700000001, 26.021201]"
,BGV,Balegundi,,,Point,"[75.11856523189999, 14.150947457100001]"
,BGY,Bangriposi,,,Point,"[86.501362, 22.130678]"
,KMEZ,Kumar Maranga,,,Point,"[81.94987, 19.038845]"
,BLSR,Belasar,,,Point,"[73.653205, 27.995122]"
,SHYP,Sakarayapatna,,,Point,"[75.92847693120001, 13.430423881200001]"
Tripura,JWNR,Jawaharnagar,NFR,"National Highway 44, Tripura",Point,"[91.895623, 23.924910999999998]"
,RJLK,Rajalukah,,,Point,"[86.64224200000001, 22.125193]"
Rajasthan,MRWS,Marwar Ranawas,NWR,"State Highway 61, Rajasthan",Point,"[73.739883, 25.669354]"
Madhya Pradesh,NMH,NIMACH,WR,"MDR 11A, Madhya Pradesh",Point,"[74.853025, 24.459872999999998]"
Uttar Pradesh,SUIA,SURAINCHA,NER,"Suraincha, Uttar Pradesh",Point,"[80.830108, 27.33652]"
Tamil Nadu,SGM,SOLGAMPATTI,SR,"Thirunedukulam To Paper Mill Rd, Tamil Nadu",Point,"[78.858717, 10.785689]"
Uttar Pradesh,DN,DHANARI,NR,"State Highway 39, Uttar Pradesh",Point,"[78.50959573360001, 28.3284610746]"
Gujarat,JVN,JORAWARNAGAR JN,WR,"Surendra Nagar, Gujarat",Point,"[71.641594, 22.71246]"
West Bengal,UKLR,Ukilerhat Halt,ER,"National Highway 117, West Bengal",Point,"[88.230351, 21.824712]"
Tamil Nadu,KOQ,KUTHUR,SR,"Nagappattinam - Trichy - Karur- Coimbatore - Mettupalayam - Ooty - Gundlupet Road(Vandikara Street), Tamil Nadu",Point,"[79.718883, 10.755434000000001]"
Tamil Nadu,MAV,MARIAMMANKOVIL,SR,"Mariammankoil Railway Station Rd, Tamil Nadu",Point,"[79.198201, 10.773265]"
Karnataka,BLRR,Belandur Road,SWR,"Bengaluru, Karnataka",Point,"[77.706939, 12.936565]"
Uttar Pradesh,SRDW,SHRIMAD DWARAKAPURI,NCR,"Shrimad Dwarakapuri, Uttar Pradesh",Point,"[79.56963800000001, 27.364691]"
Madhya Pradesh,SKBR,SHANKARPUR BHADAURA,WCR,"Madhya Pradesh, Madhya Pradesh",Point,"[81.93144699999999, 24.083218]"
Madhya Pradesh,SCKR,SALICHAUKA ROAD,WCR,"Gadarwara, Madhya Pradesh",Point,"[78.67629099999999, 22.833649]"
Rajasthan,GGO,Goram Ghat,NWR,"Pali, Rajasthan",Point,"[73.849246, 25.635531]"
Delhi NCT,PTNR,PATEL NAGAR,NR,"Najafgarh Road Industrial Area, Delhi NCT",Point,"[77.15626035310001, 28.660009076599998]"
West Bengal,BGO,BOGRI ROAD,SER,"Bridge over Krishnanagore, West Bengal",Point,"[87.325732, 22.881747]"
West Bengal,BNKA,Bankim Nagar,ER,"State Highway 11, West Bengal",Point,"[88.59190873, 23.209058770000002]"
West Bengal,SSPH,Satish Samanta P.H.,?,"Mahishadal Geonkhali Rd, West Bengal",Point,"[87.987567, 22.194485]"
Uttar Pradesh,RGB,RAMGANGA,NR,"State Highway 33, Uttar Pradesh",Point,"[79.375029, 28.298118]"
Karnataka,JRU,CHIKJAJUR JN,SWR,"Chikkajajur, Karnataka",Point,"[76.138705, 14.126112]"
Tamil Nadu,PLI,PETTAIVAYATALAI,SR,"Pettavaithalai, Tamil Nadu",Point,"[78.495114, 10.898665999999999]"
Andhra Pradesh,AVLI,ARAVALLI,SCR,"West Godavari, Andhra Pradesh",Point,"[81.599095, 16.620491]"
,KHST,KASHANATTI,,,Point,"[74.8295941504, 15.4642781905]"
Karnataka,HVL,HONNAVALLI ROAD,SWR,"National Highway 206, Karnataka",Point,"[76.39004938960001, 13.2744988982]"
Karnataka,SSNH,SREE SARADANAGAR HALT,SWR,"Tiptur, Karnataka",Point,"[76.454627, 13.260739]"
Uttar Pradesh,CXA,Chandsara,NR,"Chandsara, Uttar Pradesh",Point,"[77.725745, 28.876213999999997]"
,BTIB,BHATINDA B CABIN,,,Point,"[74.940231, 30.150805]"
Uttar Pradesh,ANPR,Anpara,ECR,"Sonebhadra, Uttar Pradesh",Point,"[82.766166, 24.217385999999998]"
Gujarat,CTRD,Chitrawad,WR,"Chitravad And Borvav Railway Station, Gujarat",Point,"[70.557048, 21.101116]"
Andhra Pradesh,TNGM,TONDALAGOPAVARAM,SCR,"Tondalagopavaram Station, Andhra Pradesh",Point,"[80.43078299999999, 16.86827]"
,KHSN,KHERA SANDHAN HALT,,,Point,"[77.72704800000001, 27.240587]"
Punjab,RCF,KAPURTHALA RAIL COACH FACTORY,NR,"kapurthala, Punjab",Point,"[75.34282, 31.326976000000002]"
Madhya Pradesh,UKR,UDALKACHAR,SECR,"National Highway 78, Madhya Pradesh",Point,"[82.291923, 23.287243]"
,FAH,FATEHA HALT,,,Point,"[85.8714580536, 25.598419045]"
Rajasthan,BIWK,BISALWAS KALAN,WR,"MDR 11A, Rajasthan",Point,"[74.78308399999999, 24.500035299999997]"
Tamil Nadu,TDPR,TIRUPADRIPULYUR,SR,"Cuddalore, Tamil Nadu",Point,"[79.753349, 11.748883]"
Andhra Pradesh,GOPL,GUNDLA POCHAMPALLI,SCR,"Telangana Region, Andhra Pradesh",Point,"[78.48785099999999, 17.567577]"
,SNPH,SHANKAPUR HALT,,,Point,"[78.4021040503, 18.0661191061]"
Tamil Nadu,TMU,TIRUMANTHIKUNAM,SR,"Nagappattinam - Trichy - Karur- Coimbatore - Mettupalayam - Ooty - Gundlupet Road(Vandikara Street), Tamil Nadu",Point,"[79.534339, 10.767733999999999]"
,PURA,PURA HALT,,,Point,"[85.239725, 24.815193999999998]"
Bihar,TMA,Tamuria,ECR,"Bihar, Bihar",Point,"[86.352761, 26.245715]"
Andhra Pradesh,TMB,Temburu,ECoR,"Paralakhemundi, Andhra Pradesh",Point,"[84.12696299999999, 18.633565]"
,SKBN,SILAKHEDI,,,Point,"[76.057298, 23.093053]"
Tamil Nadu,SWI,SWAMIMALAI,SR,"Swamimalai, Tamil Nadu",Point,"[79.32878500000001, 10.942234]"
Madhya Pradesh,RCJ,RANYAL JASMIYA,WR,"Devas, Madhya Pradesh",Point,"[76.072554, 23.161929]"
Delhi NCT,VVB,VIVEKA VIHAR,NR,"Jhilmil Industrial Area, Delhi NCT",Point,"[77.31951000000001, 28.673319000000003]"
Madhya Pradesh,BARD,DUVRI KALAN,WCR,"State Highway 9, Madhya Pradesh",Point,"[81.507968, 23.994180999999998]"
Uttarakhand,GWS,GAUSHALA,NER,"National Highway 121, Uttarakhand",Point,"[79.009802, 29.298626000000002]"
Assam,NJN,NAOJAN,NFR,"local Rd, Assam",Point,"[93.846465, 26.13131]"
Andhra Pradesh,CCT,KAKINADA TOWN,SCR,"East Godavari, Andhra Pradesh",Point,"[82.2329218, 16.9670099]"
Andhra Pradesh,MVP,MOKHASA KALVPDI,SCR,"Putlacheruvu, Andhra Pradesh",Point,"[81.13029, 16.495533000000002]"
Assam,DBRT,DIBRUGARH TOWN,NFR,"Dibrugarh, Assam",Point,"[94.9019739417, 27.4781132774]"
Tamil Nadu,NJT,NAGERCOIL TOWN,SR,"Nagercoil, Tamil Nadu",Point,"[77.4194318207, 8.199571810899998]"
Tamil Nadu,MMH,MAHADANAPURAM,SR,"Nagappattinam - Gundlupet Road(Vandikara Street), Tamil Nadu",Point,"[78.299178, 10.953711]"
Rajasthan,HWT,HANWANT,NWR,"Basni, Rajasthan",Point,"[73.005205, 26.059514]"
Madhya Pradesh,GWO,Gwalior NG,NCR,"Gwalior, Madhya Pradesh",Point,"[78.182282, 26.216473]"
Punjab,KASH,Kulthamabdullashah Halt,NR,"Kulthamabdullashah, Punjab",Point,"[75.848386, 31.203335000000003]"
Rajasthan,BMSN,Bamsin,NWR,"SH 66, Rajasthan",Point,"[72.5442353925, 25.762982552100002]"
Bangladesh,DHCA,Dhaca Cantt.,?,"Dhaka, Bangladesh",Point,"[90.410617, 23.815527]"
,SAKD,Suprakandi,,,Point,"[92.37868, 24.788432999999998]"
,KRRI,Khairranji,,,Point,"[80.03937900000001, 22.419012000000002]"
Uttar Pradesh,RCP,Ramachandrapur,NR,"Lucknow Allahabad Rd, Uttar Pradesh",Point,"[81.267274, 25.996484000000002]"
Uttar Pradesh,GNTR,Gauntra Halt,NR,"Gauntra, Uttar Pradesh",Point,"[80.21785643429999, 27.134445803800002]"
,NAVI,Navi Amravati,,,Point,"[77.732428, 20.902137]"
Rajasthan,FAN,Fatehnagar,NWR,"Fatehnagar, Rajasthan",Point,"[74.09578200000001, 24.81828]"
Gujarat,CCP,Chhuchhapura Junction,WR,"SH 159, Gujarat",Point,"[73.594519, 22.214729000000002]"
,CIF,Chhapra Kacheri Jn.,,,Point,"[84.746619, 25.786151]"
,CCO,Chicholi,,,Point,"[79.702691, 21.458741]"
West Bengal,BHGH,Bhairgachhi,ER,"Ranaghat-Bagula Bypass, West Bengal",Point,"[88.634016, 23.274779]"
Madhya Pradesh,BHV,Bhoma,SECR,"State Highway 11A, Madhya Pradesh",Point,"[79.689457, 22.171372]"
Maharashtra,WDLN,WADWAL NAGNATH,SCR,"Wadwal Nagnath, Maharashtra",Point,"[76.80741, 18.538466]"
,BRHD,BABA RAGHUNI HALT DWARIKA,,,Point,"[86.5967982178, 25.7600467439]"
Andhra Pradesh,TKBN,TSAKIBANDA,SWR,"Rayalaseema Region, Andhra Pradesh",Point,"[77.178109, 15.163457000000001]"
Madhya Pradesh,KFY,KARAPGAON,WCR,"National Highway 26, Madhya Pradesh",Point,"[78.9845402875, 22.9155569073]"
Madhya Pradesh,SXF,SOBHAPUR,WCR,"State Highway 22, Madhya Pradesh",Point,"[78.29188099999999, 22.727429]"
Karnataka,BNK,BANASANKARAI HA,SWR,"National Highway 206, Karnataka",Point,"[76.5230602795, 13.2656079329]"
,BXHT,Boxirhat,,,Point,"[89.751593, 26.307287000000002]"
,MFH,MAHRAULI,,,Point,"[77.468815, 28.663865]"
,AKNR,ADHYATMIK NAGAR,,,Point,"[77.49972700000001, 28.679874]"
,DS,DASNA,,,Point,"[77.528116, 28.690718999999998]"
,PKW,PILKHUA,,,Point,"[77.668008, 28.712335]"
,KKMB,KASTLA KASAMBAD,,,Point,"[77.7102953784, 28.7210709953]"
,HPU,HAPUR,,,Point,"[77.77957599999999, 28.739613]"
,BBO,BABUGARH,,,Point,"[77.855523, 28.747393000000002]"
,QXR,KUCHESAR ROAD,,,Point,"[77.913232, 28.746651]"
,SKHR,SIKHERA MB HALT,,,Point,"[77.9499696448, 28.7567148575]"
,SMBL,SIMBHOOLI,,,Point,"[77.98347199999999, 28.765190999999998]"
,GMS,GARHMUKTESAR,,,Point,"[78.07350799999999, 28.781743]"
,GGB,GARHMUKTESAR BR,,,Point,"[78.1412204187, 28.761399945399997]"
,KHE,KANKATHER,,,Point,"[78.180192128, 28.8013612636]"
,GJL,GAJRAULA JN,,,Point,"[78.250784, 28.834937999999998]"
,MHHR,MAHESRA,,,Point,"[78.330321, 28.856392]"
,KFPR,KAFURPUR,,,Point,"[78.3593320288, 28.8654124385]"
,AMRO,AMROHA,,,Point,"[78.474329, 28.892688]"
,KIV,KAIALSA,,,Point,"[78.5605679086, 28.8802519228]"
,CKLT,CHAK KALI LAIT,,,Point,"[78.611771, 28.874271]"
,HKP,HAKIMPUR,,,Point,"[78.65886363950001, 28.8794821589]"
,LDP,LODIPUR BISHANPUR,,,Point,"[78.7090987616, 28.872301720499998]"
,LPB,LODIPUR BISHANP,,,Point,"[78.71802799999999, 28.869781]"
,BZR,BISRA,,,Point,"[84.998591, 22.248412000000002]"
,BUL,BHALULATA,,,Point,"[85.060382, 22.266491]"
,JRA,JARAIKELA,,,Point,"[85.113703, 22.309555999999997]"
,MOU,MANOHARPUR,,,Point,"[85.196894, 22.373359]"
,PST,POSOTIA,,,Point,"[85.254753, 22.447129]"
,DRWN,DEROWAN P. HALT,,,Point,"[85.29977799999999, 22.487947]"
,MXW,MAHADEV SAL,,,Point,"[85.328849, 22.510448]"
,GOL,GOILKERA,,,Point,"[85.37935200000001, 22.505290000000002]"
,TUX,TUNIA,,,Point,"[85.426059, 22.540308999999997]"
,SWR,SONUA,,,Point,"[85.464081, 22.576498]"
,LPH,LOTAPAHAR,,,Point,"[85.565671, 22.617663]"
,CKP,CHAKRADHARPUR,,,Point,"[85.62777100000001, 22.678979]"
,BRM,BARABAMBO,,,Point,"[85.72902995999999, 22.70169729]"
,RKSN,RAJKHARSAWAN JN,,,Point,"[85.811158, 22.733525]"
,MMV,MAHALI MARUP,,,Point,"[85.879316, 22.757135]"
,SINI,SINI JN,,,Point,"[85.94702600000001, 22.78946]"
,BRBS,BIRBANS,,,Point,"[86.01393866000001, 22.79397464]"
,WADI,WADI,,,Point,"[76.99154999999999, 17.054312]"
,MPK,CHENNAI PARK,,,Point,"[80.27285, 13.080627]"
,MSF,CHENNAI FORT,,,Point,"[80.28293599999999, 13.08354]"
,MSB,CHENNAI BEACH,,,Point,"[80.291601, 13.09034]"
,RPM,ROYAPURAM,,,Point,"[80.29315199999999, 13.103503]"
,WST,WASHERMANPET,,,Point,"[80.28302000000001, 13.1092227]"
,TIM,TIMMANACHERLA,,,Point,"[77.394077, 15.163466000000001]"
,NKDO,NAKKANADODDI,,,Point,"[77.47667899999999, 15.165309]"
,PLU,PATAKOTTACHERU,,,Point,"[77.521795, 15.172077]"
,GY,GOOTY JN,,,Point,"[77.625823, 15.149208]"
,GYJ,GOOTY JUNCTION CABIN,,,Point,"[77.650955, 15.140041]"
,JKO,JAKKALACHERUVU,,,Point,"[77.726953, 15.109121]"
,RLO,RAYALCHERUVU,,,Point,"[77.82103500000001, 15.055957000000001]"
,VML,VEMULAPADU,,,Point,"[77.85137900000001, 15.022098]"
,JUR,JUTTURU,,,Point,"[77.898103, 14.978847]"
,KMQA,KOMALI,,,Point,"[77.927597, 14.936387]"
,TU,TADIPATRI,,,Point,"[77.978985, 14.907558000000002]"
,CLPE,CHALLAVARIPALLI,,,Point,"[78.034438, 14.876728]"
,VRN,VANGANUR,,,Point,"[78.080906, 14.847442]"
,RLL,REGADIPALLI,,,Point,"[78.136002, 14.813572]"
,KDP,KONDAPURAM,,,Point,"[78.193462, 14.773549]"
,MUM,MANGAPATNAM,,,Point,"[78.2607534143, 14.7366964885]"
,CIN,CHINTAKUNTA,,,Point,"[78.3238797852, 14.7197004131]"
,MOO,MUDDANURU,,,Point,"[78.395393, 14.688415]"
,KMH,KALAMALIA,,,Point,"[78.470174, 14.667107]"
,YA,YERRAGUNTLA,,,Point,"[78.534003, 14.642328000000001]"
,YGD,YERRAGUDIPAD,,,Point,"[78.606374, 14.618673]"
,KKM,KAMALAPURAM,,,Point,"[78.666113, 14.591762]"
,GPY,GANGAYAPLLE,,,Point,"[78.71746345, 14.55411935]"
,KPU,KRISHNAPURAM,,,Point,"[78.776559, 14.493468]"
,HX,CUDDAPAH,,,Point,"[78.829184, 14.451690000000001]"
,KNLP,KANAMALO PALLE,,,Point,"[78.925335, 14.428768999999999]"
,BKPT,BHAKARAPET,,,Point,"[78.97007317, 14.4093627]"
,VNM,ONTIMITTA,,,Point,"[79.016272, 14.392459]"
,MMPL,MANTAPAMPALLE,,,Point,"[79.078603, 14.321639000000001]"
,NRE,NANDALUR,,,Point,"[79.105722, 14.264922]"
,HAQ,HASTAVARMU,,,Point,"[79.1216, 14.218403]"
,RJP,RAZAMPETA,,,Point,"[79.15274099999999, 14.184524999999999]"
,PMT,PULLAMPET,,,Point,"[79.205606, 14.120622000000001]"
,RPL,REDDIPALLE,,,Point,"[79.22553, 14.093157999999999]"
,OBVP,OBULAVARIPALLI,,,Point,"[79.268221, 14.04083]"
,ANE,ANANTARAJUPET,,,Point,"[79.30246799999999, 13.999592]"
,KOU,KODURU,,,Point,"[79.345687, 13.948578]"
,SF,SETTIGUNTA,,,Point,"[79.382302, 13.87431]"
,BLPE,BALAPALLE,,,Point,"[79.403557, 13.817150999999999]"
,MRM,MAMANDURU,,,Point,"[79.458115, 13.745895]"
,PUDI,PUDI,,,Point,"[79.510307, 13.532380999999999]"
,SVF,SRI VENKATAPERU,,,Point,"[79.514324, 13.511599]"
,TDK,TADUKU,,,Point,"[79.526498, 13.502044999999999]"
,PUT,PUTTUR,,,Point,"[79.552666, 13.439642]"
,VGA,VEPAGUNTA,,,Point,"[79.559433, 13.395013]"
,EKM,EKAMBARAKUPPAM,,,Point,"[79.573126, 13.318603999999999]"
,NG,NAGARI,,,Point,"[79.579647, 13.307882]"
,VKZ,VENKATA NARASIMHA RAJU VARI PETA,,,Point,"[79.58186500000001, 13.270775]"
,POI,PONPADI,,,Point,"[79.588814, 13.241368]"
,TRT,TIRUTTANI,,,Point,"[79.611386, 13.179217000000001]"
,ICP,ICHCHIPUTTUR,,,Point,"[79.638907, 13.132795]"
,AJJN,ARAKKONAM JN NORTH,,,Point,"[79.64842900000001, 13.086445000000001]"
,PDI,PALASDARI,,,Point,"[73.32055, 18.88409]"
,TKW,THAKURVADI,,,Point,"[73.353331, 18.852865]"
,NNCN,NAGNATH CABIN,,,Point,"[73.35913113400001, 18.854079332599998]"
,NAGC,NAGARGALI,,,Point,"[73.36014800000001, 18.815609]"
,MHLC,MONKEY HILL,,,Point,"[73.36374599999999, 18.769161]"
,KAD,KHANDALA,,,Point,"[73.377469, 18.755087]"
,LNL,LONAVALA,,,Point,"[73.407657, 18.748883]"
,MVL,MALAVLI,,,Point,"[73.48064000000001, 18.743833000000002]"
,KMST,KAMSHET,,,Point,"[73.552352, 18.766938]"
,KNHE,KANHE,,,Point,"[73.59401600000001, 18.762352]"
,VDN,VADGAON,,,Point,"[73.636925, 18.742927]"
,TGN,TALEGAON,,,Point,"[73.67201399999999, 18.734829]"
,GRWD,GHORAWADI,,,Point,"[73.69698199999999, 18.720585]"
,SLRW,SHELARWADI,,,Point,"[73.705901, 18.700940000000003]"
,BGWI,BEGDAEWADI,,,Point,"[73.708437, 18.700263]"
,BGW,BEGDEWADI,,,Point,"[73.70903919999999, 18.701176]"
,DEHR,DEHU ROAD,,,Point,"[73.734169, 18.680176]"
,AKRD,AKURDI,,,Point,"[73.76424399999999, 18.64812]"
,CCH,CHINCHVAD,,,Point,"[73.79139199999999, 18.638903]"
,PMP,PIMPRI,,,Point,"[73.801991, 18.622977]"
,KSWD,KASAR WADI,,,Point,"[73.8207010529, 18.607555174]"
,DAPD,DAPODI,,,Point,"[73.83279900000001, 18.58005]"
,KK,KHADKI,,,Point,"[73.840513, 18.563010000000002]"
,SVJR,SHIVAJINAGAR,,,Point,"[73.851147, 18.531738]"
,BRB,BORIBIAL,,,Point,"[74.6488080432, 18.4077648636]"
,MLM,MALTHAN,,,Point,"[74.7243673877, 18.3689511683]"
,BGVN,BHIGWAN,,,Point,"[74.77504200000001, 18.317256]"
,JNTR,JINTI ROAD,,,Point,"[74.87741682800001, 18.3249544651]"
,PRWD,PAREWADI,,,Point,"[74.952285, 18.289799000000002]"
,WSB,WASHIMBE,,,Point,"[75.003799, 18.284021]"
,PPJ,POPHLAJ,,,Point,"[75.117846, 18.292242]"
,JEUR,JEUR,,,Point,"[75.16247100000001, 18.260933]"
,BLNI,BHALWANI,,,Point,"[75.199289, 18.212962]"
,KEM,KEM,,,Point,"[75.2746262701, 18.177508793500003]"
,DHS,DHAVALAS,,,Point,"[75.3342619214, 18.1296817393]"
,KWV,KURDUVADI,,,Point,"[75.41711799999999, 18.091348]"
,WDS,WADSINGE,,,Point,"[75.4887746527, 18.066132304299998]"
,MA,MADHA,,,Point,"[75.546507, 18.029712]"
,WKA,VAKAV,,,Point,"[75.579724, 17.988187]"
,AAG,ANGAR,,,Point,"[75.599875, 17.954256]"
,MKPT,MALIKPETH,,,Point,"[75.608752, 17.899981999999998]"
,MO,MOHOL,,,Point,"[75.675995, 17.805205]"
,MVE,MUNDHEWADI,,,Point,"[75.7065479559, 17.7417646618]"
,PK,PAKNI,,,Point,"[75.7788740411, 17.7248659449]"
,BALE,BALE,,,Point,"[75.8450861792, 17.676185604199997]"
,SUR,SOLAPUR JN,,,Point,"[75.893401, 17.664496]"
,TKWD,TIKEKARWADI,,,Point,"[75.933458, 17.614967]"
,HG,HOTGI,,,Point,"[75.989943, 17.565668000000002]"
,TLT,TILATI,,,Point,"[76.069348, 17.503553]"
,AKOR,AKALKOT ROAD,,,Point,"[76.13768900000001, 17.450243]"
,NGS,NAGANSUR,,,Point,"[76.182913, 17.429086]"
,BOT,BOROTI,,,Point,"[76.2535626, 17.395018500000003]"
,DUD,DUDHANI,,,Point,"[76.37871, 17.362420999999998]"
,KUI,KULALI,,,Point,"[76.47059200000001, 17.357949]"
,GDGN,GAUDGAON,,,Point,"[76.530953, 17.335973000000003]"
,GUR,GANAGAPUR ROAD,,,Point,"[76.5903, 17.340443]"
,HHD,HUNSIHADGIL,,,Point,"[76.646807, 17.352906]"
,SVG,SAWALGI,,,Point,"[76.71113700000001, 17.339489999999998]"
,BBD,BABLAD,,,Point,"[76.779259, 17.337569]"
,GR,GULBARGA,,,Point,"[76.82443799999999, 17.314372]"
,HQR,HIRENANDURU,,,Point,"[76.872212, 17.258215]"
,MR,MARTUR,,,Point,"[76.902717, 17.199686]"
,SDB,SHAHABAD,,,Point,"[76.943513, 17.121662999999998]"
,MBQ,MUMBRA,,,Point,"[73.02326, 19.190223]"
,KLVA,KALVA,,,Point,"[72.997651, 19.196049]"
,CLA,KURLA JN,,,Point,"[72.879375, 19.065221]"
,SIN,MUMBAI SION,,,Point,"[72.864262, 19.047725]"
,MTN,MUMBAI MATUNGA,,,Point,"[72.84984200000001, 19.027347]"
,DR,MUMBAI DADAR CENTRAL,,,Point,"[72.842972, 19.017179]"
,VLDI,VITHALWADI,,,Point,"[73.149051, 19.229233999999998]"
,ULNR,ULHASNAGAR,,,Point,"[73.163466, 19.218215]"
,ABH,AMBARNATH,,,Point,"[73.184756, 19.210382000000003]"
,BUD,BADLAPUR,,,Point,"[73.2390496, 19.166388299999998]"
,VGI,VANGANI,,,Point,"[73.300967, 19.094299]"
,SHLU,SHELU,,,Point,"[73.317386, 19.062985]"
,NRL,NERAL,,,Point,"[73.318955, 19.027113]"
,BVS,BHIVPURI ROAD,,,Point,"[73.331324, 18.970654999999997]"
,KJT,KARJAT,,,Point,"[73.320691, 18.911157999999997]"
,BLYC,BLYC,,,,
,BWND,BWND,,,,
,MAG,MANGALAGIRI,,,Point,"[80.564992, 16.438256]"
,NBR,NAMBURU,,,Point,"[80.49582500000001, 16.358721]"
,PDKN,PEDAKAKANI HALT,,,Point,"[80.48615482999999, 16.34323912]"
,BDPL,BANDARUPALLE,,,Point,"[80.36280020000001, 16.3655265]"
,MDPD,MANDAPADU,,,Point,"[80.320507, 16.388651999999997]"
,SRPM,SIRIPURAM,,,Point,"[80.295123, 16.412602999999997]"
,LIN,LINGAMGUNTLA,,,Point,"[80.273943, 16.439709]"
,PKPU,PEDDAKURAPADU,,,Point,"[80.252989, 16.459296]"
,GPDE,GUDIPUDI,,,Point,"[80.205304, 16.433946000000002]"
,SAP,SATTENAPALLE,,,Point,"[80.152704, 16.405018]"
,DUP,DHULIPALLA HALT,,,Point,"[80.0878237878, 16.4244756015]"
,REM,REDDIGUDEM,,,Point,"[80.0508149304, 16.442327720599998]"
,BMKD,BELLAMKONDA,,,Point,"[80.006313, 16.46998]"
,ANPM,ANUPALEM,,,Point,"[79.962595, 16.469897]"
,STRM,SITARAMAPURAM,,,Point,"[79.9255021252, 16.4747594276]"
,PGRL,PIDUGURALLA,,,Point,"[79.876294, 16.477787000000003]"
,KPH,KAMEPALLI,,,Point,"[79.83223332029999, 16.5053044215]"
,TMLU,TUMMALACHERUVU,,,Point,"[79.80296299999999, 16.527651000000002]"
,NDKD,NADIKODE,,,Point,"[79.72356500000001, 16.590634]"
,PDGL,PONDUGULA,,,Point,"[79.65905031369999, 16.6762442519]"
,VJRD,VAJIRABAD,,,Point,"[79.6451940808, 16.686823777]"
,VNUP,VISHNUPURAM,,,Point,"[79.6387859326, 16.7045104904]"
,DMCA,DAMARACHERLA,,,Point,"[79.630821, 16.725861]"
,KDGL,KONDRAPOL,,,Point,"[79.6010754456, 16.785299045400002]"
,KDRL,KONDRAPOL,,,Point,"[79.600292, 16.784736]"
,MRGA,MIRYALAGUDA,,,Point,"[79.533503, 16.860392]"
,TPPI,TIPPARTHI,,,Point,"[79.42309800000001, 17.006536999999998]"
,NLDA,NALGONDA,,,Point,"[79.283436, 17.06118]"
,SRMR,SRIRAMPURAM,,,Point,"[79.212404903, 17.1172617982]"
,NKPL,NARKETPALLI,,,Point,"[79.179267, 17.199276]"
,CTYL,CHITYALA,,,Point,"[79.135713114, 17.221960824]"
,RMNP,RAMANNAPET,,,Point,"[79.087023, 17.282344000000002]"
,VLG,VANIGONDA,,,Point,"[79.008505, 17.366663]"
,MMPR,MAMDAPUR,,,Point,"[78.97793132449999, 17.3825749479]"
,NRDP,NAGIREDDIPALLI,,,Point,"[78.939987, 17.422255]"
,BMMP,BOMMAYAPALLI,,,Point,"[78.8612265723, 17.484445161900002]"
,YY-WADB,YY-WADB,,,,
,YY-MLYB,YY-MLYB,,,,
,KTCR,KOTHACHERUVU,,,Point,"[77.76013216189999, 14.185769735700001]"
,BSPL,BASAMPALLE,,,Point,"[77.74596344999999, 14.31123523]"
,SSPN,SATYA SAI P NILAYAM,,,Point,"[77.757559, 14.160468]"
,NRYP,NARAYANAPURAM,,,Point,"[77.696047, 14.128972000000001]"
,WDC,WDC,,,,
,SUH,SULEHALLI,,,Point,"[77.05225732059999, 17.0804109748]"
,AMLX,AMLX,,,,
,AQX,AQX,,,,
,HLTS,HALKATTA SHARIEF,,,Point,"[76.9925675, 17.017117292]"
,TAC,TATICHERLA,,,Point,"[77.59500059450001, 14.7483502106]"
,LPI,LINGAMPALLI,,,Point,"[78.31677400000001, 17.482874000000002]"
,KDT,KHADARPET,,,Point,"[77.5427697052, 14.9830781091]"
,VPL,VENKATAMPALLE,,,Point,"[77.44160447690001, 15.0448535871]"
,GPU,GULAPALYAMU,,,Point,"[77.39921, 15.087043]"
,CDNR,CHANDANAGAR,,,Point,"[78.333575, 17.487697]"
,HFZ,HAFIZPETA,,,Point,"[78.36265499999999, 17.482275]"
,HTCY,HITECH CITY,,,Point,"[78.38486099999999, 17.4694]"
,HNMN,HANUMAN STATION,,,Point,"[77.37687315369999, 15.1495189968]"
,LGD,LALLAGUDA,,,Point,"[78.525617, 17.441464]"
,MLY,MAULA ALI,,,Point,"[78.55054100000001, 17.44041]"
,BRBD,BORABANDA,,,Point,"[78.40786013, 17.45922612]"
,BTNR,BHARTNAGAR,,,Point,"[78.42819281999999, 17.46139991]"
,FNB,FATEHNAGAR,,,Point,"[78.4502575745, 17.4561957266]"
,NCHS,NATURE CURE HOSPITAL,,,Point,"[78.45289083, 17.44586316]"
,BMT,BEGAMPET,,,Point,"[78.4586266, 17.4388739]"
,SJVP,SANJEEVAIAH PARK,,,Point,"[78.475688, 17.435951]"
,JET,JAMES STREET,,,Point,"[78.486911, 17.433133]"
,SC,SECUNDERABAD JN,,,Point,"[78.50148100000001, 17.433146999999998]"
,NW,NALWAR,,,Point,"[77.019937, 16.936043]"
,SPHL,SHAMPURHALLI,,,Point,"[77.03309, 16.87535]"
,TGDE,THANGUNDI,,,Point,"[77.068276, 16.803814]"
,YG,YADGIR,,,Point,"[77.13036600000001, 16.744396]"
,LGRE,LINGIRI,,,Point,"[77.188998, 16.670289]"
,SADP,SAIDAPUR,,,Point,"[77.2497912268, 16.5700011556]"
,CGTA,CHEGUNTA,,,Point,"[77.30225045, 16.48536136]"
,KSN,KRISHNA,,,Point,"[77.328563, 16.409324]"
,YDLP,YADALAPUR,,,Point,"[77.326596, 16.384372]"
,CK,CHIKSUGAR,,,Point,"[77.343832, 16.336647]"
,YS,YERMARAS,,,Point,"[77.34747, 16.272482]"
,RC,RAICHUR,,,Point,"[77.339165, 16.192441000000002]"
,MRC,MARICHETHAL,,,Point,"[77.30931799999999, 16.111362]"
,MTU,MATMARI,,,Point,"[77.302973, 16.046723]"
,HPH,HANUMAPURA,,,Point,"[77.30620283569999, 15.9712913703]"
,MALM,MANTHRALAYAM RD,,,Point,"[77.299196, 15.949035]"
,EGU,IRANAGALLU,,,Point,"[77.26376539, 15.89181357]"
,KO,KOSGI,,,Point,"[77.23640800000001, 15.847871999999999]"
,KGL,KUPGAL,,,Point,"[77.219229, 15.726256]"
,ESV,ISIVI,,,Point,"[77.22981399999999, 15.65781]"
,AD,ADONI,,,Point,"[77.27485, 15.617035]"
,NRR,NAGARUR,,,Point,"[77.31318399999999, 15.542335]"
,ASP,ASPARI,,,Point,"[77.356253, 15.454804000000001]"
,MGV,MOLAGAVALLI,,,Point,"[77.371821, 15.357784]"
,NMLU,NEMAKALLU,,,Point,"[77.37277900000001, 15.297622]"
,NLA,NANCHERLA,,,Point,"[77.36883300000001, 15.256053]"
,GTL,GUNTAKAL JN,,,Point,"[77.36661099999999, 15.17556]"
,KLU,KALLURU,,,Point,"[77.581419, 14.924474]"
,GDE,GARLADINNE,,,Point,"[77.592146, 14.827323999999999]"
,HLKT,HALAKATTA,,,Point,"[76.99057254760001, 17.0207708951]"
,CT,CHITTAPUR,,,Point,"[77.09045160000001, 17.1197808]"
,MQR,MALKHAID ROAD,,,Point,"[77.17396099999999, 17.147112]"
,SEM,SERAM,,,Point,"[77.28353, 17.180683000000002]"
,KQT,KURGUNTA,,,Point,"[77.359574, 17.191165]"
,NAW,NAWANDGI,,,Point,"[77.427908244, 17.2170998262]"
,MVH,MANTATTI,,,Point,"[77.5094807208, 17.2276934669]"
,TDU,TANDUR,,,Point,"[77.585037, 17.25044]"
,RMY,RUKMAPUR,,,Point,"[77.67542399999999, 17.27365]"
,DRR,DHARUR,,,Point,"[77.75853000000001, 17.28952]"
,MWY,MAILARAM,,,Point,"[77.809709, 17.280412]"
,GDQ,GODAMGURA,,,Point,"[77.867119, 17.29025]"
,VKB,VIKARABAD JN,,,Point,"[77.90940900000001, 17.337132]"
,CTF,CHITGIDDA,,,Point,"[77.963909, 17.391231]"
,GGD,GULLAGUDA,,,Point,"[78.03277293640001, 17.4169638619]"
,RPK,RAVALPALLI KALA,,,Point,"[78.084165, 17.439968]"
,SKP,SHANKARPALLI,,,Point,"[78.131116, 17.450825]"
,NPL,NAGALAPALLE,,,Point,"[78.229966, 17.460567]"
,SNF,SANAT NAGAR,,,Point,"[78.4359471722, 17.4616070935]"
,JBR,JAHANGIRABAD ROAD,,,Point,"[81.2472830347, 26.973936860000002]"
,RFR,RAFINAGAR,,,Point,"[81.2820328021, 26.994136282600003]"
,BUR,BINDAURA,,,Point,"[81.3252031305, 27.0210232397]"
,STPD,SITAFAL MANDI,,,Point,"[78.520289, 17.428339]"
,ATC,ARTS COLLEGE,,,Point,"[78.51966499999999, 17.418129999999998]"
,JOO,KACHEGUDA JAMIA OSMANIA,,,Point,"[78.517784, 17.411068999999998]"
,VAR,VIDYANAGAR,,,Point,"[78.511657, 17.402485]"
,LGDH,LALAGUDA GATE,,,Point,"[78.52440299999999, 17.440355]"
,MJF,MALKAJGIRI,,,Point,"[78.529606, 17.448392000000002]"
,KDGH,KODIGEHALLI,,,Point,"[77.57597160489999, 13.063357741399999]"
,ATP,ANANTAPUR,,,Point,"[77.59531199999999, 14.686478]"
,PSPY,PRASANNAYA PALLI,,,Point,"[77.602106203, 14.6311777937]"
,ZPL,ZANGALAPALLE,,,Point,"[77.640854, 14.591854]"
,CCA,CHIGICHERLA,,,Point,"[77.68348800000001, 14.517474]"
,DMM,DHARMAVARAM JN,,,Point,"[77.717115, 14.424368999999999]"
,NGM,NAGASAMUDRAM,,,Point,"[77.64246703, 14.32166253]"
,MKJ,MAKKAJIPALLI,,,Point,"[77.62844748, 14.19611832]"
,PKD,PENUKONDA,,,Point,"[77.592521, 14.099641]"
,REPI,RANGEPALLI,,,Point,"[77.578036, 14.01783]"
,CPL,CHAKARLAPALLI,,,Point,"[77.583123, 13.99779]"
,MLU,MALUGUR,,,Point,"[77.531591, 13.866614]"
,HUP,HINDUPUR,,,Point,"[77.500362, 13.819144000000001]"
,DPE,DEVARAPALLE,,,Point,"[77.512236488, 13.723806590299999]"
,VWA,VIDURASWATTHA,,,Point,"[77.509785, 13.665712999999998]"
,GBD,GAURIBIDANUR,,,Point,"[77.512781, 13.613081000000001]"
,SMWA,SOMESHWARA,,,Point,"[77.513961, 13.55657]"
,TDV,THONDEBHAVI,,,Point,"[77.51457300000001, 13.503502999999998]"
,MKL,MAKLIDRUG,,,Point,"[77.50903739809999, 13.4095451686]"
,CHZ,CHARLAPALLI,,,Point,"[78.605619, 17.457672000000002]"
,GT,GHATKESAR,,,Point,"[78.678217, 17.453116]"
,BN,BIBINAGAR,,,Point,"[78.794355, 17.470511]"
,PGDP,PAGIDIPALLI,,,Point,"[78.820893, 17.484713000000003]"
,BG,BHONGIR,,,Point,"[78.89847, 17.524696]"
,RAG,RAIGIR,,,Point,"[78.94120199999999, 17.550881]"
,WP,WANGAPALLI,,,Point,"[78.983664, 17.580557000000002]"
,ALER,ALER,,,Point,"[79.04834140000001, 17.6459553]"
,PBP,PEMBARTI,,,Point,"[79.11616, 17.692296000000002]"
,ZN,JANGAON,,,Point,"[79.15473399999999, 17.725115]"
,YSPM,YASANTAPUR,,,Point,"[79.20499763309999, 17.736740181200002]"
,RGP,RAGHUNATHPALLI,,,Point,"[79.2553036017, 17.7564788113]"
,IPG,IPPUGUDA,,,Point,"[79.3267055493, 17.801311539300002]"
,GNP,GHANPUR,,,Point,"[79.3768995, 17.8506252]"
,NSKL,NASKHAL,,,Point,"[79.426237, 17.898101]"
,ORH,ODDARAHALLI,,,Point,"[77.541461, 13.345829]"
,DBU,DODBALLAPUR,,,Point,"[77.55016, 13.27894]"
,RNN,RAJANKUNTI,,,Point,"[77.564915, 13.174150999999998]"
,YNK,YELHANKA JN,,,Point,"[77.593069, 13.102795]"
,VAH,VAH,,,,
,BRGL,BURGULA HALT,,,Point,"[78.20522299999999, 16.993515]"
,HBLN,HBL NAGAR,,,Point,"[78.27355, 17.134017]"
,KOTT,KOTTUR,,,Point,"[78.28622100000001, 17.149739999999998]"
,NSVP,NPA SHIVARAMPALLI HALT,,,Point,"[78.4372038177, 17.3237142919]"
,YKA,YAKUTPURA KACHEGUDA,,,Point,"[78.49171100000001, 17.359554]"
,MLYG,MLYG,,,Point,"[78.53416999999999, 17.455347]"
,MLYC,MAULA ALI,,,Point,"[78.548135, 17.447219]"
,OPL,UPPAL,,,Point,"[79.48098, 18.183408]"
,JMKT,JAMIKUNTA,,,Point,"[79.476918, 18.290021]"
,BGSF,BISUGIRSHARIF,,,Point,"[79.483604, 18.348122]"
,PTKP,POTKAPALLI,,,Point,"[79.4644454974, 18.4290619835]"
,OEA,ODELA,,,Point,"[79.4497442804, 18.456554241099997]"
,KOLR,KOLNUR,,,Point,"[79.4199093701, 18.496319274500003]"
,KYOP,KOTTAPALLI,,,Point,"[79.40385903139999, 18.5402681328]"
,PDPL,PEDDAPALLI,,,Point,"[79.39208, 18.613795999999997]"
,RGPM,RAGHAVAPURAM,,,Point,"[79.411187, 18.681242]"
,RDM,RAMGUNDAM,,,Point,"[79.43509999999999, 18.763329]"
,PPZ,PEDDEMPET,,,Point,"[79.4268241321, 18.802669374]"
,MCI,MANCHIRYAL,,,Point,"[79.448848, 18.878745000000002]"
,RVKH,RAVINDRAKHANI,,,Point,"[79.461396, 18.936594000000003]"
,MMZ,MANDAMARI,,,Point,"[79.47014800000001, 18.971272]"
,BPA,BELAMPALLI,,,Point,"[79.4863374, 19.053689199999997]"
,RECH,RECHNI ROAD,,,Point,"[79.451894, 19.140541]"
,RLW,REPALLIWADA,,,Point,"[79.430139, 19.201953]"
,ASAF,ASIFABAD ROAD,,,Point,"[79.416719, 19.256682]"
,RLT,RALAPET,,,Point,"[79.437787, 19.322909]"
,SKZR,SIRPUR KAGAZNAGAR,,,Point,"[79.489201, 19.345659]"
,VEM,VEMPALLI,,,Point,"[79.53458400000001, 19.414389]"
,SRUR,SIRPUR TOWN,,,Point,"[79.560418, 19.479063]"
,MKDI,MAKUDI,,,Point,"[79.44826, 19.592555]"
,WIRR,WIRUR,,,Point,"[79.430571, 19.641288000000003]"
,VHGN,WIHIRGAON,,,Point,"[79.44081899999999, 19.725052]"
,MAGH,MANIKGARH,,,Point,"[79.398527, 19.787693]"
,BPQ,BALHARSHAH,,,Point,"[79.3485858, 19.8490173]"
,GNVR,GONDWANAVISAPUR,,,Point,"[79.3287230096, 19.8826389297]"
,VSP,WASANAPURA,,,Point,"[79.327833, 19.884978]"
,BUPH,BABUPETH,,,Point,"[79.313027, 19.923131]"
,CD,CHANDRAPUR,,,Point,"[79.300505, 19.960126000000002]"
,VVKN,VIVEKANANDA NAGAR,,,Point,"[79.259191, 19.997086]"
,CPW,CHOTIPADOLI,,,Point,"[79.253005, 20.000992]"
,TAE,TADALI,,,Point,"[79.187503, 20.034835]"
,BUX,BHANDAK,,,Point,"[79.112528, 20.084262]"
,MJRI,MAJRI JN,,,Point,"[79.043522, 20.139283]"
,WRR,WARORA,,,Point,"[79.00994399999999, 20.244263]"
,CKNI,CHIKNI ROAD,,,Point,"[78.95921700000001, 20.325826]"
,NGI,NAGARI,,,Point,"[78.889984, 20.406983]"
,YNA,YENOR,,,Point,"[78.837091, 20.508138]"
,HGT,HINGANGHAT,,,Point,"[78.83392500000001, 20.542631]"
,WG,WAGHOLI,,,Point,"[78.767038, 20.585085]"
,SNN,SONEGAON,,,Point,"[78.709706, 20.629319]"
,BPK,BHUGAON,,,Point,"[78.6700027, 20.6738192]"
,CHJC,CHITODA,,,Point,"[78.62974, 20.708474]"
,PQL,PINDLAI,,,Point,"[79.454715, 17.925189]"
,KZJ,KAZIPET JN,,,Point,"[79.511025, 17.974211]"
,NSZ,BHOPAL NISHATPURA,,,Point,"[77.41876900000001, 23.278225]"
,SUW,SUKHISEWANIYAN,,,Point,"[77.48596599999999, 23.34076]"
,BVB,BHADBHADAGHAT,,,Point,"[77.535282, 23.375165]"
,DWG,DEWANGANJ,,,Point,"[77.59286700000001, 23.429766]"
,SMT,SALAMATPUR,,,Point,"[77.67275, 23.461639]"
,SCI,SANCHI,,,Point,"[77.735783, 23.488096]"
,BTWN,BETWA CABIN,,,Point,"[77.787463, 23.509200999999997]"
,BHS,VIDISHA,,,Point,"[77.8148356, 23.5222886]"
,SORI,SORAI,,,Point,"[77.848219, 23.551699]"
,SUMR,SUMER,,,Point,"[77.879427, 23.624616]"
,GLG,GULABHGANJ,,,Point,"[77.912351, 23.684375]"
,PAI,PABAI,,,Point,"[77.931259, 23.767491]"
,BAQ,GANJ BASODA,,,Point,"[77.944826, 23.845347]"
,RKRI,RAO KHEDI,,,Point,"[77.981122, 23.885645]"
,RKDI,RAUKHERI,,,Point,"[77.981962, 23.886485]"
,BET,BARETH,,,Point,"[77.99967978000001, 23.91494729]"
,CLHT,CHULHETA,,,Point,"[78.018483, 23.945912]"
,KAH,KALHAR,,,Point,"[78.05717800000001, 23.978071]"
,MABA,MANDI BAMORA,,,Point,"[78.08243700000001, 24.054032]"
,KIKA,KURWAI KETHORA,,,Point,"[78.11497800000001, 24.117852]"
,MSV,MUSTARA,,,Point,"[78.63498, 25.496702]"
,GRM,GARHMAU,,,Point,"[78.687944, 25.506271]"
,PIC,PARICHA,,,Point,"[78.73773, 25.518402]"
,PTSC,PARICHAA THERMA,,,Point,"[78.753962, 25.525228]"
,CGN,CHIRGAON,,,Point,"[78.805761, 25.575053]"
,NDK,NANKHAS,,,Point,"[78.872336, 25.660949000000002]"
,MOTH,MOTH,,,Point,"[78.948673, 25.74157]"
,ERC,ERICH ROAD,,,Point,"[79.03502499999999, 25.820641]"
,PRN,PARAUNA,,,Point,"[79.1257213309, 25.8668027818]"
,AIT,AIT,,,Point,"[79.230436, 25.903719000000002]"
,BHUA,BHUA,,,Point,"[79.3510848193, 25.9455806635]"
,ORAI,ORAI,,,Point,"[79.459533963, 25.9825370076]"
,ATA,ATA,,,Point,"[79.5991430011, 26.0445422657]"
,URG,USARGAON,,,Point,"[79.680325, 26.080448999999998]"
,KPI,KALPI,,,Point,"[79.755607, 26.119339]"
,CNH,CHAUNRAH,,,Point,"[79.782159, 26.16506]"
,PHN,POKHRAYAN,,,Point,"[79.84088799999999, 26.222964]"
,MLS,MALASA,,,Point,"[79.907312, 26.28889]"
,LLR,LALPUR,,,Point,"[79.948516, 26.318818]"
,TLNH,TILAUNCHI,,,Point,"[80.02677233760001, 26.3381999708]"
,PMN,PAMAN,,,Point,"[80.08042, 26.359934]"
,RPGU,RASULPURGOGAMAU,,,Point,"[80.118434, 26.376288]"
,BNAR,BINAUR,,,Point,"[80.178721, 26.402727]"
,BZM,BHIMSEN,,,Point,"[80.21814499999999, 26.419754]"
,HLIN,HOLDING LINE,,,Point,"[80.26021300000001, 26.438271]"
,ASH,AISHBAGH,,,Point,"[80.90960679930001, 26.8373880081]"
,LC,LUCKNOW CITY,,,Point,"[80.917866, 26.859109]"
,DAL,DALIGANJ,,,Point,"[80.927482, 26.875384]"
,BNZ,BADSHAHNAGAR,,,Point,"[80.9613606, 26.8686134]"
,GTNR,GOMATI NAGAR,,,Point,"[81.003433, 26.860344]"
,RMBG,RAMGHAT HALT,,,Point,"[82.2144349255, 26.820567771]"
,KEA,KATRA,,,Point,"[82.204937, 26.842992]"
,NGB,NAWABGANJ GONDA,,,Point,"[81.977064, 27.153816]"
,TRE,TIKRI,,,Point,"[82.070639, 27.116135]"
,YPR,YESVANTPUR JN,,,Point,"[77.55117399999999, 13.022839000000001]"
,KJM,KRISHNARAJAPURAM,,,Point,"[77.674016, 13.000534]"
,SGWF,WHITE FIELD SATELLITE,,,Point,"[77.7614779608, 12.9960174083]"
,WFD,WHITEFIELD,,,Point,"[77.76130500000001, 12.995253]"
,DKN,DEVANGONTHI,,,Point,"[77.831087, 12.985647]"
,MLO,MALUR,,,Point,"[77.940033, 12.992108]"
,BFW,BYATRAYANHALLI,,,Point,"[77.98850762000001, 13.002039739999999]"
,TCL,TYAKAL,,,Point,"[78.070518, 12.984096000000001]"
,MZV,MARALAHALLI,,,Point,"[78.108853, 12.988346]"
,BWT,BANGARAPET,,,Point,"[78.178188, 12.984808]"
,LOGH,LOTTEGOLLAHALLI,,,Point,"[77.562257, 13.043169]"
,BYPL,BAIYYAPPANAHALI,,,Point,"[77.650886, 12.990198]"
,BYPY,BAIYYAPPANAHALLI YARD CABIN,,,Point,"[77.62557964230001, 13.0067311694]"
,BAND,BANASWADI,,,Point,"[77.628196, 13.00573]"
,HEB,HEBBAL,,,Point,"[77.58606, 13.042299]"
,VRDP,VARADAPUR,,,Point,"[78.1915680487, 12.9226601895]"
,KSM,KAMASAMUDRAM,,,Point,"[78.200119, 12.880706]"
,BSM,BISANATTAM,,,Point,"[78.25031624, 12.84262771]"
,GDP,GUDUPULLI,,,Point,"[78.27491, 12.803672]"
,KPN,KUPPAM,,,Point,"[78.339549, 12.746834]"
,MAR,MULANUR,,,Point,"[78.40638899999999, 12.661484999999999]"
,PU,PATCHUR,,,Point,"[78.4694944, 12.586657299999999]"
,SKPT,SOMANAYAKKANPTI,,,Point,"[78.54245200000001, 12.574922]"
,BUM,BOMMASAMUDRAM,,,Point,"[79.176067, 13.044566]"
,RAM,RAMAPURAM,,,Point,"[79.178793, 13.098011999999999]"
,PYX,PEYANAPALLI,,,Point,"[79.138282, 13.131636]"
,SIE,SIDDAMPALLI,,,Point,"[79.137135, 13.160644999999999]"
,CTO,CHITTOOR,,,Point,"[79.103252, 13.219857]"
,RVSN,RVS NAGAR,,,Point,"[79.11625703979999, 13.2783021967]"
,PTT,PUTALAPATTU,,,Point,"[79.098727, 13.373419]"
,PAK,PAKALA JN,,,Point,"[79.11408, 13.451133]"
,PAM,PANAPAKAM,,,Point,"[79.210821, 13.513241]"
,MNPT,MUNGILIPATTU,,,Point,"[79.2410982153, 13.5565460528]"
,KEN,KOTALA,,,Point,"[79.2872542792, 13.6063213389]"
,CGI,CHANDRAGIRI,,,Point,"[79.31221500000001, 13.61173]"
,TPW,TIRUPATI WEST HALT,,,Point,"[79.404624, 13.624534]"
,TPTY,TIRUPATI MAIN,,,Point,"[79.418968, 13.62763]"
,TCNR,TIRUCHANUR,,,Point,"[79.455703, 13.631300000000001]"
,RU,RENIGUNTA JN,,,Point,"[79.50628999999999, 13.636261]"
,YPD,YERPEDU,,,Point,"[79.578514, 13.689108000000001]"
,RCG,RACHAGUNNARI,,,Point,"[79.629853, 13.714631]"
,KHT,SRI KALAHASTI,,,Point,"[79.6830412451, 13.7463618318]"
,AKY,AKKURTI,,,Point,"[79.6686416895, 13.7828960127]"
,YLK,YELLAKARU,,,Point,"[79.65057200000001, 13.84646]"
,YAL,YATALURU,,,Point,"[79.626238, 13.893493999999999]"
,VKI,VENKATAGIRI,,,Point,"[79.60398699999999, 13.943864]"
,NDZ,NIDIGALLU,,,Point,"[79.660594, 13.988306000000001]"
,VDD,VENDODU,,,Point,"[79.72840000000001, 14.026947000000002]"
,KQA,KONDAGUNTA,,,Point,"[79.79392, 14.080027999999999]"
,LJN,LUCKNOW JN,,,Point,"[80.91858699999999, 26.831967000000002]"
,AGA,AGRA CITY,,,Point,"[78.0157752, 27.1945731]"
,RAWS,RAHATWAS,,,Point,"[77.8327, 24.522974]"
,BRNA,BERAWANYA,,,Point,"[75.33412200000001, 23.465605999999998]"
,KUH,KHACHROD,,,Point,"[75.286337, 23.442673]"
,RNH,RUNKHERA,,,Point,"[75.1888022272, 23.413846043299998]"
,BOD,BANGROD,,,Point,"[75.1241457, 23.3982156]"
,RTME,RATLAM EAST CABIN,,,Point,"[75.067019, 23.359789999999997]"
,RTLM,RATLAM JN,,,Point,"[75.050686, 23.340239999999998]"
,RTM,RATLAM JN,,,Point,"[75.050826, 23.34038]"
,RTD,RATLAM A CABIN,,,Point,"[75.042913, 23.335631]"
,DRRN,DR. R K NAGAR,,,Point,"[75.0060586914, 23.310222115]"
,MRN,MORWANI,,,Point,"[74.9779687335, 23.2764855209]"
,BILD,BILDI,,,Point,"[74.91853870000001, 23.2255232]"
,RTI,RAOTI,,,Point,"[74.87867399999999, 23.183572]"
,BOG,BHAIRONGARH,,,Point,"[74.7760641077, 23.1449211037]"
,BMI,BAMNIA,,,Point,"[74.7590158, 23.0957635]"
,AGR,AMARGARH,,,Point,"[74.747038, 23.080689]"
,PCN,PANCH PIPILA,,,Point,"[74.737549, 23.06329]"
,BJG,BAJRANGARH,,,Point,"[74.69499300000001, 23.042607]"
,THDR,THANDLA RD,,,Point,"[74.666939, 23.032708]"
,MGN,MEGHNAGAR,,,Point,"[74.539834, 22.907459]"
,NRH,NAHARGARH,,,Point,"[74.500786, 22.873881]"
,ANAS,ANAS,,,Point,"[74.421513, 22.866009]"
,BIO,BORDI,,,Point,"[74.3470986, 22.8664871]"
,DHMA,DHAMARDA,,,Point,"[74.297046, 22.846208]"
,DHD,DAHOD,,,Point,"[74.25337400000001, 22.843607000000002]"
,RET,RENTIA,,,Point,"[74.210847, 22.863268]"
,JKT,JEKOT,,,Point,"[74.15935400000001, 22.865616]"
,USRA,USRA,,,Point,"[74.102942, 22.842055]"
,MAM,MANGAL MAHUDI,,,Point,"[74.058492, 22.83578]"
,LMK,LIMKHEDA,,,Point,"[73.984515, 22.833894]"
,PPD,PIPLOD JN,,,Point,"[73.9091, 22.819148000000002]"
,SAT,SANT ROAD,,,Point,"[73.80040253419999, 22.7963945628]"
,CCL,CHANCHELAV,,,Point,"[73.71433934, 22.795825439999998]"
,KIZ,KANSUDHI,,,Point,"[73.64823, 22.789343]"
,GDA,GODHRA JN,,,Point,"[73.603672, 22.776974]"
,BINA,BINA JN,,,Point,"[78.1831998, 24.170973500000002]"
,GUNA,GUNA,,,Point,"[77.314104, 24.6405]"
,MUGA,MAHUGARHA,,,Point,"[77.24174229549999, 24.627745093]"
,RTA,RUTHIYAI,,,Point,"[77.175827, 24.531922]"
,VJP,VIJAY PUR,,,Point,"[77.1624114166, 24.493169148]"
,RGG,RADOGARH,,,Point,"[77.1547924854, 24.435611305000002]"
,KHRJ,KUMBHRAJ,,,Point,"[77.079574, 24.363097]"
,RMQ,RAMRI,,,Point,"[77.051454, 24.242752]"
,CBK,CHACHAURA BINAGANJ,,,Point,"[77.01660299999999, 24.178144]"
,PCF,PENCHI,,,Point,"[77.005837, 24.138711]"
,SFZ,SINDURIYA KACHARI,,,Point,"[76.9259037006, 24.0210993429]"
,BRRG,BIYAVRA RAJGARH,,,Point,"[76.907007, 23.93591]"
,KNRA,KACHNARIA,,,Point,"[76.878726, 23.883958]"
,KNWS,KARANWAS,,,Point,"[76.808926, 23.80408]"
,PFR,PACHOR ROAD,,,Point,"[76.741609, 23.729095]"
,UDK,UDYAN KHERI,,,Point,"[76.639447, 23.680052]"
,PQU,PARHANA MAU,,,Point,"[76.5556067877, 23.6266363986]"
,SFW,SARANGPUR,,,Point,"[76.4871872211, 23.5810641859]"
,SFF,SUNERA PIRKHERI,,,Point,"[76.36030299999999, 23.474148000000003]"
,SFY,SHAJAPUR,,,Point,"[76.297843, 23.425074]"
,CAZ,CHAUHANI,,,Point,"[76.264491, 23.332144]"
,SYO,SIROLIYA,,,Point,"[76.225424, 23.30556]"
,MDVK,MAHADEOKHEDI,,,Point,"[78.193689, 24.217392]"
,SRKI,SEMARKHERI,,,Point,"[78.177733, 24.288941]"
,KXB,KANJAI,,,Point,"[78.169132, 24.331047]"
,MNV,MUNGAOLI,,,Point,"[78.11099, 24.402175]"
,GVB,GUNERU BAMORI,,,Point,"[78.0625395081, 24.4617725676]"
,PIA,PIPRAIGAON,,,Point,"[77.964258, 24.503643]"
,RTWS,RAHATWAS,,,Point,"[77.83266, 24.522934000000003]"
,ORR,ORR,,,Point,"[77.799315, 24.530939]"
,HPKA,HINOTIA PIPALKHERA,,,Point,"[77.770415, 24.550797000000003]"
,ASKN,ASHOK NAGAR,,,Point,"[77.726725, 24.58015]"
,RIKA,RATIKHEDA,,,Point,"[77.656544, 24.59745]"
,SHDR,SHADHORAGAON,,,Point,"[77.584671, 24.633366]"
,PIGT,PILIGHAT,,,Point,"[77.49331000000001, 24.660758]"
,PGA,PAGARA,,,Point,"[77.44077, 24.65577]"
,MABN,MABAN,,,Point,"[77.371542, 24.641196]"
,IAA,INDARA JN,,,Point,"[83.61961099999999, 25.987832]"
,ML,MALHOUR,,,Point,"[81.0404752448, 26.8534491635]"
,JRR,JUGAUR,,,Point,"[81.08856127690001, 26.881922122]"
,SFH,SAFEDABAD,,,Point,"[81.1166012347, 26.8978573678]"
,BBK,BARABANKI JN,,,Point,"[81.18104, 26.935335]"
,MAU,MAU JN,,,Point,"[83.564347, 25.93948]"
,PLGH,PALIGARH,,,Point,"[83.50513000000001, 25.959544]"
,KRT,KHURAHAT,,,Point,"[83.455442, 25.984989000000002]"
,MMA,MUHAMMADABAD,,,Point,"[83.376007, 26.026235]"
,SAA,SATHIAON,,,Point,"[83.28731699999999, 26.034194]"
,SDHA,SIDHARI HALT,,,Point,"[83.18766740909999, 26.0377415583]"
,RES,RASULL,,,Point,"[81.2534495215, 26.9314225458]"
,AMH,AZAMGARH,,,Point,"[83.160614, 26.038607]"
,RKS,SARAI RANI,,,Point,"[83.12149199999999, 26.015838]"
,PHY,PHARIHA,,,Point,"[83.0299456195, 26.007478447900002]"
,SJER,SANJARPUR,,,Point,"[82.97217946560001, 26.0173317932]"
,SMZ,SARAI MIR,,,Point,"[82.9239538, 26.0281419]"
,KRND,KHORASON ROAD,,,Point,"[82.867173, 26.089745999999998]"
,SGJ,SAFDARGANJ,,,Point,"[81.36116, 26.914454]"
,DJD,DIDARGANJ ROAD,,,Point,"[82.805191, 26.092367]"
,KHJA,KHANJA HALT,,,Point,"[82.744969, 26.088482]"
,SYK,SAIDKHANPUR,,,Point,"[81.462176, 26.89846]"
,DYD,DARYABAD,,,Point,"[81.550114, 26.861303]"
,PTH,PATRANGA,,,Point,"[81.625869, 26.825007]"
,RZN,RAUZAGAON,,,Point,"[81.70800700000001, 26.785263999999998]"
,RDL,RUDAULI,,,Point,"[81.754202, 26.762188000000002]"
,GMU,GAURIYAMAU,,,Point,"[81.79366, 26.757029]"
,BNM,BARAGAON,,,Point,"[81.8470278857, 26.755374103399998]"
,DELO,DEORAKOT,,,Point,"[81.90635800000001, 26.754368]"
,SLW,SOHWAL,,,Point,"[81.983837, 26.753048]"
,SLRP,SALARPUR,,,Point,"[82.013173, 26.752552]"
,FD,FAIZABAD JN,,,Point,"[82.135574, 26.768996]"
,ACND,ACHARYA NARENDRA DEV NAGAR,,,Point,"[82.156997, 26.774576]"
,AY,AYODHYA,,,Point,"[82.200604, 26.787784]"
,DRG,DARSHANNAGAR,,,Point,"[82.2083842694, 26.7522286283]"
,BLG,BILHAR GHAT,,,Point,"[82.2689979, 26.6813068]"
,ULN,ULNA BHARI,,,Point,"[82.319243, 26.632175]"
,GGJ,GOSHAINGANJ,,,Point,"[82.384123, 26.569524]"
,KTHE,KATAHRI,,,Point,"[82.44776399999999, 26.4952]"
,ABP,AKBARPUR,,,Point,"[82.539073, 26.429818]"
,JFG,JAFARGANJ,,,Point,"[82.5823193939, 26.360277060599998]"
,MLPR,MALIPUR,,,Point,"[82.63130000000001, 26.281482]"
,TLGR,TULSI NAGAR,,,Point,"[82.651701, 26.215063]"
,BWI,BILWAI,,,Point,"[82.665181, 26.158966]"
,SHG,SHAHGANJ JN,,,Point,"[82.679662, 26.061399]"
,PEP,PHEPHNA JN,,,Point,"[84.05132499999999, 25.770309]"
,SVI,SAGARPALI,,,Point,"[84.098657, 25.758015]"
,HLP,HALDHARPUR,,,Point,"[83.67908, 25.963348]"
,RTP,RATANPURA,,,Point,"[83.744472, 25.921924]"
,RJMP,RAJMALPUR ROAD,,,Point,"[83.788671, 25.892921]"
,RSR,RASRA,,,Point,"[83.85785, 25.861714]"
,SNRA,SANWARA,,,Point,"[83.910076, 25.845461]"
,CHR,CHILKAHAR,,,Point,"[83.965313, 25.82699]"
,JGKS,JIGNI KHAS,,,Point,"[84.00627300000001, 25.802194]"
,BUI,BALLIA,,,Point,"[84.15311999999999, 25.76057]"
,BCD,BANSDIH ROAD,,,Point,"[84.215238, 25.8115832]"
,CATA,CHHATA ASCHAURA,,,Point,"[84.253936, 25.824617]"
,STW,SAHATWAR,,,Point,"[84.295491, 25.827831]"
,ROI,REOTI,,,Point,"[84.37469, 25.833886]"
,DCP,DAL CHAPRA,,,Point,"[84.432615, 25.82706]"
,SIP,SURAIMANPUR,,,Point,"[84.48002199999999, 25.80918]"
,BKLA,BAKULHA,,,Point,"[84.543411, 25.797877]"
,MHT,MANJHI,,,Point,"[84.58475899999999, 25.828485]"
,RVG,REVELGANJ GHAT HALT,,,Point,"[84.6394018433, 25.787071962800002]"
,GTST,GAUTAMSTHAN,,,Point,"[84.6634794519, 25.7868591282]"
,BJF,BIJNI,,,Point,"[90.70782700000001, 26.497967]"
,PTLD,PATILADAHA,,,Point,"[90.78453400000001, 26.504091000000003]"
,SBE,SORBHOG JN,,,Point,"[90.88828099999999, 26.494286000000002]"
,BPRD,BARPETA ROAD,,,Point,"[90.9639649, 26.5028473]"
,GSA,GUAGACHHA,,,Point,"[91.01633199999999, 26.501588]"
,SPQ,SORUPETA,,,Point,"[91.0760593414, 26.4996888512]"
,PBL,PATHSALA,,,Point,"[91.176255, 26.497475]"
,NSRH,NIZ-SARIHA HALT,,,Point,"[91.2211261203, 26.4860621389]"
,TIHU,TIHU,,,Point,"[91.267699, 26.471321]"
,KTCH,KAITHALKUCHI,,,Point,"[91.339022, 26.450315]"
,NLV,NALBARI,,,Point,"[91.440291, 26.450629]"
,GOE,GHOGRAPUR,,,Point,"[91.539986, 26.450741999999998]"
,RNY,RANGIYA JN,,,Point,"[91.605929, 26.447900999999998]"
,KDKN,KENDUKANA,,,Point,"[91.63681, 26.374067]"
,BIZ,BAIHATA,,,Point,"[91.684343, 26.343713]"
,CGS,CHANGSARI,,,Point,"[91.693023, 26.256204]"
,AGT,AGTHORI,,,Point,"[91.686006, 26.20089324]"
,KYQ,KAMAKHYA,,,Point,"[91.689505, 26.156154]"
,GHY,GUWAHATI,,,Point,"[91.751851, 26.182635]"
,JPE,JALPAIGURI ROAD,,,Point,"[88.70945300000001, 26.559016999999997]"
,NQH,NEW DOMOHANI,,,Point,"[88.786571557, 26.569680979]"
,NMX,NEW MAYNAGURI,,,Point,"[88.822868, 26.578607]"
,BYXA,BETGARA,,,Point,"[88.885559, 26.612665]"
,ATM,ALTAGRAM,,,Point,"[88.946682, 26.608131]"
,DQG,DHUPGURI,,,Point,"[88.994973, 26.573532]"
,KLGR,KHALAIGRAM,,,Point,"[89.052194, 26.550420000000003]"
,SXX,SALBARI,,,Point,"[89.10552673400001, 26.5460609943]"
,FLK,FALAKATA,,,Point,"[89.19227488279999, 26.5383964616]"
,GMZ,GUMANI HAT,,,Point,"[89.2392642694, 26.4740709229]"
,GUZ,GUMANI HAT,,,Point,"[89.2398742694, 26.4746809229]"
,GDX,GHOKSADANGA,,,Point,"[89.2780105872, 26.4228864281]"
,SJRR,SAJHERPAR,,,Point,"[89.35227413269999, 26.4224452405]"
,PQZ,PUNDIBARI,,,Point,"[89.393542, 26.413245]"
,NCB,NEW COOCH BEHAR,,,Point,"[89.469766, 26.353158999999998]"
,NBS,NEW BANESWAR,,,Point,"[89.5104217529, 26.3950219126]"
,NOQ,NEW ALIPURDAUR,,,Point,"[89.541398, 26.48572]"
,SMTA,SAMUKTALA ROAD,,,Point,"[89.6346837433, 26.483337452]"
,KAMG,KAMAKHYAGURI,,,Point,"[89.721829, 26.484168]"
,JOQ,JORAI,,,Point,"[89.8034610461, 26.454875498099998]"
,SRPB,SRIRAMPUR ASSAM,,,Point,"[89.903914613, 26.4269150632]"
,GOGH,GOSSAIGAON HAT,,,Point,"[89.9715891956, 26.4291071597]"
,GBY,GUABARI,,,,
,CROA,CHAUTARA,,,Point,"[90.08572902709999, 26.4022417983]"
,PQK,PRATAP KHATA,,,Point,"[90.11849600000001, 26.386384000000003]"
,FKM,FAKIRAGRAM JN,,,Point,"[90.186189, 26.365237]"
,SUF,SESAPANI,,,Point,"[90.225701, 26.386181999999998]"
,KOJ,KOKRAJHAR,,,Point,"[90.274125, 26.405057]"
,SLKX,SALAKATI,,,Point,"[90.357339, 26.44577]"
,BSGN,BASUGAON,,,Point,"[90.42014999999999, 26.460164000000002]"
,DTX,DANGTAL,,,Point,"[90.46504900000001, 26.465846]"
,NBQY,NEW BONGAIGAON YARD,,,Point,"[90.52148600919999, 26.4721133248]"
,NBQ,NEW BONGAIGAON,,,Point,"[90.53684346440001, 26.4758354405]"
,BNGN,BONGAIGAON,,,Point,"[90.560548, 26.478293]"
,CPQ,CHAPRAKATA,,,Point,"[90.6120253168, 26.4928550164]"
,JPR,JAKPUR,,,Point,"[87.389853, 22.362509000000003]"
,MPD,MADPUR,,,Point,"[87.44326799999999, 22.369694000000003]"
,SMCK,SHYAM CHAK,,,Point,"[87.500479, 22.363450999999998]"
,BCK,BALICHAK,,,Point,"[87.55335416, 22.35818589]"
,DUAN,DUAN,,,Point,"[87.58821800000001, 22.354105]"
,RDU,RADHAMOHANPUR,,,Point,"[87.612611, 22.356484]"
,HAUR,HAUR,,,Point,"[87.655069, 22.365254]"
,KHAI,KHIRAI,,,Point,"[87.69662799999999, 22.374504]"
,PKU,PANSKURA,,,Point,"[87.7430237079, 22.393102763]"
,PKEO,PANSKURA EAST OUTER,,,Point,"[87.773512, 22.39974]"
,NPMR,NARAYAN PAKURIA,,,Point,"[87.773985, 22.399692]"
,BOP,BHOGPUR,,,Point,"[87.809079, 22.401522]"
,NDGJ,NANDAHGANJA,,,Point,"[87.832458, 22.404098]"
,MCA,MECHEDA,,,Point,"[87.85883, 22.414105]"
,KIG,KOLAGHAT GOODS,,,Point,"[87.88087399999999, 22.435188999999998]"
,DTE,DEULTI,,,Point,"[87.914003, 22.452857]"
,GGTA,GHORAGHATA,,,Point,"[87.94424, 22.458315]"
,BZN,BAGNAN,,,Point,"[87.97071100000001, 22.462515]"
,KGY,KULGACHIA,,,Point,"[88.020395, 22.472352]"
,ERSD,ERNAKULAM D CABIN,,,Point,"[76.306549, 9.979712000000001]"
,TRTR,TRIUPUNITTURA,,,Point,"[76.352761, 9.9501]"
,KFE,KURIKAD,,,Point,"[76.37635, 9.923276999999999]"
,MNTT,MULANTURUTTI,,,Point,"[76.389673, 9.901576]"
,KPTM,KANJIRAMITTAM,,,Point,"[76.410949, 9.862331]"
,TVC,TRIVANDRUM CENTRAL,,,Point,"[76.95120999999999, 8.486679]"
,TVP,TRIVANDRUM PETTAI,,,Point,"[76.931673, 8.494524]"
,PVRD,PIRAVAM ROAD,,,Point,"[76.454731, 9.828669]"
,VARD,VAIKAM ROAD,,,Point,"[76.47461100000001, 9.777648]"
,KDTY,KADUTURUTTI HALT,,,Point,"[76.49260000000001, 9.756128]"
,KRPP,KURUPPANTHARA,,,Point,"[76.51060899999999, 9.734535000000001]"
,ETM,ETTUMANUR,,,Point,"[76.545152, 9.676196000000001]"
,KFQ,KUMARANALLUR,,,Point,"[76.531679, 9.617136]"
,KTYM,KOTTAYAM,,,Point,"[76.532168, 9.594177]"
,CGV,CHINGAVANAM,,,Point,"[76.525885, 9.537757000000001]"
,CGY,CHANGANASERI,,,Point,"[76.54841400000001, 9.449881]"
,TRVL,TIRUVALLA,,,Point,"[76.580267, 9.392148]"
,CNGR,CHENGANNUR,,,Point,"[76.608271, 9.319504]"
,CYN,CHERIYANAD,,,Point,"[76.585087, 9.273119000000001]"
,MVLK,MAVELIKARA,,,Point,"[76.545692, 9.239487]"
,KYJ,KAYANKULAM JN,,,Point,"[76.512933, 9.182586]"
,OCR,OCHIRA,,,Point,"[76.525576, 9.132022999999998]"
,KPY,KARUNAGAPALLI,,,Point,"[76.54402300000001, 9.065268000000001]"
,STKT,SASTHANKOTTA,,,Point,"[76.59888294679999, 9.0323103106]"
,MQO,MUNROTURUTTU,,,Point,"[76.6119083966, 8.9949977685]"
,PRND,PERINAD,,,Point,"[76.620341, 8.947916000000001]"
,QLN,KOLLAM JN,,,Point,"[76.59675299999999, 8.886586000000001]"
,IRP,IRAVIPURAM,,,Point,"[76.623059, 8.866947999999999]"
,MYY,MAYYANAD,,,Point,"[76.64733100000001, 8.837759]"
,PVU,PARAVUR,,,Point,"[76.66823799999999, 8.815758]"
,KFI,KAPPIL,,,Point,"[76.67962999999999, 8.779435]"
,EVA,EDAVAI,,,Point,"[76.69747699999999, 8.762883]"
,VAK,VARKALA,,,Point,"[76.722872, 8.740732]"
,AMY,AKATHUMURI,,,Point,"[76.758792, 8.70031]"
,KVU,KADAKAVUR,,,Point,"[76.766672, 8.679078]"
,CRY,CHIRAYINKIL,,,Point,"[76.7853703, 8.658337900000001]"
,PGZ,PERUNGUZHI,,,Point,"[76.808211, 8.631561]"
,MQU,MURUKKAMPUZHA,,,Point,"[76.830245, 8.613629999999999]"
,KXP,KANIYAPURAM,,,Point,"[76.854482, 8.587612]"
,KZK,KAZHAKUTTAM,,,Point,"[76.872235, 8.555848000000001]"
,VELI,VELI,,,Point,"[76.8829192029, 8.5225364873]"
,KCVL,KOCHUVELI,,,Point,"[76.8961, 8.509254]"
,BUW,BURHWAL,,,Point,"[81.39016, 27.087081]"
,CKG,CHOWKA GHAT,,,Point,"[81.449932, 27.100002]"
,SPC,SITAPUR CITY,,,Point,"[80.679695, 27.583612]"
,STRK,SITAPUR KUTCHERY HALT,,,Point,"[80.6871628082, 27.5646029424]"
,SCC,SITAPUR CANT,,,Point,"[80.698784, 27.559468]"
,TKUR,TAPPA KHAJURIA,,,Point,"[80.761641, 27.579425]"
,PSN,PARSENDI,,,Point,"[80.836816, 27.582038]"
,RAMR,RAMAIPUR HALT,,,Point,"[80.897107, 27.545116]"
,BVN,BISWAN,,,Point,"[80.990464292, 27.4894825714]"
,SKLP,SHANKARPUR,,,Point,"[81.01440500000001, 27.447221]"
,SYU,SARAYAN,,,Point,"[81.042877, 27.396332]"
,BBPR,BABUPUR,,,Point,"[81.070314, 27.349971]"
,MMB,MAHMUDABAD AVADH,,,Point,"[81.114404, 27.288294999999998]"
,MGPA,MUNDA GOPAL ASHRAM,,,Point,"[81.139283, 27.255493]"
,PPE,PAINTEPUR,,,Point,"[81.157557, 27.230021]"
,TSF,TAHSIL FATEHPUR,,,Point,"[81.203969, 27.168445000000002]"
,SDAM,SUNDHIAMAU,,,Point,"[81.28688016720001, 27.121414190200003]"
,BRTA,BARTARA,,,Point,"[80.007541, 27.837593]"
,UCH,UNCHAULIA,,,Point,"[80.068986, 27.80926]"
,LNQ,LAKHNAURIA,,,Point,"[80.1392638623, 27.782774131100002]"
,JBG,JUNG BAHADURGNJ,,,Point,"[80.172851, 27.768418999999998]"
,MZN,MAHMUDPUR SARAIYAN,,,Point,"[80.20962499999999, 27.754198000000002]"
,JKH,JAHANIKHERA,,,Point,"[80.2393415985, 27.743837588199998]"
,MINJ,MAIKALGANJ,,,Point,"[80.3378219061, 27.7175372166]"
,NERI,NERI,,,Point,"[80.393681, 27.688832]"
,LCN,LALPUR CHANDRA,,,Point,"[80.451791, 27.659295999999998]"
,MAHO,MAHOLI,,,Point,"[80.47707299999999, 27.64872]"
,UDX,URDAULI,,,Point,"[80.514006, 27.632870999999998]"
,HMP,HEMPUR,,,Point,"[80.5626491565, 27.6162823291]"
,KATA,KATILI,,,Point,"[80.614094, 27.616759000000002]"
,BGDS,BHAGWANPUR DESU,,,Point,"[85.846025, 25.827009999999998]"
,ARG,ANGAR GHAT,,,Point,"[85.907174, 25.795385]"
,NRN,NARHAN,,,Point,"[85.975081, 25.746997]"
,ROA,RUSERA GHAT,,,Point,"[86.035742, 25.746302]"
,MABB,MABBI HALT,,,Point,"[86.0634696423, 25.7492132968]"
,NWC,NAYA NAGAR,,,Point,"[86.111011, 25.749917999999997]"
,KGG,KHAGARIA JN,,,Point,"[86.46525100000001, 25.505891]"
,MNE,MANSI JN,,,Point,"[86.554446, 25.509398]"
,CDBN,CHEDHABANNI HALT,,,Point,"[86.5971965247, 25.491823628699997]"
,BAPN,BARAIPURA HALT,,,Point,"[86.1373006799, 25.7394205815]"
,HPO,HASANPUR ROAD,,,Point,"[86.18537099999999, 25.714772]"
,SSRH,SHASAN HALT,,,Point,"[86.19704200000001, 25.685978]"
,DSKG,DSKG,,,,
,SOPR,SONMA PRANPUR(H,,,Point,"[86.226371, 25.631435999999997]"
,SLNA,SALAUNA,,,Point,"[86.260279, 25.603476]"
,IMLI,IMLI,,,Point,"[86.302557, 25.555629]"
,PRGA,PAHARJAGANGAU,,,Point,"[86.324828, 25.531869]"
,OLP,OLAPUR,,,Point,"[86.37012200000001, 25.517459]"
,MSK,MAHES KHUNT,,,Point,"[86.641818, 25.46082]"
,GAI,GOUCHHARI,,,Point,"[86.674696, 25.438433999999997]"
,PSR,PASRAHA,,,Point,"[86.743883, 25.403765]"
,BRKD,BHARATKHAND HALT,,,Point,"[86.806223, 25.400724]"
,BRKB,BHARATKHAND HALT,,,Point,"[86.805753, 25.400254]"
,NNR,NARAYANPUR,,,Point,"[86.85938800000001, 25.398348]"
,THB,THANA BIHPUR JN,,,Point,"[86.934758, 25.393571]"
,BIGH,BAGRIGRAM HALT,,,Point,"[86.9852379138, 25.391339123]"
,KHQ,KHARIK,,,Point,"[87.014958, 25.388883]"
,NNA,NAUGACHIA,,,Point,"[87.09387, 25.385261]"
,KTRH,KATAREAH,,,Point,"[87.19483600000001, 25.400488]"
,KUE,KURSELA,,,Point,"[87.253655, 25.440774]"
,BKHR,BAKHRI,,,Point,"[87.3353004456, 25.4998407393]"
,BRZR,BARARI BAZAR,,,Point,"[87.3553198425, 25.4900643144]"
,CRR,KARAGOLA ROAD,,,Point,"[87.3778270438, 25.500006821499998]"
,SMO,SEMAPUR,,,Point,"[87.47044100000001, 25.524483]"
,NYT,NAYATOLA,,,Point,"[87.6025963629, 25.5613904376]"
,DNQ,DANDKHORA,,,Point,"[87.6422368182, 25.5724052479]"
,GRR,GORPHAR,,,Point,"[87.67179759090001, 25.5854196549]"
,SI,SONALLI,,,Point,"[87.7176386707, 25.604753957099998]"
,BHNP,BISHANPUR HALT,,,Point,"[87.74611696720001, 25.614900999]"
,JAU,JHAUA,,,Point,"[87.775042724, 25.613217456300003]"
,MENP,MEENAPUR,,,Point,"[87.8024827136, 25.6140514163]"
,SRI,SALMARI,,,Point,"[87.8375132959, 25.6156715055]"
,BDYD,BDYD,,,,
,SGBB,SGBB,,,,
,BSPC,BSPC,,,,
,BSGS,BSGS,,,,
,VAY,VAYALAR,,,Point,"[76.311408, 9.741742]"
,SRTL,SHERTALAI,,,Point,"[76.325151, 9.690992]"
,TRVZ,TIRUVIZHA,,,Point,"[76.32628100000001, 9.641848]"
,MAKM,MARARIKULAM,,,Point,"[76.31801800000001, 9.597994]"
,KAVR,KALAVUR HALT,,,Point,"[76.318097, 9.567254]"
,TMPY,TUMBOLI,,,Point,"[76.321857, 9.519169999999999]"
,ALLP,ALLEPPEY,,,Point,"[76.32247600000001, 9.483759]"
,TPM,TOTIYAPALAYAM,,,Point,"[77.681926, 11.292723]"
,KMX,KOMATIPALLI,,,Point,"[83.34104699999999, 18.381027]"
,MQJ,MARADAM HALT,,,Point,"[83.346343, 18.400797]"
,MOD,MORAMPUDI,,,Point,"[80.620208194, 16.3531150213]"
,GPI,GAJAPATINAGARAM,,,Point,"[83.33390200000001, 18.293291]"
,GRBL,GARUDUBILLI,,,Point,"[83.350493, 18.214489999999998]"
,GTLM,GOTLAM,,,Point,"[83.39573399999999, 18.111319]"
,LDX,LADDA,,,Point,"[83.412196, 19.102692]"
,JMPT,JIMIDIPETA,,,Point,"[83.42234400000001, 19.044582000000002]"
,AOR,ARGORA,,,Point,"[85.314358, 23.347039]"
,KNRT,KUNERU,,,Point,"[83.440724, 18.966946]"
,GMDA,GUMADA,,,Point,"[83.457557, 18.889176000000003]"
,PVPT,PARVATIPURAM TN,,,Point,"[83.433701, 18.783875]"
,PVP,PARVATIPURAM,,,Point,"[83.42696600000001, 18.770670000000003]"
,NSX,NARSIPURAM HALT,,,Point,"[83.406282, 18.737614999999998]"
,SNM,SITANAGARAM,,,Point,"[83.375524, 18.672547]"
,VBL,BOBBILI,,,Point,"[83.34572200000001, 18.576763999999997]"
,DNV,DONKINAVALASA,,,Point,"[83.350942, 18.468756]"
,BLH,BELGHARIA,,,Point,"[88.389455, 22.661900000000003]"
,AGP,AGARPARA,,,Point,"[88.384761, 22.682505000000003]"
,SEP,SODPUR,,,Point,"[88.382193, 22.698850999999998]"
,KDH,KHARDAHA,,,Point,"[88.37715700000001, 22.725065]"
,TGH,TITAGARH,,,Point,"[88.37405700000001, 22.741680000000002]"
,BP,BARRACKPORE,,,Point,"[88.371428, 22.7610653]"
,PTF,PALTA,,,Point,"[88.369524, 22.782449]"
,IP,ICHHAPUR,,,Point,"[88.37342, 22.799819]"
,SNR,SHYAMNAGAR,,,Point,"[88.380423, 22.828781]"
,JGDL,JAGADAL,,,Point,"[88.39459599999999, 22.850814]"
,KNR,KANKINARA,,,Point,"[88.40450100000001, 22.86517]"
,NH,NAIHATI JN,,,Point,"[88.4185, 22.888555]"
,GFAE,GARIFA,,,Point,"[88.409935, 22.908445]"
,HYG,HOOGHLY GHAT,,,Point,"[88.3319472, 22.5572086]"
,DNH,DEONAGAR,,,Point,"[86.16169, 23.758691]"
,DDGA,DUGDA,,,Point,"[86.16192797000001, 23.75873842]"
,LOT,LOHRA,,,Point,"[82.93066368230001, 25.3156017921]"
,CHH,CHAUKHANDI,,,Point,"[82.83483412599999, 25.3398947588]"
,SWPR,SEWAPURI,,,Point,"[82.76954900000001, 25.35077]"
,KEH,KAPSETI,,,Point,"[82.717694, 25.357848]"
,PRF,PARSIPUR,,,Point,"[82.63716199999999, 25.37052]"
,BOY,BHADOHI,,,Point,"[82.5583597, 25.3952636]"
,MOF,MONDH,,,Point,"[82.48463699999999, 25.427572]"
,SAW,SURIAWAN,,,Point,"[82.423665, 25.461039999999997]"
,SQN,SARAI KANSRAI,,,Point,"[82.34519800000001, 25.516633]"
,JNH,JANGHAI JN,,,Point,"[82.310962, 25.549911]"
,CPB,KANPUR BRIDGE LEFT BANK,,,Point,"[80.379316, 26.477460999999998]"
,MGW,MAGARWARA,,,Point,"[80.428892, 26.523705]"
,ON,UNNAO JN,,,Point,"[80.486199, 26.548354]"
,SIC,SONIK,,,Point,"[80.559833, 26.586191]"
,AJ,AJGAIN,,,Point,"[80.62098800000001, 26.61721]"
,KVX,KUSUMBHI,,,Point,"[80.6542605011, 26.639853447100002]"
,JTU,JAITIPUR,,,Point,"[80.68894609920001, 26.6635672889]"
,HRN,HARAUNI,,,Point,"[80.74800300000001, 26.70651]"
,AMV,LUCKNOW ALAMBAGH,,,Point,"[80.87313999999999, 26.794514000000003]"
,LKOY,LKOY,,,,
,POF,PIPARSAND,,,Point,"[80.798664, 26.743403999999998]"
,AMS,AMAUSI,,,Point,"[80.841544, 26.77443]"
,MKG,MANAK NAGAR,,,Point,"[80.890615, 26.810176]"
,MLJ,MOHANLALGANJ,,,Point,"[80.984093, 26.687033]"
,KKAH,KANKAHA,,,Point,"[81.007582, 26.618868]"
,NHN,NIGOHAN,,,Point,"[81.045358, 26.567225]"
,SAGR,SHRIRAJNAGAR,,,Point,"[81.077837, 26.522626]"
,BCN,BACHHRAWAN,,,Point,"[81.10545649999999, 26.4773211]"
,KVG,KUNEANGANJ,,,Point,"[81.13642, 26.395661]"
,HCP,HARCHANDPUR,,,Point,"[81.160841, 26.34316]"
,GANG,GANGAGANJ,,,Point,"[81.201419, 26.291456]"
,RBL,RAE BARELI JN,,,Point,"[81.23932, 26.232684]"
,RUM,RUPAMAU,,,Point,"[81.325346, 26.230209]"
,FTG,FURSATGANJ,,,Point,"[81.41565100000001, 26.244522]"
,JAIS,JAIS,,,Point,"[81.51914, 26.262162]"
,KCJ,KASIMPUR,,,Point,"[81.539941, 26.257189]"
,BANI,BANI,,,Point,"[81.620936, 26.227487999999997]"
,GNG,GAURIGANJ,,,Point,"[81.68672600000001, 26.20341]"
,TLKH,TALAKHAJURI,,,Point,"[81.7361317209, 26.1769257746]"
,AME,AMETHI,,,Point,"[81.806276, 26.153024000000002]"
,MFL,MISRAULI,,,Point,"[81.84839619259999, 26.114370421700002]"
,SHJP,SAHAJIPUR HALT,,,Point,"[81.864192, 26.096303]"
,ANTU,ANTU,,,Point,"[81.8977879919, 26.055162063100003]"
,JGJ,JAGESHARGANJ,,,Point,"[81.92886622500001, 26.0276401405]"
,CIL,CHILBILA JN,,,Point,"[82.004241, 25.947331]"
,PBH,PARTAPGARH JN,,,Point,"[82.00177799999999, 25.913308]"
,PHV,PIRTHIGANJ,,,Point,"[82.012834469, 25.855539958599998]"
,DND,DANDUPUR,,,Point,"[82.040632, 25.801595]"
,GRX,GAURA,,,Point,"[82.091774, 25.749367000000003]"
,SWS,SUWANSA,,,Point,"[82.14656199999999, 25.698842000000003]"
,BSE,BADSHAHPUR,,,Point,"[82.190552, 25.652268]"
,NBP,NIBHAPUR,,,Point,"[82.24969700000001, 25.600347]"
,MACR,MANGULI CHOWDWAR,,,Point,"[85.943313, 20.529594]"
,KGPW,KGPW,,,,
,GDBR,GOONDA BIHAR,,,Point,"[86.08116700000001, 23.067871]"
,JHMR,JHIMRI,,,Point,"[86.0297573352, 23.082344321900003]"
,HNSL,HASLANG P.H.,,,Point,"[86.0119228906, 23.091614317500003]"
,LTMD,LATEMDA,,,Point,"[85.98911700000001, 23.098392]"
,BKKI,BAKARKUDI,,,Point,"[85.970936, 23.095049]"
,TUL,TIRALDIH,,,Point,"[85.930834, 23.132246]"
,SSIA,SUISA,,,Point,"[85.909013, 23.196775]"
,TRAN,TORANG,,,Point,"[85.858638, 23.26814]"
,ILO,ILLOO,,,Point,"[85.8587351117, 23.291632860900002]"
,ANVT,ANAND VIHAR TRM,,,Point,"[77.31521255, 28.650503565399998]"
,WIR,WAIR,,,Point,"[77.699434, 28.347316]"
,WSC,SHIVARAMPUR,,,Point,"[78.2071583875, 27.244947755000002]"
,GMH,GAMHARIA,,,Point,"[86.102793, 22.796889]"
,TELO,TELO,,,Point,"[86.13389199999999, 23.811038]"
,ADTP,ADITYAPUR,,,Point,"[86.158954, 22.782212]"
,TATA,TATANAGAR JN,,,Point,"[86.20056000000001, 22.768954]"
,SLJR,SALGA JHARI,,,Point,"[86.228747, 22.75832]"
,GVDP,GVDP,,,,
,ASB,ASANBONI,,,Point,"[86.313908, 22.712394]"
,RHE,RAKHA MINES,,,Point,"[86.354133, 22.674292]"
,GUD,GALUDIH,,,Point,"[86.410494, 22.648871999999997]"
,GTS,GHATSILA,,,Point,"[86.479768, 22.58616]"
,DVM,DALBHUMGARH,,,Point,"[86.551921, 22.506293]"
,KKPR,KOKPARA,,,Point,"[86.642797, 22.474065]"
,CKU,CHAKULIA,,,Point,"[86.721161, 22.478149]"
,KNM,KANIMAHULI,,,Point,"[86.77839399999999, 22.482202]"
,GII,GIDNI,,,Point,"[86.853201, 22.488471999999998]"
,KATB,KHATKURA,,,Point,"[86.93022400000001, 22.477455]"
,BIRP,BIRARAJPUR,,,Point,"[86.06450201000001, 22.8235001]"
,KND,KANDRA,,,Point,"[86.047863, 22.852966]"
,BBDA,BARBENDA (RNC DIVISION),,,Point,"[86.110242, 23.420983]"
,KZU,KUNKI,,,Point,"[86.067757, 22.875933]"
,GUG,GARH JAIPUR,,,Point,"[86.142459, 23.416141999999997]"
,MIK,MANIKUL,,,Point,"[86.066359, 22.919528]"
,CAS,CHAS ROAD,,,Point,"[86.225425, 23.415513]"
,CNI,CHANDIL JN,,,Point,"[86.07210900000001, 22.956014]"
,GTD,GOURINATHDHAM,,,Point,"[86.275105, 23.396293999999997]"
,NIM,NIMDIH,,,Point,"[86.142118, 22.993643]"
,BRMD,BIRAMDIH,,,Point,"[86.19920954, 23.04578437]"
,BBM,BARABHUM,,,Point,"[86.2112372, 23.0912864]"
,URMA,URMA,,,Point,"[86.253775, 23.157777]"
,KTD,KANTADIH,,,Point,"[86.29629, 23.21838]"
,TAO,TAMNA,,,Point,"[86.352313, 23.268988]"
,PRR,PURULIA JN,,,Point,"[86.37787, 23.324911]"
,JGM,JHARGRAM,,,Point,"[86.9985316705, 22.4549644863]"
,BNB,BANSTOLA,,,Point,"[87.062669671, 22.420974052600002]"
,SUA,SARDIHA,,,Point,"[87.12364500000001, 22.380612]"
,KSO,KHEMASULI,,,Point,"[87.18486299999999, 22.337768]"
,KKQ,KALAIKUNDA,,,Point,"[87.24399951, 22.32945442]"
,NMP,NIMPURA,,,Point,"[87.26468600000001, 22.332403]"
,KIS,KAPILAS ROAD,,,Point,"[85.993925, 20.558554]"
,SJDR,SRI JHADESHWAR,,,Point,"[86.0192559912, 20.5965342443]"
,BYY,BYREE,,,Point,"[86.034947, 20.628257]"
,BRTG,BARITHENGARH,,,Point,"[86.05967143000001, 20.65696901]"
,DNM,DHANMANDAL,,,Point,"[86.11228, 20.687806]"
,HDS,HARIDASPUR,,,Point,"[86.116431, 20.725882000000002]"
,NGMP,NEW GARH MADHOPUR,,,Point,"[86.07210599999999, 20.798857]"
,JEN,JENAPUR,,,Point,"[86.06508, 20.850842]"
,BRMI,BRAHMANI PH,,,Point,"[86.0562098645, 20.862952007599997]"
,JKPR,JAKHAPURA,,,Point,"[86.06533999999999, 20.917821]"
,JJKR,JAJPUR KEONJHAR ROAD,,,Point,"[86.132518, 20.943544]"
,KRIH,KORAI HALT,,,Point,"[86.17599399999999, 20.959417000000002]"
,BTV,BAITARANI ROAD,,,Point,"[86.23539299999999, 20.986995999999998]"
,DLPT,DULAKHAPATNA,,,Point,"[86.28087400000001, 21.007019]"
,MZZ,MANJURI ROAD,,,Point,"[86.319698, 21.012135999999998]"
,KED,KENDUAPADA,,,Point,"[86.38353099999999, 21.030623000000002]"
,KPLD,KAPALI ROAD,,,Point,"[86.407911, 21.040967000000002]"
,BUDR,BAUDPUR,,,Point,"[86.4629040051, 21.063446010800003]"
,BHC,BHADRAKH,,,Point,"[86.5162305, 21.091745799999998]"
,RLJC,RLJC,,,,
,RNTL,RANITAL,,,Point,"[86.55647400000001, 21.149665]"
,MKO,MARKONA,,,Point,"[86.596117, 21.195555]"
,SZZ,SABIRA,,,Point,"[86.62923699999999, 21.236882]"
,SORO,SORO,,,Point,"[86.69253900000001, 21.291083999999998]"
,BNBR,BAHANAGA BAZAR,,,Point,"[86.76172839, 21.33613403]"
,PNPN,PANPANA,,,Point,"[86.790524, 21.358714999999997]"
,KHF,KHANTAPARA,,,Point,"[86.822911, 21.39628]"
,NGRD,NILGIRI ROAD,,,Point,"[86.855469, 21.426415000000002]"
,BLS,BALASORE,,,Point,"[86.91958199999999, 21.500521]"
,TKPL,TIKIRAPAL HALT,,,Point,"[86.944638, 21.535575]"
,HIP,HALDIPADA,,,Point,"[86.996648, 21.571438999999998]"
,ROP,RUPSA JN,,,Point,"[87.018507, 21.621995]"
,LONI,LONI,,,Point,"[74.02051399999999, 18.491630999999998]"
,URI,URULI,,,Point,"[74.13682, 18.494237]"
,PUNE,PUNE JN,,,Point,"[73.873086, 18.529378]"
,GPRW,GHORPURI WEST,,,Point,"[73.8917897095, 18.531687546900002]"
,HDP,HADAPSAR,,,Point,"[73.927844, 18.526887000000002]"
,MJBK,MANJARI BUDRUK,,,Point,"[73.971424, 18.512039]"
,YT,YEVAT,,,Point,"[74.2563176276, 18.4889359723]"
,KTT,KHUTBAV,,,Point,"[74.3154633105, 18.4861041325]"
,KDG,KEDGAON,,,Point,"[74.3763730994, 18.482085398400002]"
,KDTN,KADETHAN,,,Point,"[74.42173336430001, 18.4778037603]"
,PAA,PATAS,,,Point,"[74.4696527191, 18.4732663908]"
,DDAP,DAUND PATAS ROAD,,,Point,"[74.520934, 18.468688]"
,DD,DAUND JN,,,Point,"[74.578622, 18.463547]"
,DDAM,DAUND A MMR,,,Point,"[74.5689755029, 18.464752713200003]"
,DDJA,DAUND GOODS YARD,,,Point,"[74.5607624341, 18.4659368312]"
,KSTH,KASHTI,,,Point,"[74.5994004132, 18.5252942346]"
,SGND,SHRIGONDA ROAD,,,Point,"[74.641466, 18.598243]"
,BWD,BELVANDI,,,Point,"[74.621981, 18.710718]"
,VPR,VISAPUR,,,Point,"[74.598861, 18.82295]"
,RNJD,RANJANGAON RD,,,Point,"[74.60070300000001, 18.870972]"
,SRL,SAROLA,,,Point,"[74.64829499999999, 18.947656000000002]"
,AKR,AKOLNER,,,Point,"[74.66906999999999, 18.985409]"
,ANG,AHMADNAGAR,,,Point,"[74.721882467, 19.075519477700002]"
,NNB,NIMBLAK,,,Point,"[74.68854097469999, 19.1183528756]"
,VL,VILAD,,,Point,"[74.675069, 19.198579]"
,VBR,VAMBORI,,,Point,"[74.684974, 19.298579999999998]"
,RRI,RAHURI,,,Point,"[74.677702, 19.411550000000002]"
,TKMY,TAKLIMIYA,,,Point,"[74.679765, 19.453844]"
,PDGN,PADHEGAON,,,Point,"[74.69233, 19.536709000000002]"
,NPW,NIPANI VADGAON,,,Point,"[74.70471599999999, 19.587951]"
,BAP,BELAPUR,,,Point,"[74.6617443079, 19.619569311800003]"
,CIT,CHITALI,,,Point,"[74.6239138208, 19.6913918118]"
,PB,PUNTAMBA,,,Point,"[74.621959715, 19.762025526800002]"
,KNGN,KANHEGAON,,,Point,"[74.57128710079999, 19.8172996303]"
,SNVR,SANVATSAR,,,Point,"[74.56058409549999, 19.8832775017]"
,KPG,KOPARGAON,,,Point,"[74.503328, 19.902943]"
,YL,YEOLA,,,Point,"[74.503246, 20.043188999999998]"
,ANK,ANKAI,,,Point,"[74.4697560736, 20.1510279143]"
,AAK,ANKAI KILA,,,Point,"[74.4368553961, 20.183180430100002]"
,SS,SHIRSOLI,,,Point,"[75.507613, 20.932994]"
,MWD,MHASAVAD,,,Point,"[75.4584622504, 20.870401921]"
,MYJ,MAHEJI,,,Point,"[75.424619975, 20.7689244313]"
,RCGT,RICHUGHUTU,,,Point,"[84.58081, 23.659779]"
,DEMU,DEMU,,,Point,"[84.52562, 23.69708]"
,LTHR,LATEHAR,,,Point,"[84.46812, 23.725092]"
,BFQ,BENDI,,,Point,"[84.416974, 23.763612000000002]"
,KMND,KUMENDI,,,Point,"[84.352452, 23.766868000000002]"
,HHG,HEHEGARA HALT (E),,,Point,"[84.258524, 23.790124]"
,CPDR,CHHIPADOHAR,,,Point,"[84.2023836389, 23.8133333478]"
,BRWD,BARWADIH JN,,,Point,"[84.11877999999999, 23.843836]"
,MAZ,MANGRA,,,Point,"[84.111898, 23.881768]"
,KCKI,KECKHI,,,Point,"[84.146829, 23.928362999999997]"
,CNF,CHIANKI,,,Point,"[84.11566, 23.973902]"
,DTO,DALTONGANJ,,,Point,"[84.07484299999999, 24.033075]"
,KFT,KAJRI,,,Point,"[84.0725284845, 24.1067922143]"
,RHR,RAJHURA,,,Point,"[84.01554999999999, 24.154400000000003]"
,LBT,LALGARH BIHAR HALT,,,Point,"[83.979632, 24.161147]"
,TRZ,TOLRA,,,Point,"[83.923324, 24.18584]"
,GHD,GARWA ROAD,,,Point,"[83.885116, 24.214419]"
,BCJ,BAGAHABISHUNPUR,,,Point,"[84.204658, 24.811468]"
,BSYA,BARKISALALYA,,,Point,"[84.178495, 24.773978]"
,ANH,ANKORAH AKORHA,,,Point,"[84.169539, 24.761166999999997]"
,NBG,NABENAGAR ROAD,,,Point,"[84.094044, 24.653944]"
,KYF,KAJRAT NAWADIH,,,Point,"[84.05014, 24.591041]"
,JPL,JAPLA,,,Point,"[84.00286600000001, 24.538968999999998]"
,HDN,HAIDARNAGAR,,,Point,"[83.951049, 24.498081]"
,KVQ,KOSIARA,,,Point,"[83.908564, 24.478657000000002]"
,MDJ,MUHAMMADGANJ,,,Point,"[83.869978, 24.42644]"
,SZF,SATBAHINI,,,Point,"[83.84911, 24.386582]"
,URD,UNTARE ROAD,,,Point,"[83.834497, 24.34094]"
,KRTA,KARKATA,,,Point,"[83.837652, 24.296038000000003]"
,SQS,SIGSIGI,,,Point,"[83.853323, 24.260566999999998]"
,RMT,RAMGARH CANT,,,Point,"[85.520249, 23.617327]"
,BRKA,BARKAKANA,,,Point,"[85.469553, 23.624159]"
,MAEL,MAEL,,,Point,"[85.626042, 23.574668000000003]"
,BHKD,BHURKUNDA,,,Point,"[85.3721452, 23.6375642]"
,BRKP,BARKIPONA,,,Point,"[85.64647599999999, 23.568766]"
,PTRU,PATRATU,,,Point,"[85.30587700000001, 23.667024]"
,GRE,GOLA ROAD,,,Point,"[85.697139, 23.545551]"
,TKS,TOKISUD,,,Point,"[85.239282, 23.678639]"
,HRBR,HARUBERA,,,Point,"[85.76022876969999, 23.4999492658]"
,HNDR,HENDEGIR,,,Point,"[85.169817, 23.697803]"
,SND,SONDIMRA,,,Point,"[85.782435799, 23.476936582300002]"
,KOLE,KOLE,,,Point,"[85.104901, 23.695961]"
,BLNG,BARLANGA,,,Point,"[85.833473, 23.449913]"
,RAY,RAY,,,Point,"[85.077816, 23.690082]"
,KLRE,KHALARI,,,Point,"[85.001627, 23.651055]"
,MGME,MCCLUSKIEGANJ,,,Point,"[84.940855, 23.651781]"
,MMLN,MAHUAMILAN,,,Point,"[84.854527, 23.662240999999998]"
,TORI,TORI,,,Point,"[84.739774, 23.680808]"
,CTQ,CHETAR,,,Point,"[84.646426, 23.682881000000002]"
,KCAB,K-CABIN BONDAMUNDA,,,Point,"[84.91385700000001, 22.233321]"
,ACAB,A-CABIN BONDAMUNDA,,,Point,"[84.945577, 22.23969]"
,LNKC,LINK C-CABIN,,,Point,"[84.974611, 22.267173000000003]"
,RNC,RANCHI,,,Point,"[85.33352, 23.348811]"
,NKM,NAMKON,,,Point,"[85.37667200000001, 23.351755]"
,TIS,TATISILWAI,,,Point,"[85.435706, 23.369844999999998]"
,GAG,GANGAGHAT,,,Point,"[85.5070501038, 23.3613982411]"
,KWKC,KHERWA KOCHA,,,Point,"[85.5948557446, 23.360567527599997]"
,JON,JONHA,,,Point,"[85.6089136389, 23.3589592105]"
,KITA,KITA,,,Point,"[85.76424803159999, 23.364884802800002]"
,SLF,SILLI,,,Point,"[85.82812938660001, 23.351563397099998]"
,MURI,MURI,,,Point,"[85.8669906885, 23.376284371]"
,THO,TULIN,,,Point,"[85.902125, 23.378363]"
,JAA,JHALIDA,,,Point,"[85.97528199999999, 23.370005]"
,BKDR,BEGUN KUDAR,,,Point,"[86.01258700000001, 23.383687]"
,KSX,KOTSHILA,,,Point,"[86.079548, 23.411691]"
,DRGU,DAMRU GHUTU,,,Point,"[86.08981, 23.451359999999998]"
,RPMY,RPMY,,,,
,NFKS,NFKS,,,,
,NFKN,NFKN,,,,
,PNW,PUNDHAG,,,Point,"[86.08957600000001, 23.508909]"
,RDF,RADHAGAON,,,Point,"[86.08906499999999, 23.59787]"
,BKCA,BOKARO STEEL CITY A CABIN,,,Point,"[86.08772599999999, 23.649514]"
,BKSC,BOKARO STEEL CITY,,,Point,"[86.08501600000001, 23.656551]"
,BKSN,BKSC NORTH CABIN,,,Point,"[86.078541, 23.671356]"
,TKB,TUPKADIH,,,Point,"[86.0638904572, 23.7136175901]"
,RJB,RAJABERA,,,Point,"[86.080936, 23.751105]"
,CRP,CHANDRAPURA,,,Point,"[86.119775, 23.755676]"
,JNNA,JAMUNIATANR HALT,,,Point,"[86.1921944211, 23.754897530999997]"
,JMX,JAMUNI,,,Point,"[86.193727, 23.762742]"
,PLJE,PHULWARTANR,,,Point,"[86.226577, 23.77515]"
,BDQ,BUDORA,,,Point,"[86.23544766479999, 23.7785572386]"
,TNO,TUNDU,,,Point,"[86.252293, 23.788733]"
,SZE,SONARDIH,,,Point,"[86.265063, 23.7915]"
,TNJE,TENTULLA,,,Point,"[86.277173, 23.790335]"
,KTH,KATRASGARH,,,Point,"[86.302399, 23.795757000000002]"
,ANJE,ANGARPATHRA HALT,,,Point,"[86.319368, 23.793062]"
,SJA,SIJUA,,,Point,"[86.3297280994, 23.7901556866]"
,BZS,BANSJORA,,,Point,"[86.354545, 23.789931]"
,BZE,BASERIA,,,Point,"[86.381653, 23.786754]"
,KDS,KASUNDA JN,,,Point,"[86.39589356020001, 23.7899886114]"
,BWPB,BHAWANIPUR BIHAR,,,Point,"[87.8677507141, 25.5946164603]"
,MFA,MAKURIA,,,Point,"[87.88715343380001, 25.6292447936]"
,BOE,BARSOI JN,,,Point,"[87.9229421, 25.651242200000002]"
,HDB,HALDIBARI,,,Point,"[88.78193599999999, 26.334952]"
,KSBI,KASHIABARI,,,Point,"[88.76856599999999, 26.384653999999998]"
,MDG,MANDAL GHAT,,,Point,"[88.754758, 26.430757]"
,KDX,KADABARI HAT,,,Point,"[88.73098599999999, 26.476201]"
,JPG,JALPAIGURI,,,Point,"[88.723026, 26.51816]"
,MOP,MOHITNAGAR,,,Point,"[88.669651, 26.53055]"
,BAHN,BABHABGAON HALT,,,Point,"[87.8098941528, 25.4483399037]"
,KWE,KHURIAL,,,Point,"[87.82685530639999, 25.4911139274]"
,KMPH,KAMALPUR HALT,,,Point,"[87.8374616345, 25.5183120087]"
,AZR,AZAMNAGAR ROAD,,,Point,"[87.8523278357, 25.555555642399998]"
,KHMP,KHEMPUR,,,,
,SJGM,SANJAY GRAM,,,Point,"[87.890377, 25.706241000000002]"
,SUD,SUDHANI,,,Point,"[87.87948867189999, 25.727853611399997]"
,AHL,AJHARAIL,,,Point,"[87.848322, 25.781637999999997]"
,TETA,TELTA,,,Point,"[87.84221, 25.806579]"
,DLK,DALKOLHA,,,Point,"[87.83887700000001, 25.873416]"
,SJKL,SURJA KAMAL,,,Point,"[87.849258, 25.935932]"
,KKA,KANKI,,,Point,"[87.864524, 26.003232999999998]"
,HWR,HATWAR,,,Point,"[87.89303199999999, 26.044989]"
,THED,TAUHEED,,,Point,"[87.9308854236, 26.0849205699]"
,KNE,KISHANGANJ,,,Point,"[87.949657, 26.097746]"
,PJP,PANJIPARA,,,Point,"[88.0180577417, 26.140165652700002]"
,IKC,IKARCHALA,,,,
,GIL,GAISAL,,,Point,"[88.0895072131, 26.1848261159]"
,GEOR,GUNJARIA,,,Point,"[88.132222, 26.218465000000002]"
,AUB,ALUABARI ROAD,,,Point,"[88.18561000000001, 26.269681]"
,DBQ,DHULABARI,,,Point,"[88.231234, 26.361571]"
,MXJ,MANGURJAN,,,Point,"[88.256909, 26.412488]"
,TMH,TIN MILE HAT,,,Point,"[88.279995, 26.436601]"
,DMZ,DUMDANGI,,,Point,"[88.296508, 26.47724]"
,CAT,CHATTAR HAT,,,Point,"[88.323376, 26.548827]"
,NJB,NIJBARI,,,Point,"[88.337505, 26.587597]"
,RNI,RANGAPANI,,,Point,"[88.37438599999999, 26.664263000000002]"
,NJP,NEW JALPAIGURI,,,Point,"[88.443391, 26.683025]"
,ABFC,AMBARI FALAKATA,,,Point,"[88.510593, 26.641553000000002]"
,BLK,BELAKOBA,,,Point,"[88.583312, 26.591441]"
,RQJ,RANINAGAR JALPAIGIRI,,,Point,"[88.64829300000001, 26.544663]"
,SMI,SITAMARHI JN,,,Point,"[85.504707, 26.594374000000002]"
,BHSA,BHISA HALT,,,Point,"[85.533501, 26.576528999999997]"
,PSZ,PARSAUNI,,,Point,"[85.574611, 26.55631]"
,BJT,BAJPATTI,,,Point,"[85.62061299999999, 26.546976]"
,AWPR,AWAPUR,,,Point,"[85.652916, 26.508916000000003]"
,BCPR,BACHHARPUR HALT,,,Point,"[85.66252866580001, 26.4946286292]"
,JNR,JANAKPUR ROAD,,,Point,"[85.70085599999999, 26.467914]"
,CNX,CHANDAUNA HALT,,,Point,"[85.72316500000001, 26.440884]"
,JGA,JOGIARA,,,Point,"[85.74673274050001, 26.407114392700002]"
,DBLI,DEBRABANDHAULI HALT,,,Point,"[85.76995, 26.384826]"
,MRTA,MURAITHA,,,Point,"[85.786612, 26.369764999999997]"
,KML,KAMTAUL,,,Point,"[85.808624, 26.337348000000002]"
,TQR,TEKTAR,,,Point,"[85.846291, 26.275833]"
,MHP,MUHAMMADPUR,,,Point,"[85.852798, 26.236878]"
,SHEO,SHISHO,,,Point,"[85.863867, 26.206032]"
,MFP,MUZAFFARPUR JN,,,Point,"[85.378006, 26.122311]"
,NRPA,NARAYANPUR ANANT,,,Point,"[85.409122, 26.089052]"
,SLT,SILAUT,,,Point,"[85.44337800000001, 26.048926]"
,SIHO,SIHO,,,Point,"[85.50594000000001, 26.00841]"
,DOL,DHOLI,,,Point,"[85.562495, 25.976952]"
,DUBH,DUBAHA,,,Point,"[85.617108, 25.948784999999997]"
,VBH,VISHNUPUR BATHUA HALT,,,Point,"[85.64428754389999, 25.931020256700002]"
,KRBP,KHUDIRAM B PUSA,,,Point,"[85.672677, 25.906434]"
,KPGM,KARPURIGRAM,,,Point,"[85.72417800000001, 25.869802]"
,KUQ,KURETHA,,,Point,"[87.64432343200001, 25.4955599448]"
,SAJH,SAHJA HALT,,,Point,"[87.67395400000001, 25.478182]"
,PQD,PRANPUR ROAD,,,Point,"[87.70486823670001, 25.4623621243]"
,LAV,LABHA,,,Point,"[87.74514032169999, 25.439646755400002]"
,DVJ,DILLI DEWAN GANJ,,,Point,"[87.778612, 25.432721]"
,MBC,MAHANANDA BGE,,,Point,"[88.0833990649, 25.1883357022]"
,KMRJ,KUMARGANJ,,,Point,"[88.065592, 25.218816]"
,SRPU,SRIPUR HALT,,,Point,"[88.0440169482, 25.2570761576]"
,SM,SAMSI,,,Point,"[88.00975700000001, 25.276197]"
,MFZ,MALAHAR,,,Point,"[87.95782, 25.303708999999998]"
,BKRD,BHALUKA ROAD F,,,Point,"[87.9121276, 25.3425716]"
,MQG,MILANGARH,,,Point,"[87.8962231482, 25.368746039300003]"
,HCR,HARISCHANDRPUR,,,Point,"[87.867051, 25.403999000000002]"
,KDPR,KUMEDPUR,,,Point,"[87.80435766599999, 25.4334484028]"
,KIR,KATIHAR JN,,,Point,"[87.566409, 25.548947]"
,MIYN,MANIYAN,,,Point,"[87.6069420667, 25.5232741031]"
,KIRB,KATIHAR CBO MB,,,Point,"[87.578873, 25.552735]"
,DLF,DALAN,,,Point,"[87.560853, 25.6118]"
,RWA,RAUTARA,,,Point,"[87.523472, 25.674635000000002]"
,RNX,RANIPATRA,,,Point,"[87.514183, 25.735576]"
,PRNA,PURNIA JN,,,Point,"[87.519124, 25.790678]"
,KUB,KASBA,,,Point,"[87.529476, 25.860675]"
,GBN,GARH BANAILI,,,Point,"[87.535041, 25.915091]"
,JAG,JALARGARH,,,Point,"[87.529496, 25.953959]"
,SATR,SATR HALT,,,Point,"[87.508427, 26.001172999999998]"
,KSY,KUSIARGAON,,,Point,"[87.47981800000001, 26.057858000000003]"
,ARQ,ARARIYA COURT,,,Point,"[87.446912, 26.114921000000002]"
,ARR,ARARIYA,,,Point,"[87.41199809689999, 26.137118266799998]"
,HOD,HALDITA BIHAR,,,Point,"[87.35900971560001, 26.165935176599998]"
,SMH,SIMRAHA,,,Point,"[87.32135753540001, 26.1944356285]"
,GPE,GOGIPOTHIA HALT,,,Point,"[87.284335, 26.250043]"
,DLZ,DHOLBAJA,,,Point,"[87.27139700000001, 26.2748]"
,FBG,FORBESGANJ,,,Point,"[87.262803, 26.298901]"
,BTF,BATHNAHA,,,Point,"[87.237767, 26.341854]"
,JBN,JOGBANI,,,Point,"[87.263262, 26.402263]"
,BZL,BELANAGAR,,,Point,"[88.318224, 22.661604999999998]"
,BLGT,BALURGHAT,,,Point,"[88.757636, 25.232648]"
,MKRH,MALLICKPUR HAT,,,Point,"[88.676426, 25.325703]"
,RMPB,RAMPUR BAZAR,,,Point,"[88.60611, 25.358763]"
,MLNH,MALANCHA,,,Point,"[88.586067, 25.368716000000003]"
,GRMP,GANGARAMPUR,,,Point,"[88.516447, 25.390399]"
,BNDP,BUNIADPUR,,,Point,"[88.402088, 25.386267]"
,DLPH,DAULATPUR HAT,,,Point,"[88.33278722, 25.32611273]"
,DOTL,DEOTALA,,,Point,"[88.294214, 25.274328999999998]"
,MANG,MAHANAGAR,,,Point,"[88.251102, 25.247077]"
,GZO,GAZOLE,,,Point,"[88.19888499999999, 25.224984]"
,BDAG,BONIDANGA,,,Point,"[87.81052581, 24.82345158]"
,BDBS,BINDUBASINI HAL,,,Point,"[87.859263, 24.792848]"
,TDLE,TILDANGA,,,Point,"[87.873801, 24.786749]"
,NFKB,NEW FARAKKA-B-CABIN,,,Point,"[87.91579300000001, 24.782115]"
,NFK,NEW FARAKKA JN,,,Point,"[87.915236, 24.794558]"
,CMX,CHAMAGRAM,,,Point,"[87.96334499999999, 24.821334]"
,KTJ,KHALTIPUR,,,Point,"[88.021646, 24.875742000000002]"
,JMQ,JAMIRGHATA,,,Point,"[88.06775999999999, 24.916623]"
,GZM,GOUR MALDA,,,Point,"[88.11078197, 24.947944439999997]"
,MLDT,MALDA TOWN,,,Point,"[88.130338, 25.015659]"
,OMLF,OLD MALDA,,,Point,"[88.143718, 25.053174000000002]"
,ADF,ADINA,,,Point,"[88.12318, 25.114396999999997]"
,EKI,EKLAKHI,,,Point,"[88.099492, 25.167868000000002]"
,YY-BJUC,YY-BJUC,,,,
,JDA,JASODA,,,Point,"[79.820294, 27.08393]"
,KHDP,KHUDLAPUR,,,Point,"[79.78027300000001, 27.098961]"
,GHJ,GURSAHAIGANJ,,,Point,"[79.732035, 27.118804]"
,MLKP,MALIKPUR,,,Point,"[79.690181, 27.161781]"
,KDJ,KHUDAGANJ,,,Point,"[79.666264, 27.184464000000002]"
,SGRP,SINGHIRAMPUR,,,Point,"[79.62941099999999, 27.262707]"
,KLJ,KAMALGANJ,,,Point,"[79.620832, 27.292663]"
,YAG,YAQUTGANJ,,,Point,"[79.618493, 27.32595]"
,FGR,FATEHGARH,,,Point,"[79.62159, 27.369608]"
,FBD,FARRUKHABAD,,,Point,"[79.57173700000001, 27.38236]"
,HSY,HARSINGPUR GOBA,,,Point,"[79.49825360349999, 27.4300235579]"
,SHX,SHUKHARULLAPUR,,,Point,"[79.471943, 27.44826]"
,SSD,SHAMSABAD,,,Point,"[79.438167, 27.469911999999997]"
,BHTS,BHATASA,,,Point,"[79.38388843, 27.50375661]"
,KMJ,KAIMGANJ,,,Point,"[79.3272155493, 27.5409770085]"
,KXF,KAMPIL ROAD,,,Point,"[79.265007, 27.567619]"
,RDN,RUDAIN,,,Point,"[79.186618, 27.579928]"
,BAPR,BALLUPUR,,,Point,"[79.1451478125, 27.5865985855]"
,DRO,DARYAOGONJ,,,Point,"[79.0824955792, 27.5980988686]"
,NHX,NARTHAR,,,Point,"[79.02313742000001, 27.6329307124]"
,PTI,PATIALI,,,Point,"[78.9841732028, 27.6843201328]"
,GWA,GANJ DUNDWARA,,,Point,"[78.939319176, 27.7264028171]"
,GRAK,GARKHA,,,Point,"[78.8842900433, 27.748517604099998]"
,SWRT,SAHAWAR TOWN,,,Point,"[78.831344, 27.794835]"
,BHK,BADHARI KALAN,,,Point,"[78.734589, 27.799053]"
,KSJ,KASGANJ,,,Point,"[78.64602599999999, 27.801887]"
,MHA,MARAHRA,,,Point,"[78.55504400000001, 27.746474000000003]"
,AUL,AGSAULI,,,Point,"[78.44455300000001, 27.705676999999998]"
,SKA,SIKANDRA RAO,,,Point,"[78.387573, 27.684085999999997]"
,BTRO,BASTOI HALT,,,Point,"[78.285451, 27.66742]"
,RKN,RATI KA NAGLA,,,Point,"[78.24056900000001, 27.654398]"
,HTJ,HATHRAS ROAD,,,Point,"[78.136899, 27.622436999999998]"
,MEU,MENDU,,,Point,"[78.09995699999999, 27.614247]"
,HTC,HATHRAS CITY,,,Point,"[78.05506869999999, 27.599816899999997]"
,MSN,MURSAN,,,Point,"[77.9363, 27.574211]"
,SYZ,SONAI,,,Point,"[77.88736, 27.570504]"
,RAYA,RAYA,,,Point,"[77.7868838446, 27.5524062276]"
,MRT,MATHURA CANT,,,Point,"[77.685113, 27.491013]"
,MTUJ,MTUJ,,,,
,CPA,KANPUR ANWARGANJ,,,Point,"[80.328444, 26.456232999999997]"
,RPO,RAWATPUR,,,Point,"[80.298113, 26.482981000000002]"
,KAP,KALIANPUR,,,Point,"[80.25289199999999, 26.503485]"
,MDA,MANDHANA JN,,,Point,"[80.222507, 26.557002]"
,CBR,CHAUBEPUR,,,Point,"[80.21142400000001, 26.598927999999997]"
,BJR,BARRAJPUR,,,Point,"[80.13867760000001, 26.685165899999998]"
,UTP,UTRIPURA,,,Point,"[80.095478, 26.73974]"
,DUO,DHAURSALAR,,,Point,"[80.08140399999999, 26.798349]"
,BLU,BILHAUR,,,Point,"[80.060383, 26.839002]"
,BKTS,BAKOTHIKHAS,,,Point,"[80.03776699999999, 26.87806]"
,ARL,AROUL,,,Point,"[80.01863300000001, 26.920662]"
,GWP,GANGAWAPUR HALT,,,Point,"[79.9979940411, 26.958804182199998]"
,MNMU,MANI MAU,,,Point,"[79.9651825488, 26.98913852]"
,KJN,KANNAUJ,,,Point,"[79.926109, 27.026507]"
,KJNC,KANNAUJ CITY,,,Point,"[79.909983, 27.039814]"
,JPP,JALALPUR PANWARA,,,Point,"[79.8736107968, 27.0623131608]"
,BC,BAREILLY CITY,,,Point,"[79.403718, 28.3556564]"
,NMDA,NEW MORINDA,,,Point,"[76.518125, 30.776469]"
,NLDM,NANGAL DAM,,,Point,"[76.37261500000001, 31.370543]"
,BNLY,BHANUPLI,,,Point,"[76.420351792, 31.2990814767]"
,ANSB,ANANDPUR SAHIB,,,Point,"[76.50060350000001, 31.2305136]"
,KART,KIRATPUR SAHIB,,,Point,"[76.563302, 31.186811000000002]"
,BARJ,BHARATGARH,,,Point,"[76.59140316889999, 31.1104617696]"
,GANL,GHANAULI,,,Point,"[76.59214300000001, 31.025994]"
,RPAR,RUPNAGAR,,,Point,"[76.533241, 30.972816]"
,MNPR,MINAPUR,,,Point,"[76.567332, 30.911265]"
,CTLI,CHATOULI,,,Point,"[76.580921825, 30.856220295700002]"
,KRLI,KURALI,,,Point,"[76.57193000000001, 30.835005000000002]"
,MRND,MORINDA,,,Point,"[76.502461, 30.791519]"
,NGWN,NOGANWAN,,,Point,"[76.44328700000001, 30.738403]"
,BSPN,BASSI PATHANAM,,,Point,"[76.4096692, 30.6884592]"
,FGSB,FATEHGARH SAHIB,,,Point,"[76.38812399999999, 30.650726]"
,CCSJ,CCSJ,,,,
,MTI,MITAWAL,,,Point,"[78.19892399999999, 27.292310999999998]"
,BRN,BARHAN,,,Point,"[78.19231699999999, 27.32891]"
,DSBP,DELHI SHAHDARA B PANEL,,,Point,"[77.342818, 28.670746]"
,CNJ,CHANDER NAGAR,,,Point,"[77.33120100000001, 28.662871000000003]"
,ANVR,ANAND VIHAR,,,Point,"[77.3140236, 28.6486144]"
,MWC,MANDAWALI CHANDER VIHAR,,,Point,"[77.253315, 28.613384]"
,CMR,CHAMROLA,,,Point,"[78.180143, 27.393031999999998]"
,JLS,JALESAR ROAD,,,Point,"[78.16993, 27.44546]"
,PORA,PORA,,,Point,"[78.154207, 27.532025]"
,HRS,HATHRAS JN,,,Point,"[78.13706699999999, 27.62483]"
,SNS,SASNI,,,Point,"[78.1224601752, 27.704263607599998]"
,MXK,MANDRAK,,,Point,"[78.1102865904, 27.7686349988]"
,DAQ,DAUD KHAN,,,Point,"[78.09879699999999, 27.830504]"
,ALJN,ALIGARH JN,,,Point,"[78.074559, 27.889584]"
,SBB,SAHIBABAD,,,Point,"[77.364182, 28.674037]"
,GZB,GHAZIABAD,,,Point,"[77.431099, 28.649702]"
,CYZ,CHIPYANA BUZURG,,,Point,"[77.45934600000001, 28.627976999999998]"
,MIU,MARIPAT,,,Point,"[77.495428, 28.586886]"
,DER,DADRI,,,Point,"[77.537422, 28.537940000000003]"
,BRKY,BORAKI,,,Point,"[77.56361700000001, 28.507907999999997]"
,AJR,AJAIBPUR,,,Point,"[77.59373730349999, 28.4728347205]"
,DKDE,DANKAUR,,,Point,"[77.64321100000001, 28.415313]"
,WAIR,WAIR,,,Point,"[77.69926699999999, 28.347255]"
,CHL,CHOLA,,,Point,"[77.72940894, 28.31216512]"
,GNRL,GANGRAUL,,,Point,"[77.75473000000001, 28.28297]"
,SKQ,SIKANDARPUR,,,Point,"[77.783931, 28.247759000000002]"
,KRJ,KHURJA JN,,,Point,"[77.81903999999999, 28.206407000000002]"
,KAMP,KAMALPUR,,,Point,"[77.83998100000001, 28.182673]"
,DAR,DANWAR,,,Point,"[77.88391252, 28.129968509999998]"
,SOM,SOMNA,,,Point,"[77.948193, 28.052674]"
,KLA,KULWA,,,Point,"[78.007062, 27.982509]"
,MWUE,MAHRAWAL,,,Point,"[78.04247000000001, 27.937875000000002]"
,KUR,KHURDA ROAD JN,,,Point,"[85.70823399999999, 20.153076]"
,RTN,RETANG,,,Point,"[85.760851, 20.199417999999998]"
,SRKT,SARKANTRA,,,Point,"[85.79623099999999, 20.228282]"
,LGTR,LINGARAJ TEMPLE ROAD,,,Point,"[85.81587200000001, 20.234947]"
,BBS,BHUBANESWAR,,,Point,"[85.84259499999999, 20.265388]"
,BNBH,BANI BIHAR,,,Point,"[85.852653, 20.292611]"
,MCS,MANCHESWAR,,,Point,"[85.84486600000001, 20.321861]"
,PTAB,PATIA HALT,,,Point,"[85.841374, 20.349273]"
,BRAG,BARANG,,,Point,"[85.832573, 20.400699]"
,PURI,PURI,,,Point,"[85.839992, 19.811459000000003]"
,MLT,MALATIPATPUR,,,Point,"[85.83177, 19.865258]"
,JKDP,JANKIDAIPUR,,,Point,"[85.81927, 19.888365]"
,SIL,SAKHI GOPAL,,,Point,"[85.816074, 19.942882]"
,BRST,BIR PURUSHOTTAMPUR,,,Point,"[85.80635131, 19.99039983]"
,JPRD,JENAPUR ROAD,,,Point,"[85.786572, 20.018355]"
,JERD,JENAPUR PH,,,Point,"[85.786976, 20.018615]"
,DEG,DELANG,,,Point,"[85.76695, 20.038474]"
,KASR,KANAS ROAD,,,Point,"[85.7428, 20.06205]"
,MWQ,MOTARI HALT,,,Point,"[85.72919200000001, 20.090583]"
,HPGM,HARIPUR GRAM,,,Point,"[85.707856, 20.133571999999997]"
,NQR,NARAJ MARTHAPUR,,,Point,"[85.779525, 20.459324]"
,SPSR,SARPESWAR PH,,,Point,"[85.744973, 20.482906]"
,GHNH,GHANTIKHAL NIDHIPUR,,,Point,"[85.736186, 20.510921999999997]"
,RQP,RADHAKISHOREPUR,,,Point,"[85.754538, 20.559919999999998]"
,RJGR,RAJTHAGARH,,,Point,"[85.741633, 20.576104]"
,JRZ,JORANDA ROAD,,,Point,"[85.640413, 20.623365]"
,KSRK,KASRAK HALT,,,Point,"[79.684256, 28.025029999999997]"
,SCPR,SHYAMA CHARANPUR HALT,,,Point,"[85.616279, 20.642413]"
,MZM,MUZZAMPUR NARAIN,,,Point,"[78.222356, 29.58301]"
,DOKY,DUKHERI,,,Point,"[76.8839, 30.294992]"
,KES,KESRI,,,Point,"[76.933887, 30.264574]"
,TDW,TANDWAL,,,Point,"[76.98871199999999, 30.23388]"
,RAA,BARARA,,,Point,"[77.035501, 30.213325]"
,MFB,MUSTAFABAD,,,Point,"[77.123303, 30.181009]"
,DZP,DARAZPUR,,,Point,"[77.195721, 30.152546]"
,JUDW,JAGADHRI WORKSHOP,,,Point,"[77.240819, 30.135558]"
,JUD,YAMUNANAGAR-JAGADHRI,,,Point,"[77.287602, 30.116844]"
,KNZ,KALANOUR,,,Point,"[77.341227, 30.082428]"
,SSW,SARSAWA,,,Point,"[77.42396000000001, 30.024226]"
,PKY,PILKHANI,,,Point,"[77.472879, 29.997528]"
,SRE,SAHARANPUR,,,Point,"[77.54173899999999, 29.960529]"
,HNC,HINDAN CABIN,,,Point,"[77.597212, 29.940002]"
,BAE,BALIAKHERI,,,Point,"[77.63368, 29.9285]"
,SNKE,SUNEHTI KHARKHARI,,,Point,"[77.683524, 29.913102000000002]"
,YJUD,YAMUNANAGAR JAGADHARI,,,Point,"[77.28757996649999, 30.1174255334]"
,BHAW,BLOCK HUT A (BHA),,,Point,"[80.98059500000001, 26.802226]"
,UTR,UTRAHTIA,,,Point,"[80.974031, 26.763061]"
,BHDH,BAHADURPUR HALT,,,Point,"[79.7825431824, 27.9522550839]"
,BTRA,BANTHRA,,,Point,"[79.82818, 27.929239]"
,SPN,SHAHJEHANPUR,,,Point,"[79.904605, 27.894224]"
,SXK,SHAJAHANPURCORT,,,Point,"[79.913517, 27.890862000000002]"
,ROZA,ROZA JN,,,Point,"[79.956038, 27.853121]"
,PRPM,PT RAM PRASAD BISMIL,,,Point,"[79.957596, 27.814705]"
,MGMY,MUGHAL SARAI MARSHALING YARD,,,Point,"[83.1361698425, 25.287126389900003]"
,KKRH,KARAHIA,,,Point,"[83.771397, 25.471614]"
,GMR,GAHMAR,,,Point,"[83.80443100000001, 25.488685]"
,BQW,BARAKALAN,,,Point,"[83.8494928638, 25.4915162541]"
,CSA,CHAUSA,,,Point,"[83.89633140379999, 25.4984911003]"
,KH,KAHILIYA,,,Point,"[79.960138, 27.775896]"
,AIG,ALGAWAN,,,Point,"[79.963236, 27.700598000000003]"
,AJI,ANJHI SHAHABAD,,,Point,"[79.973314, 27.643994]"
,SHRM,SHARMA,,,Point,"[80.003288, 27.603853]"
,TDP,TODARPUR,,,Point,"[80.020029, 27.579601]"
,BEG,BEHTAGOKUL,,,Point,"[80.054854, 27.530433600000002]"
,LBH,DILKUSHA CABIN,,,Point,"[80.966867, 26.83113]"
,ZBD,ZAFARABAD JN,,,Point,"[82.719014, 25.708436]"
,SIQ,SARKONI,,,Point,"[82.75211999999999, 25.643114]"
,JLL,JALALGANJ,,,Point,"[82.772465, 25.612516]"
,TLMD,TRILOCHAN MAHDO,,,Point,"[82.804378, 25.564702]"
,KSF,KHALISPUR,,,Point,"[82.83174700000001, 25.525798]"
,PDRD,PINDRA ROAD,,,Point,"[82.851162, 25.497052]"
,BTP,BABATPUR,,,Point,"[82.8800248, 25.453616]"
,BRPT,BIRAPATTI,,,Point,"[82.917265, 25.398912999999997]"
,SOP,SHIUPUR,,,Point,"[82.946972, 25.355419]"
,BSBY,VARANASI YARD,,,Point,"[82.9751998096, 25.3252123487]"
,PWXP,PAWANI KUMARPUR HALT,,,Point,"[83.9359635205, 25.5276889185]"
,BXR,BUXAR,,,Point,"[83.982184, 25.562067]"
,BUE,BARUNA,,,Point,"[84.08917199999999, 25.569781000000003]"
,BKKS,BAKAS,,,Point,"[81.051489, 26.776082000000002]"
,APG,ANUPGANJ,,,Point,"[81.126093, 26.757292]"
,RMNR,RAHMAT NAGAR,,,Point,"[81.1558950446, 26.744797359499998]"
,CDRL,CHHANDRAULI,,,Point,"[81.23044, 26.699202]"
,TEG,TIRBEDIGANJ,,,Point,"[81.281105, 26.667533]"
,HGH,HAIDERGARH,,,Point,"[81.363162, 26.621533]"
,CHBS,CHAUBISI,,,Point,"[81.43362396730001, 26.576806771900003]"
,AKJ,AKBARGANJ,,,Point,"[81.501628, 26.531456000000002]"
,SYW,SINDURWA,,,Point,"[81.56944, 26.492121]"
,NHH,NIHALGARH,,,Point,"[81.632581, 26.460131]"
,WGJ,WARIS GANJ HALT,,,Point,"[81.6954767206, 26.434504081500002]"
,AHZ,ADHINPUR,,,Point,"[81.726848, 26.418478]"
,MFKA,MUSAFIR KHANA,,,Point,"[81.79981699999999, 26.379585]"
,SHNG,SHIVNAGAR,,,Point,"[81.882608, 26.336305000000003]"
,BDKN,BANDHUA KALAN,,,Point,"[81.99539200000001, 26.271965]"
,SLN,SULTANPUR,,,Point,"[82.066106, 26.263027]"
,PKX,PAKHRULI,,,Point,"[82.122568, 26.205027]"
,BDIN,BHADAIYAN,,,Point,"[82.169148, 26.171113000000002]"
,LBA,LAMBHUA,,,Point,"[82.223283, 26.133687000000002]"
,MWP,MAHRANI PACHHIM,,,Point,"[82.288578, 26.087672]"
,CHDA,CHANDA (HALT),,,Point,"[82.30754300000001, 26.063822]"
,KEPR,KOIRIPUR,,,Point,"[82.33959499999999, 26.02164]"
,NIMG,NIMA GOPALPUR,,,Point,"[82.364038, 25.992862000000002]"
,HRPG,HARPALGANJ,,,Point,"[82.405421, 25.947582999999998]"
,SKN,SRIKRISHNA NAGAR,,,Point,"[82.447803, 25.88403]"
,SVZ,SARAI HARKHU,,,Point,"[82.506309, 25.835891]"
,BKSA,BAKHSHA,,,Point,"[82.57318000000001, 25.78236]"
,JOP,JAUNPUR CITY,,,Point,"[82.666999, 25.734125]"
,JNUK,JAUNPUR KUTCHERRY,,,Point,"[82.692607, 25.725186]"
,ARA,ARA,,,Point,"[84.66259600000001, 25.548889]"
,JMIR,JAMIRA HALT,,,Point,"[84.70946636229999, 25.558928076100003]"
,KUA,KULHARIA,,,Point,"[84.757807, 25.568172999999998]"
,CPPR,CPPR,,,,
,DURE,DUMRAON,,,Point,"[84.14386499999999, 25.571984]"
,TWG,TWINING GANJ,,,Point,"[84.218022, 25.568766]"
,VKDH,VEER KUNWAR HALT,,,Point,"[84.254875, 25.567584999999998]"
,RPR,RAGHUNATHPUR,,,Point,"[84.305227, 25.565439]"
,SKRI,SIKARIA,,,Point,"[84.34768584109999, 25.5633290199]"
,BYN,BANAHI,,,Point,"[84.389916, 25.561301]"
,ASJP,AMAR SAHEED JAGDEV P HALT,,,Point,"[84.409699, 25.560087000000003]"
,BEA,BIHIYA,,,Point,"[84.448984, 25.558893]"
,RNTE,RAMANAND,,,Point,"[84.49105300000001, 25.554842]"
,XSAN,SARVODAYA HALT,,,Point,"[84.5006828052, 25.554117487]"
,KYA,KAURIYA,,,Point,"[84.5212854932, 25.5509123644]"
,KRS,KARISATH,,,Point,"[84.563141, 25.549488]"
,JGWL,JAGJIVAN HALT,,,Point,"[84.630119, 25.547891999999997]"
,KWR,KOELWAR,,,Point,"[84.792055, 25.5687]"
,VHCH,BLOCK CABIN CHAKKI,,,Point,"[84.806277, 25.559662]"
,PAIL,PAIL,,,,
,BTA,BIHTA,,,Point,"[84.8740874, 25.560948600000003]"
,PATL,PATEL HALT,,,Point,"[84.89852553829999, 25.5647952991]"
,SDE,SADISOPUR,,,Point,"[84.916992, 25.566169000000002]"
,GNHI,GANDHI HALT,,,Point,"[84.961546925, 25.5720007108]"
,NEO,NEORA,,,Point,"[84.986523, 25.57459]"
,DNR,DANAPUR,,,Point,"[85.044629, 25.581921]"
,PWS,PHULWARI SHARIF,,,Point,"[85.07942999999999, 25.586297]"
,SCY,SACHIWALAY HALT,,,Point,"[85.1173521326, 25.5962020296]"
,ULR,ULTADANGA ROAD,,,,
,CLWS,CLWS,,,,
,JUNC,JUNC,,,,
,ETYD,ETYD,,,,
,LCAB,LCAB,,,,
,CP,KOLKATA,,,Point,"[88.375198, 22.566792999999997]"
,TALA,TALLA,,,Point,"[88.37956299999999, 22.606458]"
,BBR,BAGH BAZAR,,,Point,"[88.36524556, 22.60512587]"
,SOLA,SOVABAZAR-AHIRI,,,Point,"[88.35493799999999, 22.597663999999998]"
,BZB,BARRA BAZAR,,,Point,"[88.351803, 22.590907]"
,BBDB,BENOY BADAL DINESH GARDENS,,,Point,"[88.34685800000001, 22.577047]"
,EDG,EDEN GARDENS,,,Point,"[88.339472, 22.565207]"
,PPGT,PRINCEP GHAT,,,Point,"[88.33202200000001, 22.557153999999997]"
,KIRP,KHIDIRPUR,,,Point,"[88.315889, 22.5357]"
,RMTR,REMOUNT ROAD,,,Point,"[88.316273, 22.525427999999998]"
,MJT,MAJERHAT,,,Point,"[88.322256, 22.518978]"
,NACC,NEW ALIPUR (CALCUTTA),,,Point,"[88.33492, 22.510862]"
,TLG,TOLLY GANJ,,,Point,"[88.346908, 22.507909]"
,MILE,MILE-FIVEB,,,Point,"[88.343231, 22.509943999999997]"
,LKF,LAKE GARDENS,,,Point,"[88.35237095000001, 22.50794733]"
,BLN,BALLYGUNGE JN,,,Point,"[88.37206854, 22.51983196]"
,PQS,PARK CIRCUS,,,Point,"[88.374176, 22.541428999999997]"
,BELG,BELG,,,,
,DNKL,DHENKANAL,,,Point,"[85.59087799999999, 20.676825]"
,DKUR,DOKUR,,,Point,"[77.85341299999999, 16.592578000000003]"
,RJAP,RAJAPUR,,,Point,"[78.163648, 16.859603]"
,DNDL,DANDI MAL,,,Point,"[85.53418, 20.715235]"
,SBP,SAMBALPUR,,,Point,"[83.9603252667, 21.4830514376]"
,SBPD,SAMBALPUR ROAD,,,Point,"[83.9757114679, 21.4779003477]"
,SSPR,SADASHIBAPUR,,,Point,"[85.504693, 20.735286]"
,MHDB,MAHADIA PH,,,Point,"[85.475883, 20.750947]"
,HND,HINDOL ROAD,,,Point,"[85.424456, 20.768563]"
,NBT,NAYABAGIRTHIPUR,,,Point,"[85.382445, 20.781585]"
,MRDL,MERAMANDOLIL,,,Point,"[85.30494300000001, 20.802387]"
,BDPK,BURHAPANKA,,,Point,"[85.25582286000001, 20.853156679999998]"
,TLHD,TALCHER ROAD,,,Point,"[85.207934, 20.886651]"
,ANGL,ANGUL,,,Point,"[85.099994, 20.859445]"
,KPJG,KEREJANGA,,,Point,"[84.97670600000001, 20.855813]"
,JRPD,JARAPADA,,,Point,"[84.887597, 20.885087]"
,BONA,BOINDA,,,Point,"[84.74820639999999, 20.9200366]"
,HNPA,HANDAPA,,,Point,"[84.684665, 20.943324]"
,SRGP,SARAGIPALLI,,,Point,"[84.565386, 20.98404]"
,BAMR,BAMUR,,,Point,"[84.475865, 21.006738]"
,RAIR,RAIRAKHOL,,,Point,"[84.333562, 21.046744999999998]"
,CHAR,CHARMAL,,,Point,"[84.204417, 21.095391]"
,JUJA,JUJUMURA,,,Point,"[84.134611, 21.239342]"
,HATB,HATIBARI,,,Point,"[84.11793899999999, 21.309386]"
,MANE,MANESWAR,,,Point,"[84.04398800000001, 21.411344]"
,SBPY,SAMBALPUR CITY,,,Point,"[84.0076171613, 21.4770222859]"
,JSME,JASIDIH JN,,,Point,"[86.644255, 24.514517]"
,TTN,TULSITANR,,,Point,"[86.6144068317, 24.568995679700002]"
,LHB,LAHABON,,,Point,"[86.6001380908, 24.6403400956]"
,TLB,TALWA BAZAR,,,Point,"[86.55630277830001, 24.694736735]"
,STL,SIMULTALA,,,Point,"[86.541782, 24.713365]"
,GHN,GHORPARAN,,,Point,"[86.4985295715, 24.741624780800002]"
,NRGO,NARGANJO HALT,,,Point,"[86.4578033173, 24.7439751193]"
,RJLA,RAJLA,,,Point,"[86.4230669043, 24.7563630003]"
,JAJ,JHAJHA,,,Point,"[86.399854, 24.779456]"
,DPX,DADPUR,,,Point,"[86.34907600000001, 24.829399000000002]"
,GHR,GIDHAUR,,,Point,"[86.324005, 24.856169]"
,CUX,CHAURA,,,Point,"[86.287062, 24.918896]"
,JMU,JAMUI,,,Point,"[86.25477500000001, 24.971949]"
,KDER,KUNDER HALT,,,Point,"[86.1856142041, 25.0513208329]"
,BFM,BHALUI,,,Point,"[86.172874585, 25.0732160325]"
,MNP,MANANPUR,,,Point,"[86.15540512449999, 25.1049319287]"
,BLHR,BALAHAPUR HALT,,,Point,"[86.14781537840001, 25.1202705418]"
,BSQP,BANSIPUR,,,Point,"[86.1448204578, 25.1245132245]"
,LCK,LAKHOCHAK HALT,,,Point,"[86.13641071170001, 25.139184912599998]"
,MHLT,MAHESH LETA HALT,,,Point,"[86.1301575793, 25.1511094241]"
,MOR,MOR,,,Point,"[85.8567601593, 25.43034549]"
,GZH,GULZARBAGH,,,Point,"[85.205232, 25.597542]"
,PNC,PATNA SAHEB,,,Point,"[85.230942, 25.585856]"
,DDGJ,DEEDARGANJ,,,Point,"[85.2575111389, 25.5695431489]"
,BKG,BANKA GHAT,,,Point,"[85.27274200000001, 25.547008]"
,FUT,FATWA,,,Point,"[85.305488, 25.50144]"
,BCYN,BUDHDEVCHAK Y NAGAR,,,Point,"[85.3313080389, 25.4968269712]"
,HDE,HARDAS BIGHA,,,Point,"[85.3276678, 25.496924]"
,KOO,KHUSROPUR,,,Point,"[85.387309, 25.484893]"
,MJM,MANJHAULIGRAM H,,,Point,"[85.422051, 25.478252]"
,KWO,KARAUTA,,,Point,"[85.46824000000001, 25.468639]"
,SMBH,SALIM PUR BIHAR,,,Point,"[85.44577199999999, 25.473618]"
,TKBG,TEKA BIGHA HALT,,,Point,"[85.485186, 25.465009000000002]"
,BKP,BAKHTIYARPUR JN,,,Point,"[85.52956400000001, 25.456110000000002]"
,JPML,JAI PRAKASH MAHULI,,,Point,"[85.600631, 25.453799999999998]"
,ATL,ATHMAL GOLA,,,Point,"[85.6213724115, 25.453014977800002]"
,ACU,ACHUARA HALT,,,Point,"[85.661087, 25.45273]"
,BARH,BARH,,,Point,"[85.70942600000001, 25.46165]"
,SHT,SAHARI HALT,,,Point,"[85.7277666345, 25.475692697299998]"
,RLE,RAILEY ENGLISH HALT,,,Point,"[85.75569245480001, 25.4829711754]"
,LEB,LEMUABAD,,,Point,"[85.7783575873, 25.482271329699998]"
,PHK,PUNARAKH,,,Point,"[85.803757, 25.481495000000002]"
,MMKB,MEMRAKHABAD,,,Point,"[85.82685199999999, 25.472507999999998]"
,KNHP,KANHAIPUR,,,Point,"[85.838512, 25.45827]"
,BHAD,BARHAPUR HALT,,,Point,"[85.86024300000001, 25.427352]"
,SIVN,SIVNAR HALT,,,Point,"[85.880824, 25.40468]"
,MKA,MOKAMEH JN,,,Point,"[85.91304899999999, 25.391885]"
,ANAH,AUNTA HALT,,,Point,"[85.94936398009999, 25.3804334414]"
,PNBE,PATNA JN,,,Point,"[85.136824, 25.60256]"
,RJPB,RAJENDRA NAGAR BIHAR,,,Point,"[85.162449, 25.603351]"
,KBQ,KUMRABAD ROHINI,,,Point,"[86.64534800000001, 24.467308]"
,SNQ,SANKARPUR,,,Point,"[86.637552, 24.427623]"
,MUW,MATHURAPUR,,,Point,"[86.631692, 24.386518000000002]"
,NPZ,NAWAPATRA,,,Point,"[86.64786699999999, 24.318387]"
,MDP,MADHUPUR JN,,,Point,"[86.642183, 24.270633]"
,JRW,JORAMOW,,,Point,"[86.707773, 24.201663]"
,MNC,MADANKATA,,,Point,"[86.70195, 24.140881]"
,VDS,VIDYASAGAR,,,Point,"[86.69841500000001, 24.103820000000002]"
,KEE,KASEETAR,,,Point,"[86.75251, 24.004444]"
,JMT,JAMTARA,,,Point,"[86.805183, 23.958904]"
,BM,BODMA,,,Point,"[86.852624, 23.897286]"
,CRJ,CHITTARANJAN,,,Point,"[86.878036, 23.857138000000003]"
,RNPR,RUPNARAYANPUR,,,Point,"[86.885481, 23.818703000000003]"
,SLS,SALANPUR,,,Point,"[86.876395, 23.760355]"
,CPY,CHAPRAMARI,,,Point,"[88.39220399999999, 22.600493]"
,PTKR,PATIPUKUR,,,Point,"[88.395055, 22.605667999999998]"
,GNT,GUNTUR JN,,,Point,"[80.44197299999999, 16.300784]"
,NLPD,NALLAPADU,,,Point,"[80.397756, 16.308263]"
,PRCA,PERECHERLA,,,Point,"[80.339519, 16.319601000000002]"
,PPM,PHIRANGIPURAM,,,Point,"[80.255894, 16.292376]"
,NDPU,NUDURUPADU,,,Point,"[80.193376, 16.273407]"
,STUR,SATULUR,,,Point,"[80.13881099999999, 16.254465]"
,NRT,NARASARAOPET,,,Point,"[80.041607, 16.231527]"
,MUK,MUNUMAKA,,,Point,"[79.981319, 16.190922]"
,SAB,SANTAMAGULUR,,,Point,"[79.91505599999999, 16.147071]"
,VLE,VELLALCHERUVU H,,,Point,"[79.8886640826, 16.1317836869]"
,SYM,SAVALYAPURAM,,,Point,"[79.81953, 16.102801]"
,VKN,VINUKONDA,,,Point,"[79.748004, 16.050748]"
,CEM,CHEEKATEEGALPLM,,,Point,"[79.682842, 16.011698]"
,GKM,GUNDALUKAMMA,,,Point,"[79.645362, 15.985909]"
,KCD,KURICHEDU,,,Point,"[79.572175, 15.913391]"
,POO,POTLAPADU,,,Point,"[79.523864, 15.873337]"
,DKD,DONAKONDA,,,Point,"[79.484112, 15.834631000000002]"
,GJJ,GAJJELAKONDA,,,Point,"[79.401298, 15.777382]"
,KOAA,KOLKATA CHITPUR,,,Point,"[88.385179, 22.601174999999998]"
,KANL,KANL,,,,
,INCI,ISHAN CHANDI HALT,,,Point,"[87.7396679724, 23.3336497763]"
,GLI,GALSI,,,Point,"[87.681236, 23.358032]"
,PAJ,PARAJ,,,Point,"[87.62750500000001, 23.387863]"
,MNAE,MANKAR,,,Point,"[87.555822, 23.420373]"
,PAN,PANAGARH,,,Point,"[87.439587, 23.443034]"
,RBH,RAJBANDH,,,Point,"[87.372314, 23.476136]"
,DGR,DURGAPUR,,,Point,"[87.297902, 23.495046000000002]"
,DCOP,DURGAPUR COKE OVEN PLANT EXCHANGE YARD SDG WARIA,,,Point,"[87.298232, 23.505136]"
,OYR,WARIA,,,Point,"[87.246177, 23.537562]"
,POL,PINJRAPOL,,,Point,"[87.232307, 23.549642]"
,EOC,UDL EAST OUTER CABIN,,,Point,"[87.20360799999999, 23.569452000000002]"
,UDLE,ANDAL-EAST/CABIN,,,Point,"[87.199696, 23.57172]"
,UDL,ANDAL JN,,,Point,"[87.181194, 23.579012000000002]"
,UDLW,ANDAL WEST CABIN,,,Point,"[87.168796, 23.584024]"
,CCK,CHICHAKI,,,Point,"[85.9917268481, 24.053224666]"
,GRBH,GAREA BIHAR,,,Point,"[85.9155275354, 24.1289485964]"
,BHN,BHULI,,,Point,"[86.39469277709999, 23.8022772592]"
,TET,TETULMARI,,,Point,"[86.34357, 23.814441]"
,NPJE,NICHITPUR,,,Point,"[86.28776500000001, 23.825908]"
,MRQ,MATARI,,,Point,"[86.239035, 23.840519]"
,GMO,GOMOH JN,,,Point,"[86.14823, 23.873106]"
,BLME,BHOLLDIH,,,Point,"[86.116898, 23.898444]"
,NMG,NIMIAGHAT,,,Point,"[86.07621300000001, 23.932092]"
,PNME,PARASNATH,,,Point,"[86.037862, 23.987971]"
,CEME,CHEGRO,,,Point,"[85.964766012, 24.0842485151]"
,CDB,CHAUDHRIBANDH,,,Point,"[85.9464457367, 24.1118528783]"
,KRMB,KARMABAD BH,,,Point,"[85.973866, 24.07875]"
,HZD,HAZARIBAGH ROAD,,,Point,"[85.892035, 24.174583]"
,KSHR,KESHWARI,,,Point,"[85.86420199999999, 24.194872999999998]"
,CBH,CHAUBE,,,Point,"[85.8160239368, 24.2372952691]"
,DSME,DASARA,,,Point,"[85.790855545, 24.274602265600002]"
,PSB,PARSABAD,,,Point,"[85.73873, 24.307559]"
,YDD,YADUDIH,,,Point,"[85.70089899999999, 24.329874999999998]"
,SMND,SARMATANR,,,Point,"[85.65550400000001, 24.344874]"
,HRE,HIRODIH,,,Point,"[85.596658, 24.38304]"
,LRB,LARABAD,,,Point,"[85.562123, 24.407020999999997]"
,KQR,KODERMA,,,Point,"[85.52945799999999, 24.434741000000002]"
,GJD,GUJHANDI,,,Point,"[85.463683, 24.498121]"
,LBZ,LALBAG BH,,,Point,"[85.446702, 24.509662]"
,DLW,DILWA,,,Point,"[85.41970863, 24.53731788]"
,NGY,NATH GANJ,,,Point,"[85.385094, 24.545616]"
,BSCP,BASKATWA B. H.,,,Point,"[85.366148, 24.547613]"
,YGM,YADUGRAM BH,,,Point,"[85.32401399999999, 24.543289]"
,GAP,GURPA,,,Point,"[85.29708, 24.562542]"
,PRP,PAHARPUR,,,Point,"[85.204571, 24.624931999999998]"
,BNSL,BANSINALA HALT,,,Point,"[85.16182409000001, 24.66529241]"
,TKN,TANKUPPA,,,Point,"[85.119402, 24.704046]"
,BNF,BANDHUA,,,Point,"[85.06620037, 24.75197374]"
,MPO,MANPUR JN,,,Point,"[85.044738, 24.807111000000003]"
,SICY,SHAHEED ISHWAR CHOWDHARY HALT,,,Point,"[85.01490964999999, 24.80741419]"
,GAYA,GAYA JN,,,Point,"[84.999294, 24.803978]"
,WCB,WEST CABIN GAYA,,,Point,"[84.971299, 24.798676]"
,KSTA,KASTHA,,,Point,"[84.921751, 24.802484]"
,PRY,PARAIYA,,,Point,"[84.85079200000001, 24.809464]"
,GRRU,GURARU,,,Point,"[84.791831, 24.811113]"
,IMGE,ISMAILPUR,,,Point,"[84.723433, 24.815523000000002]"
,RFJ,RAFIGANJ,,,Point,"[84.634804, 24.819694000000002]"
,DORD,DEO ROAD,,,Point,"[84.5634225305, 24.823073676299998]"
,JHN,JAKHIM,,,Point,"[84.52567784239999, 24.8288034748]"
,PES,PHESAR,,,Point,"[84.41808499999999, 24.845489]"
,AUBR,ANUGRAHA NARAYAN ROAD,,,Point,"[84.3298444, 24.855955599999998]"
,CPBH,CHIRAILA,,,Point,"[84.269003, 24.863478]"
,SEB,SON NAGAR,,,Point,"[84.22927299999999, 24.882212999999997]"
,ADSR,ADSR,,,Point,"[84.19221399999999, 24.909345]"
,DOS,DEHRI ON SONE,,,Point,"[84.185434, 24.914894999999998]"
,PHE,PAHALEJA HALT,,,Point,"[84.144817, 24.932644]"
,MRK,MARKAPUR ROAD,,,Point,"[79.301115, 15.714678]"
,RAI,RAIBHA,,,Point,"[77.803634, 27.181549999999998]"
,BCP,BICHPURI,,,Point,"[77.91435, 27.176397]"
,IDH,IDGAH AGRA JN,,,Point,"[77.997807, 27.17265]"
,AF,AGRA FORT,,,Point,"[78.0191, 27.183308]"
,JAB,YAMUNA BRIDGE AGRA,,,Point,"[78.03812699999999, 27.191512]"
,CHLR,CHHALESAR,,,Point,"[78.084141, 27.212079000000003]"
,KBP,KUBERPUR,,,Point,"[78.128812, 27.221966]"
,ETUE,ETMADPUR,,,Point,"[78.197973, 27.221535999999997]"
,COI,CHEOKI,,,Point,"[81.864916, 25.379668]"
,KCN,KARCHANA,,,Point,"[81.916127, 25.313666]"
,BEP,BHEERPUR,,,Point,"[81.98924, 25.265024]"
,MJA,MEJA ROAD,,,Point,"[82.089337, 25.221545]"
,UND,UNCHDIH,,,Point,"[82.1633748193, 25.1924197817]"
,JIA,JIGNA,,,Point,"[82.32555500000001, 25.157891]"
,GAE,GAIPURA,,,Point,"[82.38624899999999, 25.16045]"
,BEO,BIROHE,,,Point,"[82.449749, 25.173789]"
,BKN,BIKANER JN,,,Point,"[73.31659800000001, 28.014139]"
,UMS,UDRAMSAR,,,Point,"[73.3438365942, 27.922973867499998]"
,PAE,PALANA,,,Point,"[73.273605, 27.845285999999998]"
,DSO,DESHNOK,,,Point,"[73.338483, 27.791303]"
,SPO,SURPURA,,,Point,"[73.442249, 27.706677000000003]"
,NOK,NOKHA,,,Point,"[73.47484800000001, 27.556203]"
,CLO,CHILO,,,Point,"[73.52546099999999, 27.446624]"
,SBLJ,SHRI BALAJI,,,Point,"[73.5373822888, 27.416761083900003]"
,ALAI,ALAI,,,Point,"[73.58576799999999, 27.337097]"
,BWS,BADWASI,,,Point,"[73.663015, 27.311355]"
,NGO,NAGAUR,,,Point,"[73.72357199999999, 27.199991]"
,MDW,MARWAR MUNDWA,,,Point,"[73.815965, 27.063606]"
,KJW,KHAJWANA,,,Point,"[73.861764, 26.923262]"
,DSL,DESWAL,,,Point,"[73.885443, 26.850374000000002]"
,MCPE,MARWAR CHAPRI,,,Point,"[73.9073942175, 26.7834880329]"
,GADJ,GANDHINAGAR JAIPUR,,,Point,"[75.79827999999999, 26.873067000000002]"
,BMH,BETAMCHERLA,,,Point,"[78.148636, 15.449372]"
,GTJT,GETOR JAGATPURA,,,Point,"[75.832384, 26.836925]"
,KWP,KHATIPURA,,,Point,"[75.89049800000001, 26.835709]"
,KUT,KANAUTA,,,Point,"[75.955996106, 26.842216007599998]"
,BAI,BASSI,,,Point,"[76.047213, 26.840616999999998]"
,JHIR,JHIR,,,Point,"[76.1146920331, 26.852187381900002]"
,KXI,KURUMURTHI,,,Point,"[77.863463, 16.494924]"
,BSKO,BANSKHO,,,Point,"[76.142206, 26.856115]"
,TLU,TARLUPADU,,,Point,"[79.21946200000001, 15.660536]"
,JW,JATWARA,,,Point,"[76.2140548169, 26.8688202925]"
,CBM,CUMBUM,,,Point,"[79.110832, 15.592947]"
,KRNT,KURNOOL TOWN,,,Point,"[78.032655, 15.833715]"
,ALPR,ALAMPUR ROAD,,,Point,"[78.047012, 15.895657]"
,BNDN,BHANDANA,,,Point,"[76.25247399999999, 26.878914]"
,SBBJ,JOGULAMBA HALT,,,Point,"[78.04160499999999, 15.915692]"
,MOA,MANOPAD,,,Point,"[77.941968, 15.994114]"
,IKI,ITKYALA,,,Point,"[77.852531, 16.074589]"
,DO,DAUSA,,,Point,"[76.330336, 26.900046999999997]"
,PDNA,PEDDADINNE,,,Point,"[77.83502, 16.100078]"
,PDO,PUDURU,,,Point,"[77.820931, 16.153896999999997]"
,GWD,GADWAL,,,Point,"[77.80967199999999, 16.22509]"
,BAK,BHAN KARI,,,Point,"[76.4094554639, 26.962546793999998]"
,ARPL,AREPALLI HALT,,,Point,"[77.862369, 16.270533999999998]"
,SRNR,SRIRAMNAGAR,,,Point,"[77.865894, 16.306568]"
,AJK,AJAKOLLU,,,Point,"[77.8736361627, 16.3467833327]"
,KVGM,KOLVAGRAM,,,Point,"[76.46876528439999, 26.9894838995]"
,WPR,WANPARTI ROAD,,,Point,"[77.88514998289999, 16.3820535896]"
,KONN,KONNUR,,,Point,"[77.884404, 16.424621000000002]"
,KQQ,KAUKUNTLA,,,Point,"[77.850451, 16.538962]"
,DKC,DEVARKADRE,,,Point,"[77.838261, 16.630504]"
,KTKA,KOTAKADRA,,,Point,"[77.869477, 16.668744]"
,MQN,MANYAMKONDA,,,Point,"[77.904883, 16.683425]"
,MHBT,MAHBUBNAGAR TOWN HALT,,,Point,"[77.982649, 16.742879000000002]"
,MBNR,MAHBUBNAGAR,,,Point,"[77.999429, 16.757768]"
,YNG,YENUGONDA,,,Point,"[78.036337, 16.758073]"
,BKI,BANDIKUI JN,,,Point,"[76.56672300000001, 27.039271]"
,JBK,JAGGAMBOTLA KRISHNAPURAM,,,Point,"[79.071072, 15.551155999999999]"
,SDV,SOMIDEVIPALLE,,,Point,"[79.038111, 15.4534]"
,GMA,GUDIMETTA,,,Point,"[79.010485, 15.424449000000001]"
,YADA,YADA,,,,
,GID,GIDDALUR,,,Point,"[78.925583, 15.379008]"
,KSTE,KISTAMSETTIPALI,,,Point,"[78.883844, 15.372380000000001]"
,DMT,DIGUVAMETTA,,,Point,"[78.826206, 15.394929999999999]"
,CMZ,CHALAMA,,,Point,"[78.695312, 15.422638000000001]"
,GZL,GAZULAPALLI,,,Point,"[78.600125, 15.430850000000001]"
,NDL,NANDYAL,,,Point,"[78.472545, 15.468024]"
,PNM,PANYAM,,,Point,"[78.339158, 15.50076]"
,ARNA,ARNIA,,,Point,"[76.5171796234, 27.0101287751]"
,KEF,KRISHNAMA KONA,,,Point,"[78.267907, 15.505221]"
,BEY,B CEMENT NAGAR,,,Point,"[78.19541209, 15.48632233]"
,RGM,RANGAPURAM,,,Point,"[78.059153, 15.406776]"
,MLK,MALKAPURAM,,,Point,"[77.96755599999999, 15.368943999999999]"
,BVO,BOGOLU,,,Point,"[77.914295, 15.473393]"
,DHNE,DHONE,,,Point,"[77.865727, 15.396729]"
,VDI,VELDURTI,,,Point,"[77.927621, 15.553699]"
,UKD,ULINDAKONDA,,,Point,"[77.968687, 15.652934]"
,DUU,DUPADU,,,Point,"[78.01325899999999, 15.742888]"
,KOLA,KOTLA,,,Point,"[78.03755196290001, 15.8120341064]"
,DTP,DIVITI PALLI,,,Point,"[78.08417499999999, 16.740883]"
,CDAE,CHANDANPUR,,,Point,"[88.17617700000001, 22.8813]"
,PBZ,PORABAZAR,,,Point,"[88.15914000000001, 22.916427]"
,BMAE,BELMURI,,,Point,"[88.15233111, 22.93272742]"
,DNHL,DHANIAKHALI,,,Point,"[88.143651, 22.95019]"
,SHBC,SIBAICHANDI,,,Point,"[88.13369, 22.974465]"
,CRAE,CHERAGRAM BH.,,,Point,"[88.126806, 22.993969]"
,HIH,HAJIGARH,,,Point,"[88.121403, 23.007032]"
,GRAE,GURAP,,,Point,"[88.112282, 23.02534]"
,JPQ,JHAPANDANGA,,,Point,"[88.091187, 23.064129]"
,JRAE,JAUGRAM,,,Point,"[88.080887, 23.078737]"
,NBAE,NABAGRAM,,,Point,"[88.06690900000001, 23.09918]"
,MSAE,MASAGRAM,,,Point,"[88.042182, 23.134791]"
,CHC,CHANCHAI,,,Point,"[88.025521, 23.157905]"
,PRAE,PALLA ROAD,,,Point,"[88.00912100000001, 23.179393]"
,DKAE,DANKUNI,,,Point,"[88.291491, 22.677422]"
,GBRA,GOBRA,,,Point,"[88.279274, 22.695504]"
,JOX,JANAI ROAD,,,Point,"[88.26510999999999, 22.722379]"
,BPAE,BEGUMPUR,,,Point,"[88.255644, 22.737627]"
,BRPA,BARUIPARA,,,Point,"[88.237381, 22.766787]"
,MBE,MIRZAPUR BANKIPUR,,,Point,"[88.224626, 22.78738]"
,BLAE,BALARAMBATI,,,Point,"[88.21216842, 22.8068127]"
,KQU,KAMARKUNDU,,,Point,"[88.205127, 22.821631]"
,KQLS,KAMARKUNDU,,,Point,"[88.204309, 22.820899]"
,MDSE,MADHU SUDANPUR,,,Point,"[88.193499, 22.845108]"
,SDAH,KOLKATA SEALDAH,,,Point,"[88.374713, 22.566758]"
,NKG,NARKALDENGA COACHING YARD,,,Point,"[88.37910995610001, 22.5719746424]"
,KGK,KANKURGACHHI ROAD,,,Point,"[88.385079, 22.572603]"
,BNXR,BIDHAN NAGAR,,,Point,"[88.391045, 22.592432]"
,DDJ,DUM DUM,,,Point,"[88.392835, 22.621717]"
,BARN,BARANAGAR ROAD,,,Point,"[88.37831077, 22.6530928]"
,DAKE,DAKSHINESWAR,,,Point,"[88.36363519999999, 22.6534841]"
,BLYG,BALLY GHAT,,,Point,"[88.347431, 22.652173]"
,BLYH,BALIHALT,,,Point,"[88.33860800000001, 22.652604]"
,RCD,RAJCHANDRAPUR,,,Point,"[88.321219, 22.652739]"
,CCRL,CC RLY LINK CAB,,,Point,"[88.315286, 22.652855]"
,CCLW,CCLINK-WEST,,,Point,"[88.305512, 22.657411]"
,GGSY,GANGA SAHAI,,,Point,"[86.018783, 25.269767]"
,DMRX,DUMRI HALT,,,Point,"[86.0283957056, 25.2459362417]"
,JCL,JADCHERLA,,,Point,"[78.141972, 16.752658]"
,DJS,DHURANT JWAS HALT,,,Point,"[86.047715, 25.220474]"
,JYG,JAYNAGAR,,,Point,"[86.134871, 26.589465]"
,SPJ,SAMASTIPUR JN,,,Point,"[85.78736, 25.858304]"
,KRHA,KORAHIA,,,Point,"[86.15361374000001, 26.529839579999997]"
,KJI,KHAJAULI,,,Point,"[86.1614216113, 26.4839415697]"
,GHX,GARHARA,,,Point,"[86.0053080969, 25.4409119004]"
,LLPR,LALIT LAKSHMIPR,,,Point,"[86.1562, 26.436785]"
,RJA,RAJANAGAR,,,Point,"[86.152987, 26.401801]"
,HTZU,HATHIDAH UPPER,,,Point,"[85.987422, 25.351823]"
,MGPI,MANGARPATTI HALT,,,Point,"[86.1100315369, 26.371005066000002]"
,MBI,MADHUBANI,,,Point,"[86.076784, 26.348165]"
,BLRI,BELARI HALT,,,Point,"[85.79465626460001, 25.845989179900002]"
,SPRN,SALEMPUR HALT,,,Point,"[86.0816757483, 26.30637807]"
,UJP,UJIARPUR,,,Point,"[85.799605, 25.780378]"
,PDW,PANDAUL,,,Point,"[86.0866355896, 26.2804866136]"
,NAZJ,NAZIRGANJ,,,Point,"[85.80632700000001, 25.724315]"
,UGNA,UGNA HALT,,,Point,"[86.0925137378, 26.2506466399]"
,BSRA,BASARHIA HALT,,,Point,"[85.8109824023, 25.6921049276]"
,SKI,SAKRI JN,,,Point,"[86.078137, 26.208947000000002]"
,DSS,DALSINGH SARAI,,,Point,"[85.84146519999999, 25.6647486]"
,SSNS,SHAHEED S N SINGH HALT,,,Point,"[86.04289692260001, 26.2010198369]"
,TRS,TARSARAI,,,Point,"[86.013311, 26.194364999999998]"
,BJIH,BIJULI HALT,,,Point,"[85.976126, 26.186676]"
,KKHT,KAKARGHATTI,,,Point,"[85.94826499999999, 26.183484]"
,STJT,SATHAJAGAT,,,Point,"[85.86778899539999, 25.631007269799998]"
,BCA,BACHWARA JN,,,Point,"[85.90014240000001, 25.5812576]"
,DKGS,SIMARIA,,,Point,"[86.014464, 25.411453]"
,MPNH,MAJNUPUR NAWADA,,,Point,"[85.9312678741, 25.5321961227]"
,TGA,TEGHRA,,,Point,"[85.941774, 25.511020000000002]"
,BUJ,BARAUNI FLAG,,,Point,"[85.96507848819999, 25.4735905867]"
,DBG,DARBHANGA JN,,,Point,"[85.907575, 26.157088]"
,LSI,LAHERIA SARAI,,,Point,"[85.903825, 26.110633]"
,TLWA,THALWARA,,,Point,"[85.89750699999999, 26.072734999999998]"
,HYT,HAIAGHAT,,,Point,"[85.87821199999999, 26.020321]"
,RBZ,RAMBHADDARPUR,,,Point,"[85.86518199999999, 25.977172]"
,KSP,KISHANPUR,,,Point,"[85.840384, 25.925351000000003]"
,MKPR,MUKTAPUR,,,Point,"[85.79556, 25.884676]"
,KRPA,KHARIAPIPRA HALT,,,Point,"[86.626717, 25.242819]"
,TALL,TALL JN,,,Point,"[85.9546829749, 25.3787000521]"
,RDUM,RAMPUR DUMRA,,,Point,"[86.0006415784, 25.3308632845]"
,BRYA,BARHIYA,,,Point,"[86.01507679999999, 25.2832026]"
,MKB,MANKATHA,,,Point,"[86.056352, 25.207216]"
,LKR,LUCKEESARAI JN,,,Point,"[86.093210587, 25.1716617005]"
,KIUL,KIUL JN,,,Point,"[86.106198, 25.171504]"
,RMPR,RAMPUR HALT,,,Point,"[86.1406539392, 25.1721586608]"
,DNRE,DHANAURI,,,Point,"[86.1591750293, 25.1719686608]"
,PWBN,PAWAI BROHMASTHAN HALT,,,Point,"[86.1965221936, 25.1712233008]"
,UREN,UREN,,,Point,"[86.2142016541, 25.1712379405]"
,KJH,KAJRA,,,Point,"[86.261571, 25.182766]"
,GIBP,GHOGHI BARIARPUR,,,Point,"[86.3040822156, 25.2058083716]"
,AHA,ABHAIPUR,,,Point,"[86.32307245909999, 25.2159864584]"
,MSDN,MASUDAN,,,Point,"[86.3578830731, 25.2352713892]"
,DRH,DHARHARA,,,Point,"[86.4115380682, 25.2578934114]"
,DRTP,DASHARATHPUR,,,Point,"[86.46453228029999, 25.265181819000002]"
,SRB,SAROBAG,,,Point,"[86.4765552539, 25.273371220999998]"
,JMP,JAMALPUR JN,,,Point,"[86.492285, 25.313906]"
,PATM,PATAM HALT,,,Point,"[86.5327701855, 25.323255198600002]"
,RPUR,RATANPUR,,,Point,"[86.57608, 25.279794000000003]"
,RIKD,RISHIKUND,,,Point,"[86.5623576038, 25.294435959199998]"
,BUP,BARIARPUR,,,Point,"[86.5740372229, 25.2810286076]"
,KPRD,KALYANPUR ROAD,,,Point,"[86.5806353711, 25.275564886399998]"
,KAPP,KHARIAPIPRA HALT,,,Point,"[86.627487, 25.243589]"
,GNNA,GANGANI,,,Point,"[86.593002, 25.265514]"
,KMGH,KAMARGANJ,,,Point,"[86.6457233716, 25.2369518098]"
,SGG,SULTANGANJ,,,Point,"[86.736175, 25.24085]"
,AJUG,ABJUGANJ,,,Point,"[86.775451, 25.242369]"
,MVV,MAHESHI,,,Point,"[86.799239, 25.236912]"
,AKN,AKBARNAGAR,,,Point,"[86.8345333624, 25.234880766899998]"
,CTMP,CHHIT MAKHANPUR,,,Point,"[86.87393632569999, 25.234493190600002]"
,MPY,MURARPUR,,,Point,"[86.886908, 25.232759]"
,NAT,NATHNAGAR,,,Point,"[86.935373, 25.237052000000002]"
,BGP,BHAGALPUR,,,Point,"[86.9767918, 25.241909300000003]"
,SBO,SABAUR,,,Point,"[87.045918, 25.239083]"
,LMM,LAILAKH MAMLKHA,,,Point,"[87.1050667084, 25.21827008]"
,GGA,GHOGA,,,Point,"[87.16086164, 25.2103054225]"
,EKC,EKCHARI,,,Point,"[87.2138658521, 25.227623048199998]"
,CLG,KAHALGAON,,,Point,"[87.2337518945, 25.2621879424]"
,BKSL,BIKRAM SHILA,,,Point,"[87.3002182, 25.30004436]"
,SVRP,SHIVANARAYANPUR,,,Point,"[87.3330938318, 25.2937259592]"
,LKB,LAKSHMIPUR BHORANG,,,Point,"[87.36336, 25.288258000000003]"
,PPT,PIRPAINTI,,,Point,"[87.4218244568, 25.2903753934]"
,AMPL,AMMAPALLI HALT,,,Point,"[87.4585745682, 25.2724414889]"
,MZC,MIRZA CHEUKI,,,Point,"[87.4979796002, 25.2587767836]"
,KRMA,KARAMTOLA,,,Point,"[87.5531429022, 25.2554212612]"
,SBG,SAHIBGANJ JN,,,Point,"[87.63457700000001, 25.241391999999998]"
,SLJ,SAKRIGALI JN,,,Point,"[87.715967, 25.243358999999998]"
,MJP,MOHARAJPUR,,,Point,"[87.74030800000001, 25.219587]"
,KPTO,KARANPUR ATO,,,Point,"[87.7340281628, 25.136401449999997]"
,TLJ,TALJHARI,,,Point,"[87.7416879089, 25.0823504143]"
,KXE,KALIAN CHAK,,,Point,"[87.736758, 25.03452]"
,TPH,TINPAHAR JN,,,Point,"[87.7438070306, 24.996925863999998]"
,DDX,DHAMDHAMIA,,,Point,"[87.7615573059, 24.9603876804]"
,GLY,GOLLAPALLY,,,Point,"[78.157285, 16.818903000000002]"
,SNT,SAINTHIA,,,Point,"[87.68120499999999, 23.949741]"
,GHLE,GADADHARPUR,,,Point,"[87.691891, 24.013197]"
,MLV,MALLARPUR,,,Point,"[87.726275, 24.080029]"
,TPF,TARAPITH ROAD,,,Point,"[87.7522050836, 24.1265252897]"
,RPH,RAMPUR HAT,,,Point,"[87.78214700000001, 24.179797]"
,SDLE,SWADINPUR,,,Point,"[87.822587, 24.253477999999998]"
,NHT,NALHATI JN,,,Point,"[87.83867000000001, 24.295706]"
,CTR,CHATRA,,,Point,"[87.849257, 24.372846]"
,MRR,MURARAI,,,Point,"[87.85865299999999, 24.440886]"
,BSBR,BANSHLAI BRIDGE,,,Point,"[87.862439, 24.502610999999998]"
,RJG,RAJGRAM,,,Point,"[87.86763599999999, 24.544607]"
,NGF,NAGARNABI,,,Point,"[87.8680748517, 24.590321491500003]"
,PKR,PAKUR,,,Point,"[87.856054, 24.638002]"
,TBB,TILBHITA,,,Point,"[87.842581, 24.677287999999997]"
,KLP,KOTALPUKUR,,,Point,"[87.823724, 24.741141]"
,GMAN,GUMANI,,,Point,"[87.8052776343, 24.798952096399997]"
,JTL,JHAPATER DHAL,,,Point,"[87.750181, 23.367646]"
,BPS,BANPAS,,,Point,"[87.74725106999999, 23.40073073]"
,NRX,NOADAR DHAL,,,Point,"[87.745014, 23.433926999999997]"
,GKH,GUSKARA,,,Point,"[87.733397, 23.489998]"
,PCQ,PICHKURIRDHAL,,,Point,"[87.720914, 23.54342]"
,BDH,BHEDIA,,,Point,"[87.711813, 23.586642]"
,BHP,BOLPUR SHANTINIKETAN,,,Point,"[87.698136, 23.657804000000002]"
,PNE,PRANTIK,,,Point,"[87.693501, 23.694435000000002]"
,KPLE,KOPAI,,,Point,"[87.689548, 23.759063]"
,AMP,AHMADPUR JN,,,Point,"[87.6928410938, 23.8325090573]"
,BSLE,BATASPUR,,,Point,"[87.6806814746, 23.8802785594]"
,SKG,SAKTIGARH,,,Point,"[87.971782, 23.205879]"
,GRP,GANGPUR,,,Point,"[87.928116, 23.223525000000002]"
,BWN,BARDDHAMAN JN,,,Point,"[87.87028099999999, 23.249718]"
,PLAE,PALSIT,,,Point,"[88.00322154050001, 23.197030709800003]"
,TIT,TALIT,,,Point,"[87.819122, 23.29331]"
,RSLR,RASULPUR,,,Point,"[88.039994, 23.187229000000002]"
,KAN,KHANA JN,,,Point,"[87.769547, 23.320577]"
,NMF,NIMO,,,Point,"[88.069346, 23.180297999999997]"
,MYM,MEMARI,,,Point,"[88.095637, 23.172935]"
,BDC,BANDEL JN,,,Point,"[88.3793623, 22.9236565]"
,BGF,BAGILA,,,Point,"[88.12200441, 23.16014581]"
,HGY,HOOGHLY,,,Point,"[88.375632, 22.904835]"
,DBP,DEBIPUR,,,Point,"[88.15599765809999, 23.1446129567]"
,CNS,CHUCHURA,,,Point,"[88.3695, 22.890190999999998]"
,BOI,BAINCHI,,,Point,"[88.196286, 23.1191243]"
,CGR,CHANDAN NAGAR,,,Point,"[88.354421, 22.867469999999997]"
,BCGM,BAINCHIGRAM,,,Point,"[88.21629817, 23.10588031]"
,MUU,MANKUNDU,,,Point,"[88.346368, 22.846462000000002]"
,SLG,SIMLAGARH,,,Point,"[88.23121300000001, 23.095679]"
,PDA,PUNDOOAH,,,Point,"[88.270115, 23.070861999999998]"
,BHR,BHADRESHWAR,,,Point,"[88.34153486, 22.8279397]"
,KHN,KHANYAN,,,Point,"[88.314472, 23.046222]"
,BBAE,BAIDYABATI,,,Point,"[88.33203765, 22.79549199]"
,TLO,TALANDU,,,Point,"[88.345088, 23.009788]"
,MUG,MAGRA,,,Point,"[88.36829, 22.983124999999998]"
,SHE,SEORAPHULI,,,Point,"[88.328809, 22.774749]"
,ADST,ADI SAPTAGRAM,,,Point,"[88.378872, 22.95447]"
,SRP,SERAMPORE,,,Point,"[88.338031, 22.753967999999997]"
,RIS,RISHRA,,,Point,"[88.343378, 22.726146]"
,KOG,KONNAGAR,,,Point,"[88.34183442140001, 22.6994528322]"
,HMZ,HIND MOTOR,,,Point,"[88.341605, 22.683736]"
,UPA,UTTARPARA,,,Point,"[88.34131699999999, 22.667652]"
,BLY,BALLY,,,Point,"[88.3406065536, 22.6552655812]"
,BEQ,BELUR,,,Point,"[88.33950084, 22.635912010000002]"
,LLH,LILUAH,,,Point,"[88.339559, 22.621521]"
,SYAE,LILUAH (SORTING YARD),,,Point,"[88.336795, 22.609028]"
,HWHG,HOWRAH GOODS,,,Point,"[88.33468799799999, 22.5900953465]"
,HWH,HOWRAH JN,,,Point,"[88.34099900000001, 22.584077999999998]"
,BKLE,BAKUDI,,,Point,"[87.7749068933, 24.9345107267]"
,BHW,BARHARWA JN,,,Point,"[87.77449299999999, 24.857748]"
,BDLC,BONIDANGA LINK CABIN,,,Point,"[87.798331, 24.822167]"
,KRPU,KORAPUT,,,Point,"[82.719436, 18.792189999999998]"
,KRPB,KORAPUT B CABIN B.H.,,,Point,"[82.72400599999999, 18.797786]"
,DMRT,DUMURIPUT,,,Point,"[82.803933, 18.780367000000002]"
,DMNJ,DAMANJODI,,,Point,"[82.865768, 18.767771]"
,BGUA,BAIGUDA,,,Point,"[82.96578736, 18.827043709999998]"
,KKGM,KAKIRIGUMMA,,,Point,"[83.007309, 18.923382]"
,LKMR,LAXMIPUR ROAD,,,Point,"[83.104298, 19.003986]"
,SGRM,SINGARAM,,,Point,"[83.10500400000001, 19.110931]"
,TKRI,TIKIRI,,,Point,"[83.09910500000001, 19.177667000000003]"
,RUL,RAULI,,,Point,"[83.16728, 19.230268]"
,LLGM,LELIGUMA,,,Point,"[83.208299, 19.304006]"
,BLMK,BHALUMASKA,,,Point,"[83.29429956000001, 19.32812783]"
,SKPI,SIKARPAI,,,Point,"[83.32010335, 19.391899549999998]"
,KTGA,KEUTGUDA,,,Point,"[83.368072, 19.303471000000002]"
,RGDA,RAYAGADA,,,Point,"[83.410505, 19.175642]"
,SPRD,SINGAPURAM ROAD,,,Point,"[83.403066, 19.258673]"
,THV,THERUBALI,,,Point,"[83.42130900000001, 19.335826]"
,BMCK,BISSAMCUTTACK,,,Point,"[83.458973, 19.487437999999997]"
,SNRL,SANSARTALI,,,Point,"[83.47977300000001, 19.529222]"
,MNGD,MUNIGUDA,,,Point,"[83.488343, 19.62753]"
,DKLU,DOIKALLU,,,Point,"[83.48161132000001, 19.74188249]"
,AMB,AMBODALA,,,Point,"[83.45635247989999, 19.8363234649]"
,LJR,LANJIGARH ROAD,,,Point,"[83.4003416858, 19.9434221772]"
,NRLR,NORLA ROAD,,,Point,"[83.373301, 20.041394]"
,RPRD,RUPRA ROAD,,,Point,"[83.330956, 20.08447]"
,KDLR,KANDEL ROAD,,,Point,"[83.27892999999999, 20.126381000000002]"
,KSNG,KESINGA,,,Point,"[83.224709, 20.188102999999998]"
,RRGA,RANGAREDDY GUDA,,,Point,"[78.18083299999999, 16.901936]"
,DPP,DHIRPUR,,,Point,"[76.84405122380001, 30.0663927023]"
,DHMZ,DHOLA MAZRA,,,Point,"[76.854437, 30.120677999999998]"
,SHDM,SHAHBAD MARKNDA,,,Point,"[76.861554, 30.166186]"
,MOY,MOHRI,,,Point,"[76.850054, 30.255264]"
,PGMD,PRAGATI MAIDAN,,,Point,"[77.247277, 28.615267999999997]"
,BJA,BIJROTHA,,,Point,"[78.4216048, 24.9469398]"
,FDB,FARIDABAD,,,Point,"[77.30734799999999, 28.411473]"
,NZM,DELHI H NIZAMUDDIN,,,Point,"[77.254249, 28.587329999999998]"
,TKJ,TILAK BRIDGE,,,Point,"[77.237995, 28.627633]"
,CSB,SHIVAJI BRIDGE,,,Point,"[77.226612, 28.634101]"
,NDLS,NEW DELHI,,,Point,"[77.22000399999999, 28.642314]"
,DSB,DELHI SADAR BAZAR,,,Point,"[77.216852, 28.658656]"
,SZM,SUBZI MANDI,,,Point,"[77.199696, 28.668683]"
,DAZ,DELHI AZADPUR,,,Point,"[77.176713, 28.702645999999998]"
,AMIN,AMIN,,,Point,"[76.900028, 29.904968]"
,DHKR,DHODA KHEDI,,,Point,"[76.842512, 30.018915000000003]"
,CORD,BILASPUR CHORD CABIN,,,Point,"[82.125212, 22.082796000000002]"
,USL,USALAPUR,,,Point,"[82.111546, 22.102548]"
,GTK,GHUTKU,,,Point,"[82.085321, 22.16819]"
,KLTR,KALMITAR,,,Point,"[82.0576347339, 22.2342458973]"
,KGB,KARGI ROAD,,,Point,"[82.026832, 22.297935]"
,SLKR,SALKAROAD,,,Point,"[82.010606, 22.36745]"
,BIG,BELGAHNA,,,Point,"[82.032374, 22.431085]"
,TGQ,TENGANMADA,,,Point,"[81.99575, 22.507027]"
,KGS,KHONGSARA,,,Point,"[81.934151, 22.551352]"
,BHTK,BHANWAR TONK,,,Point,"[81.897794, 22.607916]"
,KOI,KHODRI,,,Point,"[81.93569600000001, 22.665094]"
,SBRA,SARBAHARA,,,Point,"[81.91042900000001, 22.710501999999998]"
,PND,PENDRA ROAD,,,Point,"[81.89917, 22.755824999999998]"
,HRB,HARRI,,,Point,"[81.882604, 22.82794]"
,VKR,VENKATNAGRA,,,Point,"[81.872187, 22.923269]"
,NIQ,NIGAURA,,,Point,"[81.874215, 22.961546000000002]"
,JTI,JAITHARI,,,Point,"[81.7970919489, 23.0451865524]"
,CLF,CHHULHA,,,Point,"[81.73707, 23.106724]"
,APR,ANUPPUR JN,,,Point,"[81.695967, 23.117312]"
,AAL,AMLAI,,,Point,"[81.593507, 23.173469]"
,BUH,BURHAR,,,Point,"[81.528406, 23.213203999999998]"
,CHDX,CHHADA,,,Point,"[81.47142699999999, 23.237624]"
,SNGP,SINGHPUR,,,Point,"[81.4075072687, 23.253960575599997]"
,SDL,SHAHDOL,,,Point,"[81.36407299999999, 23.285961999999998]"
,BDWA,BADHWA BARA,,,Point,"[81.28636818000001, 23.2939334]"
,GGT,GHUNGHUTI,,,Point,"[81.1862407697, 23.3436391121]"
,MDXR,MUDARIA,,,Point,"[81.0950669171, 23.3586036574]"
,BRS,BIRSINGHPUR,,,Point,"[81.0433529, 23.367211700000002]"
,NRZB,NOWROZABAD,,,Point,"[80.980363, 23.394425]"
,KKI,KARKELI,,,Point,"[80.919056, 23.460957]"
,UMR,UMARIA,,,Point,"[80.823244, 23.52273]"
,LOA,LORHA,,,Point,"[80.75161299999999, 23.581228]"
,CHD,CHANDIA ROAD,,,Point,"[80.701436, 23.6454399]"
,VYK,VILAYATKALAN RD,,,Point,"[80.610102, 23.708924]"
,RPD,RUPAUND,,,Point,"[80.573345, 23.731755]"
,JLW,JHALWARA,,,Point,"[80.473608, 23.772191]"
,BABR,BALANAGAR,,,Point,"[78.188891, 16.947622000000003]"
,ULM,URLAM,,,Point,"[83.989515, 18.435565999999998]"
,TIU,TILARU,,,Point,"[84.0726809924, 18.4704858205]"
,HCM,HARISHCHANDRAPURAM,,,Point,"[84.1214378076, 18.4790934357]"
,KBM,KOTABOMMALI,,,Point,"[84.199842, 18.488355]"
,DGB,DINDU GOPALA PURAM HALT,,,Point,"[84.241768, 18.542976]"
,NWP,NAUPADA JN,,,Point,"[84.2829220099, 18.5794097271]"
,RMZ,ROUTHPURAM HALT,,,Point,"[84.3356803912, 18.6209643431]"
,PUN,PUNDI,,,Point,"[84.370679, 18.665917999999998]"
,PSA,PALASA,,,Point,"[84.42209100000001, 18.756782]"
,SUDV,SUMMADEVI,,,Point,"[84.467259, 18.808896999999998]"
,MMS,MANDASA ROAD,,,Point,"[84.494113, 18.840628000000002]"
,BAV,BARUVA,,,Point,"[84.554233, 18.900748]"
,SPT,SOMPETA,,,Point,"[84.58149999999999, 18.981296999999998]"
,JPI,JHADUPUDI,,,Point,"[84.613031, 19.028201]"
,IPM,ICHCHPURAM,,,Point,"[84.680427, 19.110752]"
,SLRD,SURLA ROAD,,,Point,"[84.719145, 19.177016000000002]"
,GTA,GOLANTHRA,,,Point,"[84.740668, 19.219065]"
,BAM,BRAHMAPUR,,,Point,"[84.7966912, 19.2961348]"
,JNP,JAGAN NATHAPUR,,,Point,"[84.8681439825, 19.330648607]"
,NRSP,NARASIMHAPURA,,,Point,"[84.9387492847, 19.3632939389]"
,CAP,CHATRAPUR,,,Point,"[84.97327299999999, 19.3589572]"
,CAPC,CHATRAPUR COURT,,,Point,"[84.982543, 19.358941]"
,GAM,GANJAM,,,Point,"[85.046719, 19.395827]"
,HMA,HUMMA,,,Point,"[85.07588799999999, 19.443283]"
,RBA,RAMBHA,,,Point,"[85.09407900000001, 19.537957]"
,KIT,KHALLIKOT,,,Point,"[85.128091, 19.611204999999998]"
,KLJI,KALIJAI,,,Point,"[85.151414, 19.647603999999998]"
,CLKA,CHILKA,,,Point,"[85.17991400000001, 19.686694]"
,BALU,BALUGAON,,,Point,"[85.200953, 19.747366]"
,SLZ,SOLARI,,,Point,"[85.24778599999999, 19.800255]"
,GNGD,GANGADHARPUR,,,Point,"[85.29323500000001, 19.815673]"
,KUU,KUHURI,,,Point,"[85.3527, 19.859987]"
,KAPG,KALUPARA GHAT,,,Point,"[85.40365100000001, 19.896585]"
,MKTP,MUKETASHWAR,,,Point,"[85.437914, 19.919138]"
,BSDP,BHUSANDPUR,,,Point,"[85.4764825, 19.951792700000002]"
,NKP,NIRAKARPUR,,,Point,"[85.53046400000001, 19.991740999999998]"
,GLBA,GOLABAI,,,Point,"[85.555928, 20.016866]"
,TAP,TAPANG,,,Point,"[85.580989, 20.052879]"
,DLMH,DHAULIMUHAN,,,Point,"[85.60477200000001, 20.079331999999997]"
,KPXR,KAIPADA ROAD,,,Point,"[85.639666, 20.10484]"
,ARGL,ARGUL,,,Point,"[85.67088007, 20.12442672]"
,VSKP,VISHAKAPATNAM,,,Point,"[83.289514, 17.72159]"
,MIPM,MARRIPALEM,,,Point,"[83.252629, 17.7363]"
,SCM,SIMHACHALAM,,,Point,"[83.220449, 17.744667]"
,SCMN,SIMHACHALAM NORTH,,,Point,"[83.209636, 17.752094]"
,PDT,PENDURTI,,,Point,"[83.195211, 17.813498]"
,KTV,KOTTAVALASA,,,Point,"[83.18509999999999, 17.892374999999998]"
,KPL,KANTAKAPALLE,,,Point,"[83.20820499999999, 17.954718999999997]"
,ALM,ALAMANDA,,,Point,"[83.271604, 18.012510000000002]"
,KUK,KORUKONDA,,,Point,"[83.320296, 18.054196]"
,VZM,VIZIANAGRAM JN,,,Point,"[83.39558600000001, 18.111374]"
,NML,NELLIMARIA,,,Point,"[83.456046, 18.183131]"
,GUL,GUJJANGIVALASA,,,Point,"[83.5108882898, 18.230678746400002]"
,GVI,GARIVIDI,,,Point,"[83.5308410095, 18.2732681907]"
,CPP,CHIPURUPALLE,,,Point,"[83.569608, 18.316259000000002]"
,BTVA,BATUVA,,,Point,"[83.62409646, 18.34308678]"
,SGDM,SIGADAM,,,Point,"[83.68144099999999, 18.360601]"
,PDU,PONDURU,,,Point,"[83.776548, 18.362876]"
,DUSI,DUSI,,,Point,"[83.857682, 18.369969]"
,CHE,SRIKAKULAM ROAD,,,Point,"[83.903771, 18.408679]"
,SHNR,SHADNAGAR,,,Point,"[78.213273, 17.064646]"
,CUL,CHULI,,,Point,"[71.340823, 23.006336]"
,SRBR,SURBARI,,,Point,"[70.696477, 23.231063000000002]"
,KCG,KACHEGUDA,,,Point,"[78.499756, 17.389561]"
,MXT,MALAKPET KACHEGUDA,,,Point,"[78.494244, 17.375398]"
,DQR,KACHEGUDA DBR,,,Point,"[78.490284, 17.366083]"
,YAKUT PUR(YKA,YAKUT PUR(YKA,,,,
,HPG,HUPPUGUDA,,,Point,"[78.48196499999999, 17.34071]"
,FM,KACHEGUDA FALAKNUMA,,,Point,"[78.474481, 17.332197]"
,TMX,TIMMAPUR,,,Point,"[78.288344, 17.169347000000002]"
,UR,UMDANAGAR,,,Point,"[78.393143, 17.262932000000003]"
,BDVL,BUDVEL,,,Point,"[78.4245182, 17.3093773]"
,ADI,AHMEDABAD JN,,,Point,"[72.601516, 23.025515]"
,KKF,KANKARIA,,,Point,"[72.607102, 23.008817]"
,MAN,MANI NAGAR,,,Point,"[72.610413, 23.000142]"
,VTA,VATVA,,,Point,"[72.6294363164, 22.959728549199998]"
,GER,GERATPUR,,,Point,"[72.65515099999999, 22.917292]"
,BJD,BAREJADI,,,Point,"[72.6778863, 22.895426699999998]"
,KANJ,KANIL,,,Point,"[72.705473, 22.867203999999997]"
,NEP,NENPUR,,,Point,"[72.725207, 22.847183]"
,MHD,MAHEMDAVAD KHEDA RD,,,Point,"[72.752481, 22.819556000000002]"
,GTE,GOTHAJ,,,Point,"[72.8013557965, 22.759953846400002]"
,ND,NADIAD JN,,,Point,"[72.855718, 22.694105999999998]"
,UTD,UTARSANDA,,,Point,"[72.88880999999999, 22.654716]"
,KBRV,KANJARI BORIYAV,,,Point,"[72.921535, 22.614849]"
,NOL,NIYOL,,,Point,"[72.902305, 21.160311]"
,CHM,CHALTHAN,,,Point,"[72.95617, 21.157909]"
,BGMR,BAGUMRA,,,Point,"[72.996091, 21.149694]"
,GGAR,GANGADHARA,,,Point,"[73.043566, 21.141419000000003]"
,BIY,BARDOLI,,,Point,"[73.1058944, 21.1342405]"
,TBV,TIMBARVA,,,Point,"[73.144398, 21.146312]"
,MGRL,MANGROLLA,,,Point,"[73.182172, 21.156258]"
,MID,MADHI,,,Point,"[73.24268000000001, 21.145672]"
,KRAI,KAHET,,,Point,"[73.294162, 21.137196]"
,LTV,LOTARVA,,,Point,"[73.202399, 21.153797]"
,VYA,VYARA,,,Point,"[73.383847, 21.118142]"
,KKRD,KIKAKUI ROAD,,,Point,"[73.481234, 21.12908]"
,DSD,DOSVADA,,,Point,"[73.502728, 21.130512]"
,USD,UKAI SONGADH,,,Point,"[73.55554, 21.147743]"
,LKKD,LAKKADKOT,,,Point,"[73.603025, 21.163562]"
,BBAI,BHADBHUNJA,,,Point,"[73.693754, 21.166264]"
,NWU,NAVAPUR,,,Point,"[73.771183, 21.166844]"
,KFF,KOLDA,,,Point,"[73.893108, 21.165523]"
,CPD,CHINCHPADA,,,Point,"[73.93924200000001, 21.206379000000002]"
,KHTG,KHATGAON,,,Point,"[73.992081, 21.26417]"
,KBH,KHANDBAARA,,,Point,"[74.101865, 21.324398]"
,BAWD,BHADWAD,,,Point,"[74.09831697, 21.323159150000002]"
,DWD,DHEKVAD,,,Point,"[74.13857, 21.339179]"
,NDB,NANDURBAR,,,Point,"[74.246482, 21.374812]"
,CUE,CHOUPALE,,,Point,"[74.319097, 21.377019]"
,TISI,TISI,,,Point,"[74.364777, 21.382994]"
,RNL,RANALA,,,Point,"[74.47179, 21.372813]"
,DDE,DONDAICHA,,,Point,"[74.563104, 21.331414]"
,VKH,VIKHRAN ROAD,,,Point,"[74.617881, 21.302739000000003]"
,SNSL,SONSHELU,,,Point,"[74.66225600000001, 21.274379]"
,SNK,SINDKHEDA,,,Point,"[74.73536700000001, 21.234022]"
,HOL,HOL,,,Point,"[74.784857, 21.198376]"
,NDN,NARDANA,,,Point,"[74.82874699999999, 21.178209]"
,BEW,BETAVAD,,,Point,"[74.886199, 21.149244]"
,PDP,PADSE,,,Point,"[74.924335, 21.132043]"
,BRTK,BHORTEX,,,Point,"[74.995996, 21.102507999999997]"
,AN,AMALNER,,,Point,"[75.057314, 21.049008999999998]"
,TKHE,TAKARKHEDE,,,Point,"[75.167017, 21.03491]"
,BHNE,BHONE,,,Point,"[75.22247700000001, 21.018946]"
,DXG,DHARANGAON,,,Point,"[75.286092, 21.006447]"
,CHLK,CHAVALKHEDE,,,Point,"[75.352237, 21.024084000000002]"
,PLD,PALDHI,,,Point,"[75.46157, 21.022831999999998]"
,MIB,NAGPUR MOTI BAGH,,,Point,"[79.088986, 21.146062]"
,RVH,RAIPUR R-V BLOCK,,,Point,"[81.64428199999999, 21.26848]"
,MNDH,MANDIR HASAUD,,,Point,"[81.772807, 21.226191999999998]"
,LAE,LAKHOLI,,,Point,"[81.890652, 21.201827]"
,ANMD,ARANG MAHANADI,,,Point,"[81.955513, 21.189614]"
,BLSN,BELSONDA,,,Point,"[82.03562500000001, 21.155027]"
,MSMD,MAHASAMUND,,,Point,"[82.10389, 21.113138000000003]"
,ARN,ARAND,,,Point,"[82.183013, 21.102097]"
,BMKJ,BHIMKHOJ,,,Point,"[82.289327, 21.080325]"
,BGBR,BAGBAHRA,,,Point,"[82.3841486, 21.0462946]"
,KMK,KOMAKHAN,,,Point,"[82.45769200000001, 20.979703]"
,KRAR,KHARIAR ROAD,,,Point,"[82.510513277, 20.901385555799997]"
,NPD,NAWAPARA ROAD,,,Point,"[82.562564, 20.809717]"
,LKNA,LAKHNA,,,Point,"[82.662489, 20.729266]"
,HSK,HARISHANKER RD,,,Point,"[82.7660362524, 20.6267890734]"
,TIG,TITLAGARH,,,Point,"[83.154382, 20.284399]"
,TRKR,TUREKALA ROAD,,,Point,"[82.8147164221, 20.563094809]"
,SFK,SIKIR,,,Point,"[83.199696, 20.337936]"
,KBJ,KANTABANJI,,,Point,"[82.906517, 20.474059]"
,BUDM,BADMAL,,,Point,"[83.27114900000001, 20.384900000000002]"
,MRBL,MURIBAHAL,,,Point,"[83.016704, 20.385885000000002]"
,SFC,SAINTALA,,,Point,"[83.335045, 20.433878]"
,RNBT,RAHENBATA,,,Point,"[83.08993099999999, 20.329013]"
,DFR,DEOGAN ROAD,,,Point,"[83.430063, 20.554779]"
,BLGR,BALANGIR,,,Point,"[83.494207, 20.688591]"
,BNRD,BALANGIR ROAD,,,Point,"[83.498557, 20.715094]"
,LSX,LOISINGHA,,,Point,"[83.514083, 20.852667]"
,KHPL,KHALIPALI,,,Point,"[83.536231, 20.950218]"
,DJX,DUNGRIPADI,,,Point,"[83.559213, 21.060872999999997]"
,BRPL,BARPALI,,,Point,"[83.59487580000001, 21.183637700000002]"
,BRGA,BARGARH ROAD,,,Point,"[83.642586, 21.332902999999998]"
,ATS,ATTABIRA,,,Point,"[83.792637, 21.388039]"
,GBQ,GODBHAGA,,,Point,"[83.856969, 21.416457]"
,HKG,HIRAKUD,,,Point,"[83.905097, 21.479827]"
,JSRY,JHARSUGUDA R YARD,,,Point,"[84.0718776697, 21.8876435594]"
,DTV,DHUTRA,,,Point,"[84.09109799999999, 21.896881999999998]"
,PNPL,PANPALI,,,Point,"[84.139173, 21.915685999999997]"
,BEH,BAGDIHI,,,Point,"[84.18631, 21.951046]"
,DIH,DHARUADIHI,,,Point,"[84.223691, 21.995145]"
,BMB,BAMRA,,,Point,"[84.291044, 22.051355]"
,TGM,TANGARMUNDA,,,Point,"[84.35861200000001, 22.09407]"
,GPH,GARPOS,,,Point,"[84.418434, 22.134204]"
,SOGR,SOGRA,,,Point,"[84.459478, 22.153756]"
,SXN,SONAKHAN,,,Point,"[84.519562, 22.166579000000002]"
,GP,RAJ GANGPUR,,,Point,"[84.58205099999999, 22.186062000000003]"
,KXN,KANSHBAHAL,,,Point,"[84.66628899999999, 22.215278]"
,TLHR,TALCHER,,,Point,"[85.200385, 20.932262]"
,TLTM,TALCHER THERMAL,,,Point,"[85.21416081, 20.91053519]"
,TTPT,TALCHER THERMAL,,,Point,"[85.21712600000001, 20.905032]"
,KLG,KALUNGA,,,Point,"[84.73367300000001, 22.222144]"
,PPO,PANPOSH,,,Point,"[84.804627, 22.228538]"
,ROU,ROURKELA,,,Point,"[84.86313200000001, 22.22844]"
,BNDM,BONDAMUNDA,,,Point,"[84.92505809999999, 22.2355174]"
,BGKA,BANGURKELA,,,Point,"[84.9552704382, 22.3505683976]"
,BSPK,BISPUR,,,Point,"[84.9464074011, 22.3740198995]"
,NXN,NUAGAON,,,Point,"[84.94203300000001, 22.386583]"
,ORGA,ORGA,,,Point,"[84.91578, 22.448548]"
,PBB,PARBATONIA,,,Point,"[84.949201, 22.497616999999998]"
,TATI,TATI,,,Point,"[84.918457, 22.558381999999998]"
,BRBR,BARBERA,,,Point,"[84.8694214429, 22.5755618647]"
,KNRN,KANAROAN,,,Point,"[84.877026, 22.600484]"
,BANO,BANO,,,Point,"[84.90298541140001, 22.6647837973]"
,MCZ,MAHABUANG,,,Point,"[84.9352760571, 22.7199286684]"
,KRKR,KURKURA,,,Point,"[84.931238, 22.763217]"
,PKC,PAKRA,,,Point,"[84.93690600000001, 22.828158]"
,PKF,POKLA,,,Point,"[84.951364, 22.89496]"
,BKPR,BAKASPUR,,,Point,"[84.9537296552, 22.9810196446]"
,JGX,JARIAGARH,,,Point,"[84.9866928088, 23.0088422742]"
,GBX,GOVINDPUR ROAD,,,Point,"[85.0435794019, 23.061857490599998]"
,KRRA,KARRA,,,Point,"[85.1327416565, 23.1219323537]"
,BNGO,BINGAON,,,Point,"[85.1658139636, 23.1666884029]"
,LOM,LODHMA,,,Point,"[85.2001212549, 23.2233502762]"
,BLRG,BALASIRING,,,Point,"[85.2812029169, 23.2691273563]"
,HTE,HATIA,,,Point,"[85.308218, 23.311612999999998]"
,ITR,ITWARI,,,Point,"[79.11923700000001, 21.157819]"
,MTD,MERTA ROAD JN,,,Point,"[73.917896, 26.728077000000003]"
,KQW,KHEDULI,,,Point,"[74.014573, 26.759393000000003]"
,REN,REN,,,Point,"[74.07446200000001, 26.788798]"
,JAC,JALSU,,,Point,"[74.194547, 26.844883]"
,JACN,JALSU NANAK,,,Point,"[74.250429, 26.868694]"
,DNA,DEGANA JN,,,Point,"[74.316388, 26.897349]"
,GCH,GACHHIPURA,,,Point,"[74.454426, 26.953522]"
,BSRL,BESROLI,,,Point,"[74.560725, 26.990674000000002]"
,BOW,BORAWAR,,,Point,"[74.66939656189999, 27.0283068063]"
,MKN,MAKRANA JN,,,Point,"[74.72314899999999, 27.037532]"
,KMNC,KUCHAMAN CITY,,,Point,"[74.8514568066, 27.0535465396]"
,THMR,THATHANA MITHRI,,,Point,"[74.8979728705, 27.055138193999998]"
,NYK,NAYA KHARADIA,,,Point,"[74.93509671199999, 27.0383856624]"
,NAC,NAWA CITY,,,Point,"[74.99883200000001, 27.029479]"
,GVMR,GOVINDI MARWAR,,,Point,"[75.093144, 27.03169]"
,GA,GUDHA,,,Point,"[75.128292, 26.950042]"
,SBR,SAMBHAR LAKE,,,Point,"[75.179915, 26.904308]"
,FL,PHULERA JN,,,Point,"[75.24545599999999, 26.872814]"
,HDA,HIRNODA,,,Point,"[75.327459, 26.885336000000002]"
,DHND,DHINDA,,,Point,"[75.361206, 26.890931]"
,JU,JODHPUR JN,,,Point,"[73.02319, 26.283765]"
,RKB,RAIKA BAGH,,,Point,"[73.039744, 26.291628000000003]"
,JUCT,JODHPUR CANTT,,,Point,"[73.075277, 26.304264]"
,BNO,BANAR,,,Point,"[73.146431, 26.33951]"
,JWL,JAJIWAL,,,Point,"[73.2228278314, 26.3680583662]"
,AAS,ASRANADA,,,Point,"[73.30532500000001, 26.397374]"
,KSW,KHERI SALWA,,,Point,"[73.3907543195, 26.4285105345]"
,PPR,PIPAR ROAD JN,,,Point,"[73.448703, 26.452849999999998]"
,SWF,SATHIN ROAD,,,Point,"[73.509748, 26.48978]"
,UMED,UMED,,,Point,"[73.605896, 26.549322]"
,KXG,KHARIA KHANGARH,,,Point,"[73.686313, 26.609843]"
,GOTN,GOTAN,,,Point,"[73.737284, 26.652200999999998]"
,JOM,JOGI MAGRA,,,Point,"[73.818142, 26.697862]"
,SWM,SAWAI MADHOPUR,,,Point,"[76.35622, 26.018279]"
,KTA,KUSHTALA,,,Point,"[76.326705, 25.961351]"
,RWJ,RAWANIA DUNGAR,,,Point,"[76.313705, 25.887841]"
,AMLI,AMLI,,,Point,"[76.286156, 25.828156]"
,JOB,ASALPUR JOBNER,,,Point,"[75.423467, 26.900084]"
,IDG,INDARGARH,,,Point,"[76.232938, 25.727874]"
,BOBS,BOBAS,,,Point,"[75.4980458, 26.9056364]"
,SHNX,SHEO SINGH PURA,,,Point,"[75.567278, 26.913378]"
,LKE,LAKHERI,,,Point,"[76.192147, 25.639864]"
,MSO,MISROD,,,Point,"[77.45804600000001, 23.168701000000002]"
,HBJ,HABIBGANJ,,,Point,"[77.43942899999999, 23.221979]"
,BPL,BHOPAL JN,,,Point,"[77.4131428577, 23.266884384300003]"
,BIH,BAIRAGARH,,,Point,"[77.33622, 23.273607199999997]"
,BQE,BAKANIAN BHAUNR,,,Point,"[77.252499, 23.261737]"
,LBN,LABAN,,,Point,"[76.207965, 25.574304]"
,KPZ,KAPREN,,,Point,"[76.08649199999999, 25.444815000000002]"
,KTSC,KOTA JN SOUTH C,,,Point,"[75.88511100000001, 25.198051]"
,DKNT,DAKANIYA TALAV,,,Point,"[75.865501, 25.145187999999997]"
,DDV,DADHDEVI,,,Point,"[75.898016, 25.077840000000002]"
,ALNI,ALNIYA,,,Point,"[75.90874587280001, 25.0316757156]"
,DKQ,DHANI KASAR,,,Point,"[75.93221182010001, 24.9874595619]"
,RDT,RAVTHA ROAD,,,Point,"[75.958203, 24.933449]"
,DARA,DARA,,,Point,"[76.005784, 24.832608999999998]"
,KIW,KANWALPURA,,,Point,"[75.98301000000001, 24.788625]"
,MKX,MORAK,,,Point,"[75.97333900000001, 24.730953]"
,RMA,RAMGANJ MANDI,,,Point,"[75.939411, 24.644606]"
,JHW,JHALAWAR ROAD,,,Point,"[75.919686, 24.541893]"
,DKRA,DHUANKHERI,,,Point,"[75.89805, 24.504973000000003]"
,BWM,BHAWANI MANDI,,,Point,"[75.82981, 24.419472000000003]"
,KRLS,KURLAS,,,Point,"[75.7260090143, 24.354200582]"
,GOH,GAROT,,,Point,"[75.68432197690001, 24.2790919912]"
,SGZ,SHAMGARH,,,Point,"[75.642842, 24.191141000000002]"
,HNU,HANSPURA,,,Point,"[75.64670478090001, 24.1312068327]"
,SVA,SUWASRA,,,Point,"[75.64834400000001, 24.069844]"
,NKH,NATHUKHERI,,,Point,"[75.64345572270001, 24.0200433795]"
,CMU,CHAU MAHLA,,,Point,"[75.60086100000001, 23.948204999999998]"
,TLZ,TALAVLI,,,Point,"[75.596821, 23.903499]"
,THUR,THURIA,,,Point,"[75.55457, 23.833165]"
,VMA,VIKRAMGARH ALOT,,,Point,"[75.53837899999999, 23.765121]"
,LNR,LUNI RICHHA,,,Point,"[75.51367, 23.660393]"
,MEP,MAHIDPUR ROAD,,,Point,"[75.500338, 23.567509]"
,RLK,ROHAL KHURD,,,Point,"[75.460561, 23.482264]"
,PUD,PHANDA,,,Point,"[77.189255, 23.232986]"
,PNWN,PACHWAN,,,Point,"[77.128302, 23.208785000000002]"
,DNK,DHANAKYA,,,Point,"[75.605607, 26.91819]"
,SEH,SEHORE,,,Point,"[77.07788199999999, 23.215095]"
,BDYK,BINDAYAKA,,,Point,"[75.659572, 26.924224]"
,KKU,KANAKPURA,,,Point,"[75.702559, 26.92883]"
,BKTL,BAKTAL,,,Point,"[77.038514, 23.234083000000002]"
,PRB,PARBATI,,,Point,"[77.012393, 23.250527]"
,JBX,JABRI,,,Point,"[76.889341, 23.294103999999997]"
,KPP,KALAPIPAL,,,Point,"[76.834002, 23.332775]"
,CKOD,CHAKROD,,,Point,"[76.779716546, 23.3530905936]"
,SJP,SHUJALPUR,,,Point,"[76.72347500000001, 23.381235999999998]"
,UJN,UJJAIN JN,,,Point,"[75.781403, 23.178154]"
,MQE,MOHAMMADKHERA,,,Point,"[76.665757, 23.384268]"
,AKD,AKODIA,,,Point,"[76.599245, 23.378255]"
,BLX,BOLAI,,,Point,"[76.4864047449, 23.361400652599997]"
,KSH,KALI SINDH,,,Point,"[76.430306, 23.344476]"
,KONY,KISONI,,,Point,"[76.371773, 23.301733000000002]"
,BCH,BERCHHA,,,Point,"[76.33419289999999, 23.282480800000002]"
,PUO,PIR UMROD,,,Point,"[76.2299643091, 23.2558608677]"
,MKC,MAKSI,,,Point,"[76.159116, 23.251625]"
,SVT,SHIVPURA,,,Point,"[76.0076378418, 23.2563508677]"
,TJP,TAJPUR,,,Point,"[75.9235679364, 23.2169677672]"
,PLW,PINGLESHWAR,,,Point,"[75.8603440417, 23.2111360434]"
,UJNC,UJN C CABIN,,,Point,"[75.801153, 23.184543]"
,DPZ,DEVPURA,,,Point,"[76.251747, 26.03271]"
,SURL,SURELI,,,Point,"[76.077102, 26.118939]"
,ISA,ISARDA,,,Point,"[76.030637, 26.170515]"
,SRAS,SIRAS,,,Point,"[76.00108138670001, 26.2571138478]"
,BNLW,BANSTHALI NIWAI,,,Point,"[75.93511006349999, 26.383927808699998]"
,CHNN,CHANNANI,,,Point,"[75.920457, 26.49509]"
,CKS,CHAKSU,,,Point,"[75.910778, 26.592917999999997]"
,SAS,SHIVDASPURA PADAMPURA,,,Point,"[75.88328200000001, 26.71363]"
,BTSD,BHATISUDA,,,Point,"[75.421478, 23.392187]"
,PPG,PIPLODA BAGLA,,,Point,"[75.433639, 23.357472]"
,UNL,UNHEL,,,Point,"[75.472209, 23.316776]"
,PSO,PALSORA MAKRAWA,,,Point,"[75.5315691821, 23.260650211799998]"
,ASL,ASLAODA,,,Point,"[75.60816015629999, 23.231264309]"
,GRFB,GAMBHIR BR,,,Point,"[75.637187, 23.226323]"
,NKI,NAIKHERI,,,Point,"[75.689198, 23.196778]"
,SNGN,SANGANER,,,Point,"[75.772245, 26.814113]"
,DPA,DURGAPURA,,,Point,"[75.786436, 26.855947]"
,BSGD,BAIS GODAM,,,Point,"[75.7898479, 26.90199441]"
,GNQ,GODHANI,,,Point,"[79.068176, 21.21103]"
,BWRA,BHARATWADA,,,Point,"[79.0171081, 21.231695]"
,KSWR,KALMESHWAR,,,Point,"[78.91586099999999, 21.229072]"
,KOHL,KOHLI,,,Point,"[78.807616, 21.273749]"
,SNKB,SONKHAMB,,,Point,"[78.725612, 21.274259]"
,MER,METPANJRA,,,Point,"[78.65915899999999, 21.26917]"
,KATL,KATOL,,,Point,"[78.590664, 21.263201]"
,KLBA,KALAMBHA,,,Point,"[78.558413, 21.344635]"
,TNH,TINKHEDA,,,Point,"[78.523446, 21.407727]"
,NRKR,NARKHER,,,Point,"[78.52481399999999, 21.468725]"
,DDMT,DARIMETA,,,Point,"[78.5411, 21.536803]"
,PAR,PANDHURNA,,,Point,"[78.525394, 21.589996]"
,TEO,TEEGAON,,,Point,"[78.460308, 21.637046]"
,GDKP,GHUNDANKHAPA,,,Point,"[78.42563, 21.655105000000002]"
,CCD,CHICHONDA,,,Point,"[78.352032, 21.709709]"
,HTN,HATNA PUR,,,Point,"[78.334344, 21.761852]"
,MTY,MULTAI,,,Point,"[78.26283000000001, 21.783543]"
,AMLA,AMLA JN,,,Point,"[78.123187, 21.919717000000002]"
,MALK,MALKAPUR ROAD,,,Point,"[77.967468, 21.904426]"
,BZU,BETUL,,,Point,"[77.90589700000001, 21.896393]"
,MJY,MARAMJHIRI,,,Point,"[77.883002, 21.946123]"
,DHQ,DHARAKHOH,,,Point,"[77.949934, 22.009297]"
,GDYA,GHORADONGRI,,,Point,"[78.001987, 22.126423]"
,BBTR,BARBATPUR,,,Point,"[77.920758, 22.197033]"
,MGRD,MAGARDOH,,,Point,"[77.894738, 22.248104]"
,DOH,DHODRA MOHAR,,,Point,"[77.875226, 22.281504]"
,POX,POLA-PATTHAR,,,Point,"[77.85334900000001, 22.347657]"
,KQE,KALA AKHAR,,,Point,"[77.818115, 22.394548999999998]"
,SAHL,SAHELI,,,Point,"[77.819849, 22.488281]"
,TAKU,TAKU,,,Point,"[77.8158087866, 22.5155599418]"
,KSLA,KESLA,,,Point,"[77.8065090723, 22.541216959]"
,KRTH,KIRATGARH,,,Point,"[77.77251, 22.538155]"
,JHP,JUHJARPUR,,,Point,"[77.755836, 22.598117000000002]"
,HN,HATHBANDH,,,Point,"[81.846233, 21.632219]"
,BYT,BHATAPARA,,,Point,"[81.946062, 21.732464]"
,NPI,NIPANIA,,,Point,"[82.044275, 21.826434]"
,DGS,DAGORI,,,Point,"[82.069143, 21.905693]"
,SLRA,SARALA,,,Point,"[84.017534, 21.511822]"
,SSN,SASON,,,Point,"[84.03917034669999, 21.5595350543]"
,RGL,RENGALI,,,Point,"[84.042299, 21.636895]"
,LPG,LAPANGA,,,Point,"[84.03998, 21.732794]"
,BXQ,BRUNDAMAL,,,Point,"[84.016216, 21.806503000000003]"
,JSGR,JHARSUGUDA ROAD,,,Point,"[84.010526, 21.850125]"
,BBSN,BHUBANESWAR NEW,,,Point,"[85.83518699999999, 20.382175]"
,GBK,GOPALPUR BALKDA,,,Point,"[85.87790899999999, 20.432634999999998]"
,KTJI,KATHA JORI,,,Point,"[85.896353, 20.45107]"
,CTC,CUTTACK,,,Point,"[85.90156, 20.466587999999998]"
,KNPR,KENDRAPARA ROAD,,,Point,"[85.917437, 20.498481]"
,NRG,NERGUNDI,,,Point,"[85.959078, 20.538381]"
,MZY,MACHAPUR,,,Point,"[85.768912, 20.569003]"
,GJTA,GARUDIJHATIA,,,Point,"[85.828478, 20.570067]"
,BDPG,BADA PADAGAON,,,Point,"[85.87382799, 20.570588309999998]"
,CBT,CHARBATIA,,,Point,"[85.9113306, 20.569383900000002]"
,SQQ,SALAGAON,,,Point,"[85.957487, 20.56434]"
,SVK,SIVARAKOTTAI,,,Point,"[77.986107, 9.738427999999999]"
,SLGM,SANKARALINGAPRM,,,Point,"[77.88414, 9.524914]"
,CPM,CHOLAPURAM,,,Point,"[77.57086691235357, 9.354660443863636]"
,MDU,MADURAI JN,,,Point,"[78.11031399999999, 9.919907]"
,TDN,TIRUPARANKNDRM,,,Point,"[78.065958, 9.879446999999999]"
,TMQ,TIRUMANGALAM,,,Point,"[77.99090199999999, 9.824778]"
,KGD,KALLIGUDI,,,Point,"[77.97402, 9.695381000000001]"
,VPT,VIRUDUNAGAR JN,,,Point,"[77.95773700000001, 9.596405]"
,SCT,SENGOTTAI,,,Point,"[77.24185, 8.9874125]"
,TSI,TENKASI JN,,,Point,"[77.30733799999999, 8.963993]"
,KDNL,KADAYNALLUR,,,Point,"[77.36319769999999, 9.085394]"
,PBKS,PAMBA KOVIL SHANDY,,,Point,"[77.431001, 9.130538]"
,SNKL,SANKARANKOVIL,,,Point,"[77.525924, 9.176539]"
,RJPM,RAJAPALAYAM,,,Point,"[77.561026, 9.452404]"
,SVPR,SRIVILLIPUTTUR,,,Point,"[77.64494, 9.497497]"
,SVKS,SIVAKASI,,,Point,"[77.78924400000001, 9.463321]"
,TTL,TIRUTTANGAL,,,Point,"[77.8108864374, 9.4772991528]"
,MKSP,MUKHASA PARUR,,,Point,"[79.240919, 11.566638000000001]"
,KKTI,KUTTAKUDI,,,Point,"[79.154962, 11.591907]"
,PRV,PUKKIRIVARI,,,Point,"[78.989079, 11.633792]"
,SRVT,SIRUVATTUR,,,Point,"[78.943922, 11.636294000000001]"
,CHSM,CHINNA SALEM,,,Point,"[78.873821, 11.631062]"
,MLYR,MELNARIYAPANUR,,,Point,"[78.814791, 11.615910999999999]"
,TVS,TALAIVASAL,,,Point,"[78.75084, 11.596392]"
,ATU,ATTUR,,,Point,"[78.592092, 11.594788]"
,PDKM,PEDANAYAKANPALAYAM,,,Point,"[78.5053, 11.647063000000001]"
,MGSJ,MAGNESITE JN,,,Point,"[78.096286, 11.696253]"
,ETP,ETTAPUR ROAD,,,Point,"[78.468545, 11.651009]"
,SA,SALEM JN,,,Point,"[78.113415, 11.671726000000001]"
,VGE,VALAPPADI G HLT,,,Point,"[78.400452, 11.654623999999998]"
,MPLI,MINNAMPALLI,,,Point,"[78.2849851605, 11.671079675900002]"
,APN,AYODHYAPATTANAM,,,Point,"[78.233642, 11.671392]"
,SLME,SALEM EAST,,,Point,"[78.178121, 11.662932]"
,SXT,SALEM TOWN,,,Point,"[78.162096, 11.660046]"
,SAMT,SALEM MARKET,,,Point,"[78.142621, 11.654084]"
,OML,OMALUR,,,Point,"[78.04678001590001, 11.7385543]"
,TOS,TOLASAMPATTI,,,Point,"[77.979547, 11.761619]"
,MCRD,MECHERI ROAD,,,Point,"[77.921857, 11.804210999999999]"
,MTDM,METUR DAM,,,Point,"[77.83200799999999, 11.807081]"
